post_tran_id,post_tran_cust_id,settle_entity_id,batch_nr,prev_post_tran_id_fast,next_post_tran_id_fast,sink_node_name,tran_postilion_originated,message_type,tran_type,tran_nr,system_trace_audit_nr,rsp_code_req,rsp_code_rsp,abort_rsp_code,auth_id_rsp,auth_type,auth_reason_char,retention_data,acquiring_inst_id_code,message_reason_code,sponsor_bank,retrieval_reference_nr,datetime_tran_gmt,datetime_tran_local,datetime_req,datetime_rsp,realtime_business_date,recon_business_date,from_account_type,to_account_type,from_account_id,to_account_id,tran_amount_req,tran_amount_rsp,settle_amount_impact,tran_cash_req,tran_cash_rsp,tran_currency_code,tran_tran_fee_req,tran_tran_fee_rsp,tran_tran_fee_currency_code,tran_proc_fee_req,tran_proc_fee_rsp,tran_proc_fee_currency_code,settle_amount_req,settle_amount_rsp,settle_cash_req,settle_cash_rsp,settle_tran_fee_req,settle_tran_fee_rsp,settle_proc_fee_req,settle_proc_fee_rsp,settle_currency_code,icc_data_req,icc_data_rsp,pos_entry_mode,pos_condition_code,additional_rsp_data,structured_data_req,structured_data_rsp,tran_reversed,prev_tran_approved,issuer_network_id,acquirer_network_id,extended_tran_type,ucaf_data,from_account_type_qualifier,to_account_type_qualifier,bank_details,payee,card_verification_result,online_system_id,participant_id,opp_participant_id,receiving_inst_id_code,routing_type,source_node_key,proc_online_system_id,pos_geographic_data,payer_account_id,cvv_available_at_auth,cvv2_available_at_auth,network_program_id_actual,network_program_id_min,network_fee_actual,network_fee_min,network_fee_max,credit_debit_conversion,tran_nr_prev,source_node_name,draft_capture,pan,card_seq_nr,expiry_date,service_restriction_code,terminal_id,terminal_owner,card_acceptor_id_code,mapped_card_acceptor_id_code,merchant_type,card_acceptor_name_loc,address_verification_data,address_verification_result,check_data,totals_group,card_product,pos_card_data_input_ability,pos_cardholder_auth_ability,pos_card_capture_ability,pos_operating_environment,pos_cardholder_present,pos_card_present,pos_card_data_input_mode,pos_cardholder_auth_method,pos_cardholder_auth_entity,pos_card_data_output_ability,pos_terminal_output_ability,pos_pin_capture_ability,pos_terminal_operator,pos_terminal_type,pan_search,pan_encrypted,pan_reference,mapped_terminal_id,mapped_extd_ca_term_id,mapped_extd_ca_id_code,ca_additional_data,ca_retailer_phone_nr,ca_street_address,pan_encrypted_wide,extended_payment_code,linking_server_id,trace_id,online_batch_nr,correlation_id,pos_seq_nr,pos_operator_id,pos_term_id,pos_transaction_id,ticket_details,OTC,OTS,OTE,settlement_flag,settlement_date,settlement_DR_CR_flag,settlement aging days,Source_APIs_Name,Dest_APIs_Name,SUB-BATCH_NR,tran_nr_rel_id,txn_ref_ID,Src_Ref_Id,transaction_narration,transaction_DR_CR_Flag,prv_host_bal,cur_host_bal,prv_chip_bal,cur_chip_bal,fee_type,fee_amount,gst_tax_amount,total_fee,IFT_sent_flag,IFT_req_datetime,IFT_rsp_datetime,GL_debit_account,GL_credit_account,Card_crn_bar_code,product_ID_code,adjustment_maker_id,adjustment_checker_id
4963851938,2530640577,1927354,534,NULL,NULL,ISSWLAATM2,0,0200,01,2504922060,002236,NULL,00,NULL,098587,1,1,NULL,NULL,NULL,WLA     ,002504922060,2025-12-27 09:14:32.000,2025-12-27 14:44:32.000,2025-12-27 14:44:32.070,2025-12-27 14:44:32.407,2025-12-27 00:00:00.000,2025-12-27 00:00:00.000,10,00,0184131000058,NULL,20000,20000,-20000,20000,20000,356,0,0,356,0,0,356,20000,20000,20000,20000,0,0,0,0,356,"<?xml version=""1.0"" encoding=""ISO-8859-1""?><IccData><IccRequest><AmountAuthorized>000000020000</AmountAuthorized><AmountOther>000000000000</AmountOther><ApplicationIdentifier>A0000000041010</ApplicationIdentifier><ApplicationInterchangeProfile>1900</ApplicationInterchangeProfile><ApplicationTransactionCounter>00BB</ApplicationTransactionCounter><ChipConditionCode>0</ChipConditionCode><Cryptogram>8C9F8A6CD646A598</Cryptogram><CryptogramInformationData>80</CryptogramInformationData><CvmResults>420300</CvmResults><InterfaceDeviceSerialNumber>60810688</InterfaceDeviceSerialNumber><IssuerApplicationData>1110A00003220000000000000000000000FF</IssuerApplicationData><TerminalCapabilities>604000</TerminalCapabilities><TerminalCountryCode>356</TerminalCountryCode><TerminalType>14</TerminalType><TerminalVerificationResult>8000048000</TerminalVerificationResult><TransactionCurrencyCode>356</TransactionCurrencyCode><TransactionDate>251227</TransactionDate><TransactionType>01</TransactionType><UnpredictableNumber>F76C64C2</UnpredictableNumber></IccRequest></IccData>","<?xml version=""1.0"" encoding=""ISO-8859-1""?><IccData><IccResponse><IssuerAuthenticationData>3A0B4D5833F560020010</IssuerAuthenticationData></IccResponse></IccData>",051,00,NULL,211MediaTotals3212<MediaTotals><Totals><Amount>142970000</Amount><Currency>356</Currency><MediaClass>Cash</MediaClass></Totals><Totals><Amount>0</Amount><Currency>000</Currency><MediaClass>Cards</MediaClass></Totals></MediaTotals>218Postilion:MetaData3107211MediaTotals111212MediaBatchNr111223ICC_DEDICATED_FILE_NAME111217AdditionalEmvTags111214AdditionalInfo111212MediaBatchNr1842341351223ICC_DEDICATED_FILE_NAME214A0000000041010217AdditionalEmvTags3526<AdditionalEmvTags><EmvTag><TagId>50</TagId><TagValue>4465626974204D617374657263617264</TagValue></EmvTag><EmvTag><TagId>9F12</TagId><TagValue>4445424954204D415354455243415244</TagValue></EmvTag><EmvTag><TagId>5F34</TagId><TagValue>00</TagValue></EmvTag><EmvTag><TagId>9F40</TagId><TagValue>EE00B053FF</TagValue></EmvTag><EmvTag><TagId>87</TagId><TagValue>01</TagValue></EmvTag><EmvTag><TagId>84</TagId><TagValue>A0000000041010</TagValue></EmvTag><EmvTag><TagId>9B</TagId><TagValue>6800</TagValue></EmvTag></AdditionalEmvTags>214AdditionalInfo3249<AdditionalInfo><Transaction><OpCode>A  B   A</OpCode></Transaction><Download><ATMConfigID>0016</ATMConfigID><AtmAppConfigID>0016</AtmAppConfigID><LoadsetGroup>NO_RP_2LG</LoadsetGroup><DownloadApp>AppWLA_EMV</DownloadApp></Download></AdditionalInfo>,218Postilion:MetaData21217NFS_RRN11117NFS_RRN212536114921990,0,0,NULL,NULL,NULL,NULL,1,0,NULL,NULL,NULL,3,69,NULL,NULL,1,MPZ025230022365121444321227,3,01911831004   356,NULL,0,0,NULL,NULL,NULL,NULL,NULL,NULL,NULL,AAPWLA2,0,528677******9385,000,2711,226,MPZ02523,HITACHI_WLA2,MPZ02523       ,MPZ02523       ,6011,NEAR RAILWAY CROSSING  GADHRA       JHIN,NULL,NULL,NULL,NFSWLATG,NFSWLA,8,1,0,2,0,1,5,1,3,3,4,6,0,02,583900000,01G1066PKIGRE4495N,02290030E9618E44827139B35405967E5C83277CDB,MPZ02523,NULL,NULL,NULL,NULL,NULL,NULL,NULL,NULL,NULL,NULL,NULL,NULL,NULL,NULL,NULL,KC12132,10,10,10,,,,,,,,,,,,,,,,,,,,,,,,,,,,,
4963851939,2530640573,1898897,0,NULL,NULL,ISSAIRTEL,1,0220,00,2504922056,118591,00,00,NULL,NULL,0,0,NULL,720532,1006,NULL,004778118591,2025-12-27 14:44:31.000,2025-12-25 09:37:25.000,2025-12-27 14:44:31.880,2025-12-27 14:44:32.037,2025-03-22 00:00:00.000,2024-03-22 00:00:00.000,30,00,1115081230,NULL,3870,3870,-3870,0,0,356,0,0,356,0,0,356,3870,3870,0,0,0,0,0,0,356,"<?xml version=""1.0"" encoding=""ISO-8859-1""?><IccData><IccRequest><AmountAuthorized>000000003870</AmountAuthorized><AmountOther>000000000000</AmountOther><ApplicationInterchangeProfile>1900</ApplicationInterchangeProfile><ApplicationTransactionCounter>00B4</ApplicationTransactionCounter><Cryptogram>FFABEDE46C03797D</Cryptogram><CryptogramInformationData>40</CryptogramInformationData><IssuerApplicationData>0FB50194000000201400000000000352400000000391100000</IssuerApplicationData><TerminalCapabilities>000808</TerminalCapabilities><TerminalCountryCode>356</TerminalCountryCode><TerminalVerificationResult>0000000000</TerminalVerificationResult><TransactionCurrencyCode>356</TransactionCurrencyCode><TransactionType>00</TransactionType><UnpredictableNumber>7609A0D8</UnpredictableNumber></IccRequest></IccData>","<?xml version=""1.0"" encoding=""ISO-8859-1""?><IccData><IccResponse/></IccData>",070,00,NULL,218Postilion:MetaData281213RGCS_FileName11113CRN111226Postilion:ActiveActiveData111216txnlocaldatetime111213RGCS_FileName221052AIRP7530006253600013CRN2191000000000003378230226Postilion:ActiveActiveData242223PostCard:PostedDateTime2131766826871000216txnlocaldatetime212251225093725,"218Postilion:MetaData3113213RGCS_FileName11113CRN111226Postilion:ValidationResult111226Postilion:ActiveActiveData111216txnlocaldatetime111213RGCS_FileName221052AIRP7530006253600013CRN2191000000000003378230226Postilion:ValidationResult3301<ValidationResult><Result validator=""PC_CVR"">PASS</Result><Result validator=""PC_ATC"">SKIP</Result><Result validator=""PC_TVR"">PASS</Result><Result validator=""PC_PIN_INTEGRITY"">SKIP</Result><Result validator=""PC_CARD_STATE"">PASS</Result><Result validator=""PC_CRYPTOGRAM"">FAIL</Result></ValidationResult>226Postilion:ActiveActiveData242223PostCard:PostedDateTime2131766826871000216txnlocaldatetime212251225093725",0,0,NULL,NULL,NULL,NULL,NULL,NULL,NULL,NULL,NULL,3,NULL,NULL,10010,NULL,0220:118591:1225093725:154681807,3,NULL,NULL,NULL,NULL,NULL,NULL,NULL,NULL,NULL,NULL,NULL,ACQAPIAIRTEL,0,818074******1546,000,NULL,NULL,5P951088,NULL,5PT000000731774,5PT000000731774,4111,Delhi Metro Rail Cor   New Delhi    DLIN,NULL,NULL,NULL,DebitGroup,DefaultCard,1,5,3,2,2,0,3,7,2,7,3,7,3,00,645100000,01G10COOHP354UU9Q6,022550240BA420BDB95083E88C93972F576AC08136,5P951088,NULL,NULL,NULL,NULL,NULL,NULL,NULL,NULL,NULL,NULL,NULL,NULL,NULL,NULL,NULL,,,,,,,,,,,,,,,,,,,,,,,,,,,,,,,,,
4963851940,2530640577,1870119,747,NULL,NULL,ISSWLAATM2,1,0200,01,2504922060,921990,NULL,00,NULL,098587,1,1,NULL,811464,1510,WLA     ,002504922060,2025-12-27 09:14:32.000,2025-12-27 14:44:32.000,2025-12-27 14:44:32.080,2025-12-27 14:44:32.403,2025-12-27 00:00:00.000,2025-12-27 00:00:00.000,10,00,0184131000058,NULL,20000,20000,-20000,20000,20000,356,0,0,356,0,0,356,20000,20000,20000,20000,0,0,0,0,356,"<?xml version=""1.0"" encoding=""ISO-8859-1""?><IccData><IccRequest><AmountAuthorized>000000020000</AmountAuthorized><AmountOther>000000000000</AmountOther><ApplicationIdentifier>A0000000041010</ApplicationIdentifier><ApplicationInterchangeProfile>1900</ApplicationInterchangeProfile><ApplicationTransactionCounter>00BB</ApplicationTransactionCounter><ChipConditionCode>0</ChipConditionCode><Cryptogram>8C9F8A6CD646A598</Cryptogram><CryptogramInformationData>80</CryptogramInformationData><CvmResults>420300</CvmResults><InterfaceDeviceSerialNumber>60810688</InterfaceDeviceSerialNumber><IssuerApplicationData>1110A00003220000000000000000000000FF</IssuerApplicationData><TerminalCapabilities>604000</TerminalCapabilities><TerminalCountryCode>356</TerminalCountryCode><TerminalType>14</TerminalType><TerminalVerificationResult>8000048000</TerminalVerificationResult><TransactionCurrencyCode>356</TransactionCurrencyCode><TransactionDate>251227</TransactionDate><TransactionType>01</TransactionType><UnpredictableNumber>F76C64C2</UnpredictableNumber></IccRequest></IccData>","<?xml version=""1.0"" encoding=""ISO-8859-1""?><IccData><IccResponse><IssuerAuthenticationData>3A0B4D5833F560020010</IssuerAuthenticationData></IccResponse></IccData>",051,00,NULL,211MediaTotals3212<MediaTotals><Totals><Amount>142970000</Amount><Currency>356</Currency><MediaClass>Cash</MediaClass></Totals><Totals><Amount>0</Amount><Currency>000</Currency><MediaClass>Cards</MediaClass></Totals></MediaTotals>218Postilion:MetaData3107211MediaTotals111212MediaBatchNr111223ICC_DEDICATED_FILE_NAME111217AdditionalEmvTags111214AdditionalInfo111212MediaBatchNr1842341351223ICC_DEDICATED_FILE_NAME214A0000000041010217AdditionalEmvTags3526<AdditionalEmvTags><EmvTag><TagId>50</TagId><TagValue>4465626974204D617374657263617264</TagValue></EmvTag><EmvTag><TagId>9F12</TagId><TagValue>4445424954204D415354455243415244</TagValue></EmvTag><EmvTag><TagId>5F34</TagId><TagValue>00</TagValue></EmvTag><EmvTag><TagId>9F40</TagId><TagValue>EE00B053FF</TagValue></EmvTag><EmvTag><TagId>87</TagId><TagValue>01</TagValue></EmvTag><EmvTag><TagId>84</TagId><TagValue>A0000000041010</TagValue></EmvTag><EmvTag><TagId>9B</TagId><TagValue>6800</TagValue></EmvTag></AdditionalEmvTags>214AdditionalInfo3249<AdditionalInfo><Transaction><OpCode>A  B   A</OpCode></Transaction><Download><ATMConfigID>0016</ATMConfigID><AtmAppConfigID>0016</AtmAppConfigID><LoadsetGroup>NO_RP_2LG</LoadsetGroup><DownloadApp>AppWLA_EMV</DownloadApp></Download></AdditionalInfo>,218Postilion:MetaData21217NFS_RRN11117NFS_RRN212536114921990,0,0,NULL,NULL,NULL,NULL,1,0,NULL,NULL,NULL,3,69,69,NULL,1,MPZ025230022365121444321227,3,01911831004   356,NULL,0,0,NULL,NULL,NULL,NULL,NULL,NULL,NULL,AAPWLA2,0,528677******9385,000,2711,226,MPZ02523,HITACHI_WLA2,MPZ02523       ,MPZ02523       ,6011,NEAR RAILWAY CROSSING  GADHRA       JHIN,NULL,NULL,NULL,NFSWLATG,NFSWLA,8,1,0,2,0,1,5,1,3,3,4,6,0,02,583900000,01G1066PKIGRE4495N,02290030E9618E44827139B35405967E5C83277CDB,MPZ02523,NULL,NULL,NULL,NULL,NULL,NULL,NULL,NULL,NULL,NULL,NULL,NULL,NULL,NULL,NULL,,,,,,,,,,,,,,,,,,,,,,,,,,,,,,,,,
4963851941,2530640578,1949497,479,NULL,NULL,ISSWLAATM3,0,0600,91,2504922061,002631,NULL,00,NULL,607450,1,1,NULL,NULL,4001,WLA     ,002504922061,2025-12-27 09:14:32.000,2025-12-27 14:44:32.000,2025-12-27 14:44:32.073,2025-12-27 14:44:32.263,2025-12-27 00:00:00.000,2025-12-27 00:00:00.000,00,00,NULL,NULL,0,0,0,0,0,356,0,0,356,0,0,356,0,0,0,0,0,0,0,0,NULL,"<?xml version=""1.0"" encoding=""ISO-8859-1""?><IccData><IccRequest><AmountAuthorized>000000000000</AmountAuthorized><AmountOther>000000000000</AmountOther><ApplicationIdentifier>A0000000031010</ApplicationIdentifier><ApplicationInterchangeProfile>3C00</ApplicationInterchangeProfile><ApplicationTransactionCounter>02B6</ApplicationTransactionCounter><ChipConditionCode>0</ChipConditionCode><Cryptogram>4DC4542DBF1DDC70</Cryptogram><CryptogramInformationData>80</CryptogramInformationData><CvmResults>020100</CvmResults><InterfaceDeviceSerialNumber>ICT3    </InterfaceDeviceSerialNumber><IssuerApplicationData>06020A03A02000</IssuerApplicationData><TerminalCapabilities>604000</TerminalCapabilities><TerminalCountryCode>356</TerminalCountryCode><TerminalType>14</TerminalType><TerminalVerificationResult>8000048000</TerminalVerificationResult><TransactionCurrencyCode>356</TransactionCurrencyCode><TransactionDate>251227</TransactionDate><TransactionType>90</TransactionType><UnpredictableNumber>553D0C69</UnpredictableNumber></IccRequest></IccData>","<?xml version=""1.0"" encoding=""ISO-8859-1""?><IccData><IccResponse><IssuerAuthenticationData>4B724EA56D653F3E3030</IssuerAuthenticationData></IccResponse></IccData>",051,00,NULL,211MediaTotals3210<MediaTotals><Totals><Amount>7460000</Amount><Currency>356</Currency><MediaClass>Cash</MediaClass></Totals><Totals><Amount>0</Amount><Currency>000</Currency><MediaClass>Cards</MediaClass></Totals></MediaTotals>218Postilion:MetaData3131211MediaTotals111212MediaBatchNr111218ORIG_EXT_TRAN_TYPE111223ICC_DEDICATED_FILE_NAME111217AdditionalEmvTags111214AdditionalInfo111212MediaBatchNr110218ORIG_EXT_TRAN_TYPE145000223ICC_DEDICATED_FILE_NAME214A0000000031010217AdditionalEmvTags3425<AdditionalEmvTags><EmvTag><TagId>50</TagId><TagValue>56495341204445424954</TagValue></EmvTag><EmvTag><TagId>5F34</TagId><TagValue>01</TagValue></EmvTag><EmvTag><TagId>9F40</TagId><TagValue>8E80B053FF</TagValue></EmvTag><EmvTag><TagId>87</TagId><TagValue>01</TagValue></EmvTag><EmvTag><TagId>84</TagId><TagValue>A0000000031010</TagValue></EmvTag><EmvTag><TagId>9B</TagId><TagValue>6800</TagValue></EmvTag></AdditionalEmvTags>214AdditionalInfo3304<AdditionalInfo><Transaction><OpCode>A H B   </OpCode><CfgExtendedTrxType>5000</CfgExtendedTrxType></Transaction><Download><ATMConfigID>0028</ATMConfigID><AtmAppConfigID>0028</AtmAppConfigID><LoadsetGroup>ICCW_ICD_2LG</LoadsetGroup><DownloadApp>AppWLA_CRM_VS_EMV</DownloadApp></Download></AdditionalInfo>,17NFS_RRN212536114839680218Postilion:MetaData23017NFS_RRN111212Custome_Name111212Custome_Name215SHEKAR S SHETTY,0,0,NULL,NULL,5000,NULL,0,0,NULL,NULL,NULL,3,70,NULL,NULL,1,MCRM715800263115361444321227,3,01911574227   356,NULL,0,0,NULL,NULL,NULL,NULL,NULL,NULL,NULL,AAPWLA3,0,434658******8791,001,3112,226,MCRM7158,HITACHI_WLA3,MCRM7158       ,MCRM7158       ,6011,SAMPADA                MUDBIDRI     KAIN,NULL,NULL,NULL,NFSWLATG,NFSWLA,8,1,0,2,0,1,5,1,3,3,4,6,0,02,197800000,01G106AO74KNJ7HN96,02EBB28BC5C975967E0C60AC6C932AEFE53467FE82,MCRM7158,NULL,NULL,NULL,NULL,NULL,NULL,NULL,NULL,NULL,NULL,NULL,NULL,NULL,NULL,NULL,,,,,,,,,,,,,,,,,,,,,,,,,,,,,,,,,
4963851942,2530640575,1870122,747,NULL,NULL,ISSWLAATM4,1,0200,01,2504922058,606452,NULL,00,NULL,606452,1,1,NULL,811464,1510,WLA     ,002504922058,2025-12-27 09:14:32.000,2025-12-27 14:44:32.000,2025-12-27 14:44:32.017,2025-12-27 14:44:34.213,2025-12-27 00:00:00.000,2025-12-27 00:00:00.000,10,00,NULL,NULL,20000,20000,-20000,20000,20000,356,0,0,356,0,0,356,20000,20000,20000,20000,0,0,0,0,356,"<?xml version=""1.0"" encoding=""ISO-8859-1""?><IccData><IccRequest><AmountAuthorized>000000020000</AmountAuthorized><AmountOther>000000000000</AmountOther><ApplicationIdentifier>A0000001523010</ApplicationIdentifier><ApplicationInterchangeProfile>3900</ApplicationInterchangeProfile><ApplicationTransactionCounter>00D2</ApplicationTransactionCounter><ChipConditionCode>0</ChipConditionCode><Cryptogram>C884FA778F65CECA</Cryptogram><CryptogramInformationData>80</CryptogramInformationData><CvmResults>020100</CvmResults><InterfaceDeviceSerialNumber>48721907</InterfaceDeviceSerialNumber><IssuerApplicationData>0105A00003040000</IssuerApplicationData><TerminalCapabilities>604000</TerminalCapabilities><TerminalCountryCode>356</TerminalCountryCode><TerminalType>14</TerminalType><TerminalVerificationResult>8000048000</TerminalVerificationResult><TransactionCurrencyCode>356</TransactionCurrencyCode><TransactionDate>251227</TransactionDate><TransactionType>01</TransactionType><UnpredictableNumber>94362786</UnpredictableNumber></IccRequest></IccData>","<?xml version=""1.0"" encoding=""ISO-8859-1""?><IccData><IccResponse><IssuerAuthenticationData>B3663524AA8EE1740014</IssuerAuthenticationData></IccResponse></IccData>",051,00,NULL,211MediaTotals3122<MediaTotals><Totals><Amount>40880000</Amount><Currency>356</Currency><MediaClass>Cash</MediaClass></Totals></MediaTotals>218Postilion:MetaData3107211MediaTotals111212MediaBatchNr111223ICC_DEDICATED_FILE_NAME111217AdditionalEmvTags111214AdditionalInfo111212MediaBatchNr1842392961223ICC_DEDICATED_FILE_NAME214A0000001523010217AdditionalEmvTags3514<AdditionalEmvTags><EmvTag><TagId>50</TagId><TagValue>494E5445524E4154494F4E414C</TagValue></EmvTag><EmvTag><TagId>9F12</TagId><TagValue>494E5445524E4154494F4E414C</TagValue></EmvTag><EmvTag><TagId>5F34</TagId><TagValue>00</TagValue></EmvTag><EmvTag><TagId>9F40</TagId><TagValue>EE00B053FF</TagValue></EmvTag><EmvTag><TagId>87</TagId><TagValue>02</TagValue></EmvTag><EmvTag><TagId>84</TagId><TagValue>A0000001523010</TagValue></EmvTag><EmvTag><TagId>9B</TagId><TagValue>6800</TagValue></EmvTag></AdditionalEmvTags>214AdditionalInfo3268<AdditionalInfo><Transaction><OpCode>A  B  CA</OpCode></Transaction><Download><ATMConfigID>0005</ATMConfigID><AtmAppConfigID>0005</AtmAppConfigID><LoadsetGroup>English\Hindi\Marathi_EMV_VG</LoadsetGroup><DownloadApp>AppWLA_EMV</DownloadApp></Download></AdditionalInfo>,218Postilion:MetaData21217NFS_RRN11117NFS_RRN212536114606452,0,0,NULL,NULL,NULL,NULL,1,0,NULL,NULL,NULL,3,71,71,NULL,1,MPZ141110024095121444321227,3,01911613501   356,NULL,0,0,NULL,NULL,NULL,NULL,NULL,NULL,NULL,AAPWLA4,0,652279******7355,000,3012,226,MPZ14111,HITACHI_WLA4,MPZ14111       ,MPZ14111       ,6011,"NO-2,NAGAI ROUNDANA    THANJAVUR    TNIN",NULL,NULL,NULL,NFSWLATG,NFSWLA,8,1,0,2,0,1,5,1,3,3,4,6,0,02,553700000,01G109GNP00AG51DN4,0248A0235E6E2F97CAB9C2BCBAE467E57CA9F1E7CB,MPZ14111,NULL,NULL,NULL,NULL,NULL,NULL,NULL,NULL,NULL,NULL,NULL,NULL,NULL,NULL,NULL,,,,,,,,,,,,,,,,,,,,,,,,,,,,,,,,,
4963851943,2530640579,1873881,734,NULL,NULL,ISSWLAATM5,0,0200,01,2504922062,006343,NULL,75,NULL,NULL,1,1,NULL,NULL,NULL,WLA     ,002504922062,2025-12-27 09:14:32.000,2025-12-27 14:44:32.000,2025-12-27 14:44:32.103,2025-12-27 14:44:32.263,2025-12-27 00:00:00.000,2025-12-27 00:00:00.000,10,00,NULL,NULL,50000,0,0,50000,0,356,0,0,356,0,0,356,50000,0,50000,0,0,0,0,0,356,"<?xml version=""1.0"" encoding=""ISO-8859-1""?><IccData><IccRequest><AmountAuthorized>000000050000</AmountAuthorized><AmountOther>000000000000</AmountOther><ApplicationIdentifier>A0000000041010</ApplicationIdentifier><ApplicationInterchangeProfile>1900</ApplicationInterchangeProfile><ApplicationTransactionCounter>0010</ApplicationTransactionCounter><ChipConditionCode>0</ChipConditionCode><Cryptogram>AD146C9DEFA4B56A</Cryptogram><CryptogramInformationData>80</CryptogramInformationData><CvmResults>420300</CvmResults><InterfaceDeviceSerialNumber>61964745</InterfaceDeviceSerialNumber><IssuerApplicationData>0110A00001220000000000000000000000FF</IssuerApplicationData><TerminalCapabilities>604000</TerminalCapabilities><TerminalCountryCode>356</TerminalCountryCode><TerminalType>14</TerminalType><TerminalVerificationResult>8000048000</TerminalVerificationResult><TransactionCurrencyCode>356</TransactionCurrencyCode><TransactionDate>251227</TransactionDate><TransactionType>01</TransactionType><UnpredictableNumber>798DBAC2</UnpredictableNumber></IccRequest></IccData>","<?xml version=""1.0"" encoding=""ISO-8859-1""?><IccData><IccResponse><IssuerAuthenticationData>C0A900660D58F7480000</IssuerAuthenticationData></IccResponse></IccData>",051,00,NULL,211MediaTotals3122<MediaTotals><Totals><Amount>78300000</Amount><Currency>356</Currency><MediaClass>Cash</MediaClass></Totals></MediaTotals>218Postilion:MetaData3107211MediaTotals111212MediaBatchNr111223ICC_DEDICATED_FILE_NAME111217AdditionalEmvTags111214AdditionalInfo111212MediaBatchNr1842406947223ICC_DEDICATED_FILE_NAME214A0000000041010217AdditionalEmvTags3500<AdditionalEmvTags><EmvTag><TagId>50</TagId><TagValue>4465626974204D617374657263617264</TagValue></EmvTag><EmvTag><TagId>9F21</TagId><TagValue>144332</TagValue></EmvTag><EmvTag><TagId>5F34</TagId><TagValue>01</TagValue></EmvTag><EmvTag><TagId>9F40</TagId><TagValue>EE00B053FF</TagValue></EmvTag><EmvTag><TagId>87</TagId><TagValue>01</TagValue></EmvTag><EmvTag><TagId>84</TagId><TagValue>A0000000041010</TagValue></EmvTag><EmvTag><TagId>9B</TagId><TagValue>6800</TagValue></EmvTag></AdditionalEmvTags>214AdditionalInfo3268<AdditionalInfo><Transaction><OpCode>A  B  DA</OpCode></Transaction><Download><ATMConfigID>0005</ATMConfigID><AtmAppConfigID>0005</AtmAppConfigID><LoadsetGroup>English\Hindi\Marathi_EMV_VG</LoadsetGroup><DownloadApp>AppWLA_EMV</DownloadApp></Download></AdditionalInfo>,218Postilion:MetaData21217NFS_RRN11117NFS_RRN212536114380490,0,0,NULL,NULL,NULL,NULL,1,0,NULL,NULL,NULL,3,72,NULL,NULL,1,MPZ103560063435121444321227,3,01911641605   356,NULL,0,0,NULL,NULL,NULL,NULL,NULL,NULL,NULL,AAPWLA5,0,555942******9652,001,3010,226,MPZ10356,HITACHI_WLA5,MPZ10356       ,MPZ10356       ,6011,ALAMARAM BUS STOP      GANAPATHIPALATNIN,NULL,NULL,NULL,NFSWLATG,NFSWLA,8,1,0,2,0,1,5,1,3,3,4,6,0,02,256900000,01G10A2J9T32CQEO4H,028AEFBB030E7B542824D3A750CFB8796065B8B228,MPZ10356,NULL,NULL,NULL,NULL,NULL,NULL,NULL,NULL,NULL,NULL,NULL,NULL,NULL,NULL,NULL,,,,,,,,,,,,,,,,,,,,,,,,,,,,,,,,,
4963851944,2530640579,1870136,747,NULL,NULL,ISSWLAATM5,1,0200,01,2504922062,380490,NULL,75,NULL,NULL,1,1,NULL,811464,1510,WLA     ,002504922062,2025-12-27 09:14:32.000,2025-12-27 14:44:32.000,2025-12-27 14:44:32.113,2025-12-27 14:44:32.263,2025-12-27 00:00:00.000,2025-12-27 00:00:00.000,10,00,NULL,NULL,50000,0,0,50000,0,356,0,0,356,0,0,356,50000,0,50000,0,0,0,0,0,356,"<?xml version=""1.0"" encoding=""ISO-8859-1""?><IccData><IccRequest><AmountAuthorized>000000050000</AmountAuthorized><AmountOther>000000000000</AmountOther><ApplicationIdentifier>A0000000041010</ApplicationIdentifier><ApplicationInterchangeProfile>1900</ApplicationInterchangeProfile><ApplicationTransactionCounter>0010</ApplicationTransactionCounter><ChipConditionCode>0</ChipConditionCode><Cryptogram>AD146C9DEFA4B56A</Cryptogram><CryptogramInformationData>80</CryptogramInformationData><CvmResults>420300</CvmResults><InterfaceDeviceSerialNumber>61964745</InterfaceDeviceSerialNumber><IssuerApplicationData>0110A00001220000000000000000000000FF</IssuerApplicationData><TerminalCapabilities>604000</TerminalCapabilities><TerminalCountryCode>356</TerminalCountryCode><TerminalType>14</TerminalType><TerminalVerificationResult>8000048000</TerminalVerificationResult><TransactionCurrencyCode>356</TransactionCurrencyCode><TransactionDate>251227</TransactionDate><TransactionType>01</TransactionType><UnpredictableNumber>798DBAC2</UnpredictableNumber></IccRequest></IccData>","<?xml version=""1.0"" encoding=""ISO-8859-1""?><IccData><IccResponse><IssuerAuthenticationData>C0A900660D58F7480000</IssuerAuthenticationData></IccResponse></IccData>",051,00,NULL,211MediaTotals3122<MediaTotals><Totals><Amount>78300000</Amount><Currency>356</Currency><MediaClass>Cash</MediaClass></Totals></MediaTotals>218Postilion:MetaData3107211MediaTotals111212MediaBatchNr111223ICC_DEDICATED_FILE_NAME111217AdditionalEmvTags111214AdditionalInfo111212MediaBatchNr1842406947223ICC_DEDICATED_FILE_NAME214A0000000041010217AdditionalEmvTags3500<AdditionalEmvTags><EmvTag><TagId>50</TagId><TagValue>4465626974204D617374657263617264</TagValue></EmvTag><EmvTag><TagId>9F21</TagId><TagValue>144332</TagValue></EmvTag><EmvTag><TagId>5F34</TagId><TagValue>01</TagValue></EmvTag><EmvTag><TagId>9F40</TagId><TagValue>EE00B053FF</TagValue></EmvTag><EmvTag><TagId>87</TagId><TagValue>01</TagValue></EmvTag><EmvTag><TagId>84</TagId><TagValue>A0000000041010</TagValue></EmvTag><EmvTag><TagId>9B</TagId><TagValue>6800</TagValue></EmvTag></AdditionalEmvTags>214AdditionalInfo3268<AdditionalInfo><Transaction><OpCode>A  B  DA</OpCode></Transaction><Download><ATMConfigID>0005</ATMConfigID><AtmAppConfigID>0005</AtmAppConfigID><LoadsetGroup>English\Hindi\Marathi_EMV_VG</LoadsetGroup><DownloadApp>AppWLA_EMV</DownloadApp></Download></AdditionalInfo>,218Postilion:MetaData21217NFS_RRN11117NFS_RRN212536114380490,0,0,NULL,NULL,NULL,NULL,1,0,NULL,NULL,NULL,3,72,72,NULL,1,MPZ103560063435121444321227,3,01911641605   356,NULL,0,0,NULL,NULL,NULL,NULL,NULL,NULL,NULL,AAPWLA5,0,555942******9652,001,3010,226,MPZ10356,HITACHI_WLA5,MPZ10356       ,MPZ10356       ,6011,ALAMARAM BUS STOP      GANAPATHIPALATNIN,NULL,NULL,NULL,NFSWLATG,NFSWLA,8,1,0,2,0,1,5,1,3,3,4,6,0,02,256900000,01G10A2J9T32CQEO4H,028AEFBB030E7B542824D3A750CFB8796065B8B228,MPZ10356,NULL,NULL,NULL,NULL,NULL,NULL,NULL,NULL,NULL,NULL,NULL,NULL,NULL,NULL,NULL,,,,,,,,,,,,,,,,,,,,,,,,,,,,,,,,,
4963851945,2530640578,1869428,750,NULL,NULL,ISSWLAATM3,1,0600,91,2504922061,839680,NULL,00,NULL,607450,1,1,NULL,811464,1510,WLA     ,002504922061,2025-12-27 09:14:32.000,2025-12-27 14:44:32.000,2025-12-27 14:44:32.083,2025-12-27 14:44:32.263,2025-12-27 00:00:00.000,2025-12-27 00:00:00.000,00,00,NULL,NULL,0,0,0,0,0,356,0,0,356,0,0,356,0,0,0,0,0,0,0,0,356,"<?xml version=""1.0"" encoding=""ISO-8859-1""?><IccData><IccRequest><AmountAuthorized>000000000000</AmountAuthorized><AmountOther>000000000000</AmountOther><ApplicationIdentifier>A0000000031010</ApplicationIdentifier><ApplicationInterchangeProfile>3C00</ApplicationInterchangeProfile><ApplicationTransactionCounter>02B6</ApplicationTransactionCounter><ChipConditionCode>0</ChipConditionCode><Cryptogram>4DC4542DBF1DDC70</Cryptogram><CryptogramInformationData>80</CryptogramInformationData><CvmResults>020100</CvmResults><InterfaceDeviceSerialNumber>ICT3    </InterfaceDeviceSerialNumber><IssuerApplicationData>06020A03A02000</IssuerApplicationData><TerminalCapabilities>604000</TerminalCapabilities><TerminalCountryCode>356</TerminalCountryCode><TerminalType>14</TerminalType><TerminalVerificationResult>8000048000</TerminalVerificationResult><TransactionCurrencyCode>356</TransactionCurrencyCode><TransactionDate>251227</TransactionDate><TransactionType>90</TransactionType><UnpredictableNumber>553D0C69</UnpredictableNumber></IccRequest></IccData>","<?xml version=""1.0"" encoding=""ISO-8859-1""?><IccData><IccResponse><IssuerAuthenticationData>4B724EA56D653F3E3030</IssuerAuthenticationData></IccResponse></IccData>",051,00,NULL,211MediaTotals3210<MediaTotals><Totals><Amount>7460000</Amount><Currency>356</Currency><MediaClass>Cash</MediaClass></Totals><Totals><Amount>0</Amount><Currency>000</Currency><MediaClass>Cards</MediaClass></Totals></MediaTotals>218Postilion:MetaData3131211MediaTotals111212MediaBatchNr111218ORIG_EXT_TRAN_TYPE111223ICC_DEDICATED_FILE_NAME111217AdditionalEmvTags111214AdditionalInfo111212MediaBatchNr110218ORIG_EXT_TRAN_TYPE145000223ICC_DEDICATED_FILE_NAME214A0000000031010217AdditionalEmvTags3425<AdditionalEmvTags><EmvTag><TagId>50</TagId><TagValue>56495341204445424954</TagValue></EmvTag><EmvTag><TagId>5F34</TagId><TagValue>01</TagValue></EmvTag><EmvTag><TagId>9F40</TagId><TagValue>8E80B053FF</TagValue></EmvTag><EmvTag><TagId>87</TagId><TagValue>01</TagValue></EmvTag><EmvTag><TagId>84</TagId><TagValue>A0000000031010</TagValue></EmvTag><EmvTag><TagId>9B</TagId><TagValue>6800</TagValue></EmvTag></AdditionalEmvTags>214AdditionalInfo3304<AdditionalInfo><Transaction><OpCode>A H B   </OpCode><CfgExtendedTrxType>5000</CfgExtendedTrxType></Transaction><Download><ATMConfigID>0028</ATMConfigID><AtmAppConfigID>0028</AtmAppConfigID><LoadsetGroup>ICCW_ICD_2LG</LoadsetGroup><DownloadApp>AppWLA_CRM_VS_EMV</DownloadApp></Download></AdditionalInfo>,17NFS_RRN212536114839680218Postilion:MetaData23017NFS_RRN111212Custome_Name111212Custome_Name215SHEKAR S SHETTY,0,0,NULL,NULL,5000,NULL,0,0,NULL,NULL,NULL,3,70,70,NULL,1,MCRM715800263115361444321227,3,01911574227   356,NULL,0,0,NULL,NULL,NULL,NULL,NULL,NULL,NULL,AAPWLA3,0,434658******8791,001,3112,226,MCRM7158,HITACHI_WLA3,MCRM7158       ,MCRM7158       ,6011,SAMPADA                MUDBIDRI     KAIN,NULL,NULL,NULL,NFSWLATG,NFSWLA,8,1,0,2,0,1,5,1,3,3,4,6,0,02,197800000,01G106AO74KNJ7HN96,02EBB28BC5C975967E0C60AC6C932AEFE53467FE82,MCRM7158,NULL,NULL,NULL,NULL,NULL,NULL,NULL,NULL,NULL,NULL,NULL,NULL,NULL,NULL,NULL,,,,,,,,,,,,,,,,,,,,,,,,,,,,,,,,,
4963851946,2530640580,1898855,0,NULL,NULL,ISSAIRTEL,0,0220,00,2504922063,112404,00,00,NULL,NULL,0,0,NULL,720532,1006,NULL,004778112404,2025-12-27 14:44:32.000,2025-12-25 09:31:46.000,2025-12-27 14:44:32.117,2025-12-27 14:44:32.177,2025-03-22 00:00:00.000,2024-03-22 00:00:00.000,30,00,1283894924,NULL,3870,3870,-3870,0,0,356,0,0,356,0,0,356,3870,3870,0,0,0,0,0,0,356,"<?xml version=""1.0"" encoding=""ISO-8859-1""?><IccData><IccRequest><AmountAuthorized>000000003870</AmountAuthorized><AmountOther>000000000000</AmountOther><ApplicationInterchangeProfile>1900</ApplicationInterchangeProfile><ApplicationTransactionCounter>027C</ApplicationTransactionCounter><Cryptogram>F1702B7625A19938</Cryptogram><CryptogramInformationData>40</CryptogramInformationData><IssuerApplicationData>0FB50194000000201400000000000383300000000422000000</IssuerApplicationData><TerminalCapabilities>000808</TerminalCapabilities><TerminalCountryCode>356</TerminalCountryCode><TerminalVerificationResult>0000000000</TerminalVerificationResult><TransactionCurrencyCode>356</TransactionCurrencyCode><TransactionType>00</TransactionType><UnpredictableNumber>82023F6C</UnpredictableNumber></IccRequest></IccData>","<?xml version=""1.0"" encoding=""ISO-8859-1""?><IccData><IccResponse/></IccData>",070,00,NULL,218Postilion:MetaData281213RGCS_FileName11113CRN111226Postilion:ActiveActiveData111216txnlocaldatetime111213RGCS_FileName221052AIRP7530006253600013CRN2191000000000004710022226Postilion:ActiveActiveData242223PostCard:PostedDateTime2131766826872000216txnlocaldatetime212251225093146,"218Postilion:MetaData3113213RGCS_FileName11113CRN111226Postilion:ValidationResult111226Postilion:ActiveActiveData111216txnlocaldatetime111213RGCS_FileName221052AIRP7530006253600013CRN2191000000000004710022226Postilion:ValidationResult3301<ValidationResult><Result validator=""PC_CVR"">PASS</Result><Result validator=""PC_ATC"">SKIP</Result><Result validator=""PC_TVR"">PASS</Result><Result validator=""PC_PIN_INTEGRITY"">SKIP</Result><Result validator=""PC_CARD_STATE"">PASS</Result><Result validator=""PC_CRYPTOGRAM"">FAIL</Result></ValidationResult>226Postilion:ActiveActiveData242223PostCard:PostedDateTime2131766826872000216txnlocaldatetime212251225093146",0,0,NULL,NULL,NULL,NULL,NULL,NULL,NULL,NULL,NULL,3,NULL,NULL,10010,NULL,0220:112404:1225093146:262181807,3,NULL,NULL,NULL,NULL,NULL,NULL,NULL,NULL,NULL,NULL,NULL,ACQAPIAIRTEL,0,818074******2621,000,NULL,NULL,6P089440,NULL,5PT000000731774,5PT000000731774,4111,Delhi Metro Rail Cor   New Delhi    DLIN,NULL,NULL,NULL,DebitGroup,DefaultCard,1,5,3,2,2,0,3,7,2,7,3,7,3,00,126200000,01G10AN28TIG3P7J9I,0278154C5521004F529C0DF7382F3F3E87FDE2F2D2,6P089440,NULL,NULL,NULL,NULL,NULL,NULL,NULL,NULL,NULL,NULL,NULL,NULL,NULL,NULL,NULL,,,,,,,,,,,,,,,,,,,,,,,,,,,,,,,,,
4963851947,2530640581,1885769,720,NULL,NULL,ISSWLAATM2,0,0200,01,2504922064,000774,NULL,51,NULL,385120,1,1,NULL,NULL,NULL,WLA     ,002504922064,2025-12-27 09:14:32.000,2025-12-27 14:44:32.000,2025-12-27 14:44:32.137,2025-12-27 14:44:32.400,2025-12-27 00:00:00.000,2025-12-27 00:00:00.000,10,00,*******************,NULL,10000,0,0,10000,0,356,0,0,356,0,0,356,10000,0,10000,0,0,0,0,0,356,"<?xml version=""1.0"" encoding=""ISO-8859-1""?><IccData><IccRequest><AmountAuthorized>000000010000</AmountAuthorized><AmountOther>000000000000</AmountOther><ApplicationIdentifier>A0000000031010</ApplicationIdentifier><ApplicationInterchangeProfile>3800</ApplicationInterchangeProfile><ApplicationTransactionCounter>006D</ApplicationTransactionCounter><ChipConditionCode>0</ChipConditionCode><Cryptogram>D6A23FBED9B39B74</Cryptogram><CryptogramInformationData>80</CryptogramInformationData><CvmResults>020100</CvmResults><InterfaceDeviceSerialNumber>ICT3    </InterfaceDeviceSerialNumber><IssuerApplicationData>06011203A02000</IssuerApplicationData><TerminalCapabilities>604000</TerminalCapabilities><TerminalCountryCode>356</TerminalCountryCode><TerminalType>14</TerminalType><TerminalVerificationResult>8000048000</TerminalVerificationResult><TransactionCurrencyCode>356</TransactionCurrencyCode><TransactionDate>251227</TransactionDate><TransactionType>01</TransactionType><UnpredictableNumber>5E6DB3BB</UnpredictableNumber></IccRequest></IccData>","<?xml version=""1.0"" encoding=""ISO-8859-1""?><IccData><IccResponse><IssuerAuthenticationData>2207443000000000</IssuerAuthenticationData></IccResponse></IccData>",051,00,NULL,211MediaTotals3211<MediaTotals><Totals><Amount>39510000</Amount><Currency>356</Currency><MediaClass>Cash</MediaClass></Totals><Totals><Amount>0</Amount><Currency>000</Currency><MediaClass>Cards</MediaClass></Totals></MediaTotals>218Postilion:MetaData3107211MediaTotals111212MediaBatchNr111223ICC_DEDICATED_FILE_NAME111217AdditionalEmvTags111214AdditionalInfo111212MediaBatchNr1842071077223ICC_DEDICATED_FILE_NAME214A0000000031010217AdditionalEmvTags3486<AdditionalEmvTags><EmvTag><TagId>50</TagId><TagValue>56495341</TagValue></EmvTag><EmvTag><TagId>9F12</TagId><TagValue>3536343935333431</TagValue></EmvTag><EmvTag><TagId>5F34</TagId><TagValue>01</TagValue></EmvTag><EmvTag><TagId>9F40</TagId><TagValue>8E80B053FF</TagValue></EmvTag><EmvTag><TagId>87</TagId><TagValue>01</TagValue></EmvTag><EmvTag><TagId>84</TagId><TagValue>A0000000031010</TagValue></EmvTag><EmvTag><TagId>9B</TagId><TagValue>6800</TagValue></EmvTag></AdditionalEmvTags>214AdditionalInfo3259<AdditionalInfo><Transaction><OpCode>A  B  DA</OpCode></Transaction><Download><ATMConfigID>0025</ATMConfigID><AtmAppConfigID>0025</AtmAppConfigID><LoadsetGroup>ICCW_ICD_3LG</LoadsetGroup><DownloadApp>AppWLA_CRM_VS_EMV</DownloadApp></Download></AdditionalInfo>,218Postilion:MetaData21217NFS_RRN11117NFS_RRN212536114921991,0,0,NULL,NULL,NULL,NULL,1,0,NULL,NULL,NULL,3,69,NULL,NULL,1,MCRM56200007745121444321227,3,01911788151   356,NULL,0,0,NULL,NULL,NULL,NULL,NULL,NULL,NULL,AAPWLA2,0,459156******9873,001,2808,226,MCRM5620,HITACHI_WLA2,MCRM5620       ,MCRM5620       ,6011,SS ROAD HAILAKANDI     HAILAKANDI   ASIN,NULL,NULL,NULL,NFSWLATG,NFSWLA,8,1,0,2,0,1,5,1,3,3,4,6,0,02,378900000,01G1044K5MD2L5MROM,0222966485675E08A1CAB81C02816118884DD2F732,MCRM5620,NULL,NULL,NULL,NULL,NULL,NULL,NULL,NULL,NULL,NULL,NULL,NULL,NULL,NULL,NULL,,,,,,,,,,,,,,,,,,,,,,,,,,,,,,,,,
4963851948,2530640582,1871629,675,NULL,NULL,ISSWLAATM5,0,0200,01,2504922065,002122,NULL,00,NULL,333910,1,1,NULL,NULL,NULL,WLA     ,002504922065,2025-12-27 09:14:32.000,2025-12-27 14:44:32.000,2025-12-27 14:44:32.183,2025-12-27 14:44:32.630,2025-12-27 00:00:00.000,2025-12-27 00:00:00.000,10,00,*******************,NULL,100000,100000,-100000,100000,100000,356,0,0,356,0,0,356,100000,100000,100000,100000,0,0,0,0,356,"<?xml version=""1.0"" encoding=""ISO-8859-1""?><IccData><IccRequest><AmountAuthorized>000000100000</AmountAuthorized><AmountOther>000000000000</AmountOther><ApplicationIdentifier>A0000000041010</ApplicationIdentifier><ApplicationInterchangeProfile>1900</ApplicationInterchangeProfile><ApplicationTransactionCounter>03C8</ApplicationTransactionCounter><ChipConditionCode>0</ChipConditionCode><Cryptogram>91FB3BBFC7A0DC41</Cryptogram><CryptogramInformationData>80</CryptogramInformationData><CvmResults>420300</CvmResults><InterfaceDeviceSerialNumber>60812685</InterfaceDeviceSerialNumber><IssuerApplicationData>0110A00001220000000000000000000000FF</IssuerApplicationData><TerminalCapabilities>604000</TerminalCapabilities><TerminalCountryCode>356</TerminalCountryCode><TerminalType>14</TerminalType><TerminalVerificationResult>8000048000</TerminalVerificationResult><TransactionCurrencyCode>356</TransactionCurrencyCode><TransactionDate>251227</TransactionDate><TransactionType>01</TransactionType><UnpredictableNumber>8F7055DC</UnpredictableNumber></IccRequest></IccData>","<?xml version=""1.0"" encoding=""ISO-8859-1""?><IccData><IccResponse><IssuerAuthenticationData>C4BCF6DB7747FEF50010</IssuerAuthenticationData></IccResponse></IccData>",051,00,NULL,211MediaTotals3122<MediaTotals><Totals><Amount>15800000</Amount><Currency>356</Currency><MediaClass>Cash</MediaClass></Totals></MediaTotals>218Postilion:MetaData3107211MediaTotals111212MediaBatchNr111223ICC_DEDICATED_FILE_NAME111217AdditionalEmvTags111214AdditionalInfo111212MediaBatchNr1842407693223ICC_DEDICATED_FILE_NAME214A0000000041010217AdditionalEmvTags3589<AdditionalEmvTags><EmvTag><TagId>50</TagId><TagValue>4465626974204D617374657263617264</TagValue></EmvTag><EmvTag><TagId>9F21</TagId><TagValue>144317</TagValue></EmvTag><EmvTag><TagId>9F12</TagId><TagValue>4465626974204D617374657263617264</TagValue></EmvTag><EmvTag><TagId>5F34</TagId><TagValue>01</TagValue></EmvTag><EmvTag><TagId>9F40</TagId><TagValue>EE00B053FF</TagValue></EmvTag><EmvTag><TagId>87</TagId><TagValue>01</TagValue></EmvTag><EmvTag><TagId>84</TagId><TagValue>A0000000041010</TagValue></EmvTag><EmvTag><TagId>9B</TagId><TagValue>6800</TagValue></EmvTag></AdditionalEmvTags>214AdditionalInfo3265<AdditionalInfo><Transaction><OpCode>A  B  DA</OpCode></Transaction><Download><ATMConfigID>0002</ATMConfigID><AtmAppConfigID>0002</AtmAppConfigID><LoadsetGroup>English\Hindi\Marathi_EMV</LoadsetGroup><DownloadApp>AppWLA_EMV</DownloadApp></Download></AdditionalInfo>,218Postilion:MetaData21217NFS_RRN11117NFS_RRN212536114380491,0,0,NULL,NULL,NULL,NULL,1,0,NULL,NULL,NULL,3,72,NULL,NULL,1,MPZ101240021225121444321227,3,01911785662   356,NULL,0,0,NULL,NULL,NULL,NULL,NULL,NULL,NULL,AAPWLA5,0,544670******1935,001,3108,226,MPZ10124,HITACHI_WLA5,MPZ10124       ,MPZ10124       ,6011,INDIAN OIL PETROL PUMP DEMOW CHARALIASIN,NULL,NULL,NULL,NFSWLATG,NFSWLA,8,1,0,2,0,1,5,1,3,3,4,6,0,02,539100000,01G105VAQGQRJEL7VG,026DF793AE990AF1BCF68E07E5E9BF4F9246135644,MPZ10124,NULL,NULL,NULL,NULL,NULL,NULL,NULL,NULL,NULL,NULL,NULL,NULL,NULL,NULL,NULL,,,,,,,,,,,,,,,,,,,,,,,,,,,,,,,,,
4963851949,2530640581,1870119,747,NULL,NULL,ISSWLAATM2,1,0200,01,2504922064,921991,NULL,51,NULL,385120,1,1,NULL,811464,1510,WLA     ,002504922064,2025-12-27 09:14:32.000,2025-12-27 14:44:32.000,2025-12-27 14:44:32.147,2025-12-27 14:44:32.400,2025-12-27 00:00:00.000,2025-12-27 00:00:00.000,10,00,*******************,NULL,10000,0,0,10000,0,356,0,0,356,0,0,356,10000,0,10000,0,0,0,0,0,356,"<?xml version=""1.0"" encoding=""ISO-8859-1""?><IccData><IccRequest><AmountAuthorized>000000010000</AmountAuthorized><AmountOther>000000000000</AmountOther><ApplicationIdentifier>A0000000031010</ApplicationIdentifier><ApplicationInterchangeProfile>3800</ApplicationInterchangeProfile><ApplicationTransactionCounter>006D</ApplicationTransactionCounter><ChipConditionCode>0</ChipConditionCode><Cryptogram>D6A23FBED9B39B74</Cryptogram><CryptogramInformationData>80</CryptogramInformationData><CvmResults>020100</CvmResults><InterfaceDeviceSerialNumber>ICT3    </InterfaceDeviceSerialNumber><IssuerApplicationData>06011203A02000</IssuerApplicationData><TerminalCapabilities>604000</TerminalCapabilities><TerminalCountryCode>356</TerminalCountryCode><TerminalType>14</TerminalType><TerminalVerificationResult>8000048000</TerminalVerificationResult><TransactionCurrencyCode>356</TransactionCurrencyCode><TransactionDate>251227</TransactionDate><TransactionType>01</TransactionType><UnpredictableNumber>5E6DB3BB</UnpredictableNumber></IccRequest></IccData>","<?xml version=""1.0"" encoding=""ISO-8859-1""?><IccData><IccResponse><IssuerAuthenticationData>2207443000000000</IssuerAuthenticationData></IccResponse></IccData>",051,00,NULL,211MediaTotals3211<MediaTotals><Totals><Amount>39510000</Amount><Currency>356</Currency><MediaClass>Cash</MediaClass></Totals><Totals><Amount>0</Amount><Currency>000</Currency><MediaClass>Cards</MediaClass></Totals></MediaTotals>218Postilion:MetaData3107211MediaTotals111212MediaBatchNr111223ICC_DEDICATED_FILE_NAME111217AdditionalEmvTags111214AdditionalInfo111212MediaBatchNr1842071077223ICC_DEDICATED_FILE_NAME214A0000000031010217AdditionalEmvTags3486<AdditionalEmvTags><EmvTag><TagId>50</TagId><TagValue>56495341</TagValue></EmvTag><EmvTag><TagId>9F12</TagId><TagValue>3536343935333431</TagValue></EmvTag><EmvTag><TagId>5F34</TagId><TagValue>01</TagValue></EmvTag><EmvTag><TagId>9F40</TagId><TagValue>8E80B053FF</TagValue></EmvTag><EmvTag><TagId>87</TagId><TagValue>01</TagValue></EmvTag><EmvTag><TagId>84</TagId><TagValue>A0000000031010</TagValue></EmvTag><EmvTag><TagId>9B</TagId><TagValue>6800</TagValue></EmvTag></AdditionalEmvTags>214AdditionalInfo3259<AdditionalInfo><Transaction><OpCode>A  B  DA</OpCode></Transaction><Download><ATMConfigID>0025</ATMConfigID><AtmAppConfigID>0025</AtmAppConfigID><LoadsetGroup>ICCW_ICD_3LG</LoadsetGroup><DownloadApp>AppWLA_CRM_VS_EMV</DownloadApp></Download></AdditionalInfo>,218Postilion:MetaData21217NFS_RRN11117NFS_RRN212536114921991,0,0,NULL,NULL,NULL,NULL,1,0,NULL,NULL,NULL,3,69,69,NULL,1,MCRM56200007745121444321227,3,01911788151   356,NULL,0,0,NULL,NULL,NULL,NULL,NULL,NULL,NULL,AAPWLA2,0,459156******9873,001,2808,226,MCRM5620,HITACHI_WLA2,MCRM5620       ,MCRM5620       ,6011,SS ROAD HAILAKANDI     HAILAKANDI   ASIN,NULL,NULL,NULL,NFSWLATG,NFSWLA,8,1,0,2,0,1,5,1,3,3,4,6,0,02,378900000,01G1044K5MD2L5MROM,0222966485675E08A1CAB81C02816118884DD2F732,MCRM5620,NULL,NULL,NULL,NULL,NULL,NULL,NULL,NULL,NULL,NULL,NULL,NULL,NULL,NULL,NULL,,,,,,,,,,,,,,,,,,,,,,,,,,,,,,,,,
4963851950,2530640583,1898855,0,NULL,NULL,ISSAIRTEL,0,0220,00,2504922066,086966,00,00,NULL,NULL,0,0,NULL,720532,1006,NULL,004778086966,2025-12-27 14:44:32.000,2025-12-25 08:56:53.000,2025-12-27 14:44:32.243,2025-12-27 14:44:32.333,2025-03-22 00:00:00.000,2024-03-22 00:00:00.000,30,00,1114607811,NULL,5120,5120,-5120,0,0,356,0,0,356,0,0,356,5120,5120,0,0,0,0,0,0,356,"<?xml version=""1.0"" encoding=""ISO-8859-1""?><IccData><IccRequest><AmountAuthorized>000000005120</AmountAuthorized><AmountOther>000000000000</AmountOther><ApplicationInterchangeProfile>1900</ApplicationInterchangeProfile><ApplicationTransactionCounter>0114</ApplicationTransactionCounter><Cryptogram>97DE81440129331E</Cryptogram><CryptogramInformationData>40</CryptogramInformationData><IssuerApplicationData>0FB50194000000201400000000000035100000000086300000</IssuerApplicationData><TerminalCapabilities>000808</TerminalCapabilities><TerminalCountryCode>356</TerminalCountryCode><TerminalVerificationResult>0000000000</TerminalVerificationResult><TransactionCurrencyCode>356</TransactionCurrencyCode><TransactionType>00</TransactionType><UnpredictableNumber>D72F50F3</UnpredictableNumber></IccRequest></IccData>","<?xml version=""1.0"" encoding=""ISO-8859-1""?><IccData><IccResponse/></IccData>",070,00,NULL,218Postilion:MetaData281213RGCS_FileName11113CRN111226Postilion:ActiveActiveData111216txnlocaldatetime111213RGCS_FileName221052AIRP7530006253600013CRN2191000000000002937469226Postilion:ActiveActiveData242223PostCard:PostedDateTime2131766826872000216txnlocaldatetime212251225085653,"218Postilion:MetaData3113213RGCS_FileName11113CRN111226Postilion:ValidationResult111226Postilion:ActiveActiveData111216txnlocaldatetime111213RGCS_FileName221052AIRP7530006253600013CRN2191000000000002937469226Postilion:ValidationResult3301<ValidationResult><Result validator=""PC_CVR"">PASS</Result><Result validator=""PC_ATC"">SKIP</Result><Result validator=""PC_TVR"">PASS</Result><Result validator=""PC_PIN_INTEGRITY"">SKIP</Result><Result validator=""PC_CARD_STATE"">PASS</Result><Result validator=""PC_CRYPTOGRAM"">FAIL</Result></ValidationResult>226Postilion:ActiveActiveData242223PostCard:PostedDateTime2131766826872000216txnlocaldatetime212251225085653",0,0,NULL,NULL,NULL,NULL,NULL,NULL,NULL,NULL,NULL,3,NULL,NULL,10010,NULL,0220:086966:1225085653:898181807,3,NULL,NULL,NULL,NULL,NULL,NULL,NULL,NULL,NULL,NULL,NULL,ACQAPIAIRTEL,0,818074******8981,000,NULL,NULL,5P950497,NULL,5PT000000731774,5PT000000731774,4111,Delhi Metro Rail Cor   New Delhi    DLIN,NULL,NULL,NULL,DebitGroup,DefaultCard,1,5,3,2,2,0,3,7,2,7,3,7,3,00,189800000,01G1028OENVGRA46F ,0290CBFA7E788A15BD4F936F62A800F11AF3590C38,5P950497,NULL,NULL,NULL,NULL,NULL,NULL,NULL,NULL,NULL,NULL,NULL,NULL,NULL,NULL,NULL,,,,,,,,,,,,,,,,,,,,,,,,,,,,,,,,,
4963851951,2530640582,1870136,747,NULL,NULL,ISSWLAATM5,1,0200,01,2504922065,380491,NULL,00,NULL,333910,1,1,NULL,811464,1510,WLA     ,002504922065,2025-12-27 09:14:32.000,2025-12-27 14:44:32.000,2025-12-27 14:44:32.193,2025-12-27 14:44:32.630,2025-12-27 00:00:00.000,2025-12-27 00:00:00.000,10,00,*******************,NULL,100000,100000,-100000,100000,100000,356,0,0,356,0,0,356,100000,100000,100000,100000,0,0,0,0,356,"<?xml version=""1.0"" encoding=""ISO-8859-1""?><IccData><IccRequest><AmountAuthorized>000000100000</AmountAuthorized><AmountOther>000000000000</AmountOther><ApplicationIdentifier>A0000000041010</ApplicationIdentifier><ApplicationInterchangeProfile>1900</ApplicationInterchangeProfile><ApplicationTransactionCounter>03C8</ApplicationTransactionCounter><ChipConditionCode>0</ChipConditionCode><Cryptogram>91FB3BBFC7A0DC41</Cryptogram><CryptogramInformationData>80</CryptogramInformationData><CvmResults>420300</CvmResults><InterfaceDeviceSerialNumber>60812685</InterfaceDeviceSerialNumber><IssuerApplicationData>0110A00001220000000000000000000000FF</IssuerApplicationData><TerminalCapabilities>604000</TerminalCapabilities><TerminalCountryCode>356</TerminalCountryCode><TerminalType>14</TerminalType><TerminalVerificationResult>8000048000</TerminalVerificationResult><TransactionCurrencyCode>356</TransactionCurrencyCode><TransactionDate>251227</TransactionDate><TransactionType>01</TransactionType><UnpredictableNumber>8F7055DC</UnpredictableNumber></IccRequest></IccData>","<?xml version=""1.0"" encoding=""ISO-8859-1""?><IccData><IccResponse><IssuerAuthenticationData>C4BCF6DB7747FEF50010</IssuerAuthenticationData></IccResponse></IccData>",051,00,NULL,211MediaTotals3122<MediaTotals><Totals><Amount>15800000</Amount><Currency>356</Currency><MediaClass>Cash</MediaClass></Totals></MediaTotals>218Postilion:MetaData3107211MediaTotals111212MediaBatchNr111223ICC_DEDICATED_FILE_NAME111217AdditionalEmvTags111214AdditionalInfo111212MediaBatchNr1842407693223ICC_DEDICATED_FILE_NAME214A0000000041010217AdditionalEmvTags3589<AdditionalEmvTags><EmvTag><TagId>50</TagId><TagValue>4465626974204D617374657263617264</TagValue></EmvTag><EmvTag><TagId>9F21</TagId><TagValue>144317</TagValue></EmvTag><EmvTag><TagId>9F12</TagId><TagValue>4465626974204D617374657263617264</TagValue></EmvTag><EmvTag><TagId>5F34</TagId><TagValue>01</TagValue></EmvTag><EmvTag><TagId>9F40</TagId><TagValue>EE00B053FF</TagValue></EmvTag><EmvTag><TagId>87</TagId><TagValue>01</TagValue></EmvTag><EmvTag><TagId>84</TagId><TagValue>A0000000041010</TagValue></EmvTag><EmvTag><TagId>9B</TagId><TagValue>6800</TagValue></EmvTag></AdditionalEmvTags>214AdditionalInfo3265<AdditionalInfo><Transaction><OpCode>A  B  DA</OpCode></Transaction><Download><ATMConfigID>0002</ATMConfigID><AtmAppConfigID>0002</AtmAppConfigID><LoadsetGroup>English\Hindi\Marathi_EMV</LoadsetGroup><DownloadApp>AppWLA_EMV</DownloadApp></Download></AdditionalInfo>,218Postilion:MetaData21217NFS_RRN11117NFS_RRN212536114380491,0,0,NULL,NULL,NULL,NULL,1,0,NULL,NULL,NULL,3,72,72,NULL,1,MPZ101240021225121444321227,3,01911785662   356,NULL,0,0,NULL,NULL,NULL,NULL,NULL,NULL,NULL,AAPWLA5,0,544670******1935,001,3108,226,MPZ10124,HITACHI_WLA5,MPZ10124       ,MPZ10124       ,6011,INDIAN OIL PETROL PUMP DEMOW CHARALIASIN,NULL,NULL,NULL,NFSWLATG,NFSWLA,8,1,0,2,0,1,5,1,3,3,4,6,0,02,539100000,01G105VAQGQRJEL7VG,026DF793AE990AF1BCF68E07E5E9BF4F9246135644,MPZ10124,NULL,NULL,NULL,NULL,NULL,NULL,NULL,NULL,NULL,NULL,NULL,NULL,NULL,NULL,NULL,,,,,,,,,,,,,,,,,,,,,,,,,,,,,,,,,
4963851952,2530640584,1871174,745,NULL,NULL,ISSWLAATM6,0,0200,01,2504922067,006284,NULL,00,NULL,478950,1,1,NULL,NULL,NULL,WLA     ,002504922067,2025-12-27 09:14:32.000,2025-12-27 14:44:32.000,2025-12-27 14:44:32.343,2025-12-27 14:44:32.867,2025-12-27 00:00:00.000,2025-12-27 00:00:00.000,20,00,*******************,NULL,100000,100000,-100000,100000,100000,356,0,0,356,0,0,356,100000,100000,100000,100000,0,0,0,0,356,"<?xml version=""1.0"" encoding=""ISO-8859-1""?><IccData><IccRequest><AmountAuthorized>000000100000</AmountAuthorized><AmountOther>000000000000</AmountOther><ApplicationIdentifier>A0000001523010</ApplicationIdentifier><ApplicationInterchangeProfile>3900</ApplicationInterchangeProfile><ApplicationTransactionCounter>00EB</ApplicationTransactionCounter><ChipConditionCode>0</ChipConditionCode><Cryptogram>B0472931E42A6228</Cryptogram><CryptogramInformationData>80</CryptogramInformationData><CvmResults>020100</CvmResults><InterfaceDeviceSerialNumber>60811405</InterfaceDeviceSerialNumber><IssuerApplicationData>0105A00000002000</IssuerApplicationData><TerminalCapabilities>604000</TerminalCapabilities><TerminalCountryCode>356</TerminalCountryCode><TerminalType>14</TerminalType><TerminalVerificationResult>8000048000</TerminalVerificationResult><TransactionCurrencyCode>356</TransactionCurrencyCode><TransactionDate>251227</TransactionDate><TransactionType>01</TransactionType><UnpredictableNumber>CF311C83</UnpredictableNumber></IccRequest></IccData>","<?xml version=""1.0"" encoding=""ISO-8859-1""?><IccData><IccResponse><IssuerAuthenticationData>334066DE96C7B5073330</IssuerAuthenticationData></IccResponse></IccData>",051,00,NULL,211MediaTotals3122<MediaTotals><Totals><Amount>11030000</Amount><Currency>356</Currency><MediaClass>Cash</MediaClass></Totals></MediaTotals>218Postilion:MetaData3107211MediaTotals111212MediaBatchNr111223ICC_DEDICATED_FILE_NAME111217AdditionalEmvTags111214AdditionalInfo111212MediaBatchNr1842161905223ICC_DEDICATED_FILE_NAME214A0000001523010217AdditionalEmvTags3514<AdditionalEmvTags><EmvTag><TagId>50</TagId><TagValue>494E5445524E4154494F4E414C</TagValue></EmvTag><EmvTag><TagId>9F12</TagId><TagValue>494E5445524E4154494F4E414C</TagValue></EmvTag><EmvTag><TagId>5F34</TagId><TagValue>01</TagValue></EmvTag><EmvTag><TagId>9F40</TagId><TagValue>EE00B053FF</TagValue></EmvTag><EmvTag><TagId>87</TagId><TagValue>02</TagValue></EmvTag><EmvTag><TagId>84</TagId><TagValue>A0000001523010</TagValue></EmvTag><EmvTag><TagId>9B</TagId><TagValue>6800</TagValue></EmvTag></AdditionalEmvTags>214AdditionalInfo3257<AdditionalInfo><Transaction><OpCode>A  A  CA</OpCode></Transaction><Download><ATMConfigID>0011</ATMConfigID><AtmAppConfigID>0011</AtmAppConfigID><LoadsetGroup>English\Hindi_NEW</LoadsetGroup><DownloadApp>AppWLA_EMV</DownloadApp></Download></AdditionalInfo>,218Postilion:MetaData21217NFS_RRN11117NFS_RRN212536114394055,0,0,NULL,NULL,NULL,NULL,1,0,NULL,NULL,NULL,3,73,NULL,NULL,1,MPZ073300062845121444321227,3,01911845307   356,NULL,0,0,NULL,NULL,NULL,NULL,NULL,NULL,NULL,AAPWLA6,0,652294******1562,001,2803,226,MPZ07330,HITACHI_WLA6,MPZ07330       ,MPZ07330       ,6011,BETIA MANTAND ROAD     BETTIAH      BHIN,NULL,NULL,NULL,NFSWLATG,NFSWLA,8,1,0,2,0,1,5,1,3,3,4,6,0,02,265100000,01G104UEQQDB01D42F,022463D7DEECE63B5C373605B64D1612865D218B61,MPZ07330,NULL,NULL,NULL,NULL,NULL,NULL,NULL,NULL,NULL,NULL,NULL,NULL,NULL,NULL,NULL,,,,,,,,,,,,,,,,,,,,,,,,,,,,,,,,,
4963851953,2530640580,1898897,0,NULL,NULL,ISSAIRTEL,1,0220,00,2504922063,112404,00,00,NULL,NULL,0,0,NULL,720532,1006,NULL,004778112404,2025-12-27 14:44:32.000,2025-12-25 09:31:46.000,2025-12-27 14:44:32.177,2025-12-27 14:44:32.290,2025-03-22 00:00:00.000,2024-03-22 00:00:00.000,30,00,1283894924,NULL,3870,3870,-3870,0,0,356,0,0,356,0,0,356,3870,3870,0,0,0,0,0,0,356,"<?xml version=""1.0"" encoding=""ISO-8859-1""?><IccData><IccRequest><AmountAuthorized>000000003870</AmountAuthorized><AmountOther>000000000000</AmountOther><ApplicationInterchangeProfile>1900</ApplicationInterchangeProfile><ApplicationTransactionCounter>027C</ApplicationTransactionCounter><Cryptogram>F1702B7625A19938</Cryptogram><CryptogramInformationData>40</CryptogramInformationData><IssuerApplicationData>0FB50194000000201400000000000383300000000422000000</IssuerApplicationData><TerminalCapabilities>000808</TerminalCapabilities><TerminalCountryCode>356</TerminalCountryCode><TerminalVerificationResult>0000000000</TerminalVerificationResult><TransactionCurrencyCode>356</TransactionCurrencyCode><TransactionType>00</TransactionType><UnpredictableNumber>82023F6C</UnpredictableNumber></IccRequest></IccData>","<?xml version=""1.0"" encoding=""ISO-8859-1""?><IccData><IccResponse/></IccData>",070,00,NULL,218Postilion:MetaData281213RGCS_FileName11113CRN111226Postilion:ActiveActiveData111216txnlocaldatetime111213RGCS_FileName221052AIRP7530006253600013CRN2191000000000004710022226Postilion:ActiveActiveData242223PostCard:PostedDateTime2131766826872000216txnlocaldatetime212251225093146,"218Postilion:MetaData3113213RGCS_FileName11113CRN111226Postilion:ValidationResult111226Postilion:ActiveActiveData111216txnlocaldatetime111213RGCS_FileName221052AIRP7530006253600013CRN2191000000000004710022226Postilion:ValidationResult3301<ValidationResult><Result validator=""PC_CVR"">PASS</Result><Result validator=""PC_ATC"">SKIP</Result><Result validator=""PC_TVR"">PASS</Result><Result validator=""PC_PIN_INTEGRITY"">SKIP</Result><Result validator=""PC_CARD_STATE"">PASS</Result><Result validator=""PC_CRYPTOGRAM"">FAIL</Result></ValidationResult>226Postilion:ActiveActiveData242223PostCard:PostedDateTime2131766826872000216txnlocaldatetime212251225093146",0,0,NULL,NULL,NULL,NULL,NULL,NULL,NULL,NULL,NULL,3,NULL,NULL,10010,NULL,0220:112404:1225093146:262181807,3,NULL,NULL,NULL,NULL,NULL,NULL,NULL,NULL,NULL,NULL,NULL,ACQAPIAIRTEL,0,818074******2621,000,NULL,NULL,6P089440,NULL,5PT000000731774,5PT000000731774,4111,Delhi Metro Rail Cor   New Delhi    DLIN,NULL,NULL,NULL,DebitGroup,DefaultCard,1,5,3,2,2,0,3,7,2,7,3,7,3,00,126200000,01G10AN28TIG3P7J9I,0278154C5521004F529C0DF7382F3F3E87FDE2F2D2,6P089440,NULL,NULL,NULL,NULL,NULL,NULL,NULL,NULL,NULL,NULL,NULL,NULL,NULL,NULL,NULL,,,,,,,,,,,,,,,,,,,,,,,,,,,,,,,,,
4963851954,2530640585,1924383,501,NULL,NULL,ISSWLAATM4,0,0200,01,2504922068,008853,NULL,00,NULL,645327,1,1,NULL,NULL,NULL,WLA     ,002504922068,2025-12-27 09:14:32.000,2025-12-27 14:44:32.000,2025-12-27 14:44:32.470,2025-12-27 14:44:33.620,2025-12-27 00:00:00.000,2025-12-27 00:00:00.000,20,00,1362000403008225,NULL,500000,500000,-500000,500000,500000,356,0,0,356,0,0,356,500000,500000,500000,500000,0,0,0,0,356,"<?xml version=""1.0"" encoding=""ISO-8859-1""?><IccData><IccRequest><AmountAuthorized>000000500000</AmountAuthorized><AmountOther>000000000000</AmountOther><ApplicationIdentifier>A0000005241010</ApplicationIdentifier><ApplicationInterchangeProfile>1900</ApplicationInterchangeProfile><ApplicationTransactionCounter>000E</ApplicationTransactionCounter><ChipConditionCode>0</ChipConditionCode><Cryptogram>BE5DDA53AAAE0A86</Cryptogram><CryptogramInformationData>80</CryptogramInformationData><CvmResults>420300</CvmResults><InterfaceDeviceSerialNumber>48722353</InterfaceDeviceSerialNumber><IssuerApplicationData>0FB501A000000400000000000000000000000000000000000000000000000000</IssuerApplicationData><TerminalCapabilities>604000</TerminalCapabilities><TerminalCountryCode>356</TerminalCountryCode><TerminalType>14</TerminalType><TerminalVerificationResult>8080048000</TerminalVerificationResult><TransactionCurrencyCode>356</TransactionCurrencyCode><TransactionDate>251227</TransactionDate><TransactionType>01</TransactionType><UnpredictableNumber>D0DFFADA</UnpredictableNumber></IccRequest></IccData>","<?xml version=""1.0"" encoding=""ISO-8859-1""?><IccData><IccResponse><IssuerAuthenticationData>ED75648780C400000000000000000000</IssuerAuthenticationData></IccResponse></IccData>",051,00,NULL,211MediaTotals3125<MediaTotals><Totals><Amount>-8459400000</Amount><Currency>356</Currency><MediaClass>Cash</MediaClass></Totals></MediaTotals>218Postilion:MetaData3107211MediaTotals111212MediaBatchNr111223ICC_DEDICATED_FILE_NAME111217AdditionalEmvTags111214AdditionalInfo111212MediaBatchNr110223ICC_DEDICATED_FILE_NAME214A0000005241010217AdditionalEmvTags3569<AdditionalEmvTags><EmvTag><TagId>50</TagId><TagValue>5275506179204465626974</TagValue></EmvTag><EmvTag><TagId>9F21</TagId><TagValue>144311</TagValue></EmvTag><EmvTag><TagId>9F12</TagId><TagValue>5275506179204465626974</TagValue></EmvTag><EmvTag><TagId>5F34</TagId><TagValue>01</TagValue></EmvTag><EmvTag><TagId>9F40</TagId><TagValue>EE00B053FF</TagValue></EmvTag><EmvTag><TagId>87</TagId><TagValue>01</TagValue></EmvTag><EmvTag><TagId>84</TagId><TagValue>A0000005241010</TagValue></EmvTag><EmvTag><TagId>9B</TagId><TagValue>6800</TagValue></EmvTag></AdditionalEmvTags>214AdditionalInfo3260<AdditionalInfo><Transaction><OpCode>A  A  CA</OpCode></Transaction><Download><ATMConfigID>0004</ATMConfigID><AtmAppConfigID>0004</AtmAppConfigID><LoadsetGroup>English\Hindi_EMV_VG</LoadsetGroup><DownloadApp>AppWLA_EMV</DownloadApp></Download></AdditionalInfo>,218Postilion:MetaData21217NFS_RRN11117NFS_RRN212536114606453,0,0,NULL,NULL,NULL,NULL,1,0,NULL,NULL,NULL,3,71,NULL,NULL,1,MPZ136590088535121444321227,3,01911176047   356,NULL,0,0,NULL,NULL,NULL,NULL,NULL,NULL,NULL,AAPWLA4,0,508546******2256,001,3009,620,MPZ13659,HITACHI_WLA4,MPZ13659       ,MPZ13659       ,6011,BUS STAND NAGROTA      NAGROTA BAGWAHPIN,NULL,NULL,NULL,NFSWLATG,NFSWLA,8,1,0,2,0,1,5,1,3,3,4,6,0,02,652200000,01G101TD0KKLV3Q8EU,023B622257F0B2E1EB3024BB61C6E3E8BC293B7B17,MPZ13659,NULL,NULL,NULL,NULL,NULL,NULL,NULL,NULL,NULL,NULL,NULL,NULL,NULL,NULL,NULL,,,,,,,,,,,,,,,,,,,,,,,,,,,,,,,,,
4963851955,2530640583,1898897,0,NULL,NULL,ISSAIRTEL,1,0220,00,2504922066,086966,00,00,NULL,NULL,0,0,NULL,720532,1006,NULL,004778086966,2025-12-27 14:44:32.000,2025-12-25 08:56:53.000,2025-12-27 14:44:32.333,2025-12-27 14:44:32.423,2025-03-22 00:00:00.000,2024-03-22 00:00:00.000,30,00,1114607811,NULL,5120,5120,-5120,0,0,356,0,0,356,0,0,356,5120,5120,0,0,0,0,0,0,356,"<?xml version=""1.0"" encoding=""ISO-8859-1""?><IccData><IccRequest><AmountAuthorized>000000005120</AmountAuthorized><AmountOther>000000000000</AmountOther><ApplicationInterchangeProfile>1900</ApplicationInterchangeProfile><ApplicationTransactionCounter>0114</ApplicationTransactionCounter><Cryptogram>97DE81440129331E</Cryptogram><CryptogramInformationData>40</CryptogramInformationData><IssuerApplicationData>0FB50194000000201400000000000035100000000086300000</IssuerApplicationData><TerminalCapabilities>000808</TerminalCapabilities><TerminalCountryCode>356</TerminalCountryCode><TerminalVerificationResult>0000000000</TerminalVerificationResult><TransactionCurrencyCode>356</TransactionCurrencyCode><TransactionType>00</TransactionType><UnpredictableNumber>D72F50F3</UnpredictableNumber></IccRequest></IccData>","<?xml version=""1.0"" encoding=""ISO-8859-1""?><IccData><IccResponse/></IccData>",070,00,NULL,218Postilion:MetaData281213RGCS_FileName11113CRN111226Postilion:ActiveActiveData111216txnlocaldatetime111213RGCS_FileName221052AIRP7530006253600013CRN2191000000000002937469226Postilion:ActiveActiveData242223PostCard:PostedDateTime2131766826872000216txnlocaldatetime212251225085653,"218Postilion:MetaData3113213RGCS_FileName11113CRN111226Postilion:ValidationResult111226Postilion:ActiveActiveData111216txnlocaldatetime111213RGCS_FileName221052AIRP7530006253600013CRN2191000000000002937469226Postilion:ValidationResult3301<ValidationResult><Result validator=""PC_CVR"">PASS</Result><Result validator=""PC_ATC"">SKIP</Result><Result validator=""PC_TVR"">PASS</Result><Result validator=""PC_PIN_INTEGRITY"">SKIP</Result><Result validator=""PC_CARD_STATE"">PASS</Result><Result validator=""PC_CRYPTOGRAM"">FAIL</Result></ValidationResult>226Postilion:ActiveActiveData242223PostCard:PostedDateTime2131766826872000216txnlocaldatetime212251225085653",0,0,NULL,NULL,NULL,NULL,NULL,NULL,NULL,NULL,NULL,3,NULL,NULL,10010,NULL,0220:086966:1225085653:898181807,3,NULL,NULL,NULL,NULL,NULL,NULL,NULL,NULL,NULL,NULL,NULL,ACQAPIAIRTEL,0,818074******8981,000,NULL,NULL,5P950497,NULL,5PT000000731774,5PT000000731774,4111,Delhi Metro Rail Cor   New Delhi    DLIN,NULL,NULL,NULL,DebitGroup,DefaultCard,1,5,3,2,2,0,3,7,2,7,3,7,3,00,189800000,01G1028OENVGRA46F ,0290CBFA7E788A15BD4F936F62A800F11AF3590C38,5P950497,NULL,NULL,NULL,NULL,NULL,NULL,NULL,NULL,NULL,NULL,NULL,NULL,NULL,NULL,NULL,,,,,,,,,,,,,,,,,,,,,,,,,,,,,,,,,
4963851956,2530640586,2053796,263,NULL,NULL,NIL,0,0620,93,2504922069,008576,00,00,NULL,NULL,0,0,NULL,NULL,4001,WLA     ,002504922069,2025-12-27 09:14:32.000,2025-12-27 14:44:32.000,2025-12-27 14:44:32.483,2025-12-27 14:44:32.483,2025-12-27 00:00:00.000,2025-12-27 00:00:00.000,00,00,NULL,NULL,0,0,0,0,0,NULL,0,0,NULL,0,0,NULL,0,0,0,0,0,0,0,0,NULL,NULL,NULL,901,00,NULL,"211MediaTotals3122<MediaTotals><Totals><Amount>23370000</Amount><Currency>356</Currency><MediaClass>Cash</MediaClass></Totals></MediaTotals>218Postilion:MetaData3122211MediaTotals111213SuspectReason111212MediaBatchNr111218ORIG_EXT_TRAN_TYPE111218DispenserErrorData111214AdditionalInfo111213SuspectReason3139  Cassettes of type 1 are low on media. (device_id_graphic = E, device status = 002010000, error severity = 00000, supplies status = 12100)212MediaBatchNr1842393043218ORIG_EXT_TRAN_TYPE142007218DispenserErrorData264Serverity: 00000;Device Status: 002010000;Diagnostic Status: 00;214AdditionalInfo3288<AdditionalInfo><Transaction><CfgExtendedTrxType>2007</CfgExtendedTrxType></Transaction><Download><ATMConfigID>0005</ATMConfigID><AtmAppConfigID>0005</AtmAppConfigID><LoadsetGroup>English\Hindi\Marathi_EMV_VG</LoadsetGroup><DownloadApp>AppWLA_EMV</DownloadApp></Download></AdditionalInfo>",NULL,0,0,NULL,NULL,2007,NULL,NULL,NULL,NULL,NULL,NULL,3,71,NULL,NULL,1,MPZ1518700857615681444321227480,3,01911673525   356,NULL,NULL,NULL,NULL,NULL,NULL,NULL,NULL,NULL,NULL,AAPWLA4,0,000000******0000,NULL,NULL,NULL,MPZ15187,HITACHI_WLA4,MPZ15187       ,NULL,6011,KOOTHUPARAMB RD        KOZHIKODE    KLIN,NULL,NULL,NULL,NULL,NULL,8,1,0,2,0,1,8,1,3,3,4,6,0,02,0,01G10B0U545376T377,022E3EADCB24CE373D5049FBF6597E8C0D19372B1D,NULL,NULL,NULL,NULL,NULL,NULL,NULL,NULL,NULL,NULL,NULL,NULL,NULL,NULL,NULL,NULL,,,,,,,,,,,,,,,,,,,,,,,,,,,,,,,,,
4963851957,2530640584,1869440,750,NULL,NULL,ISSWLAATM6,1,0200,01,2504922067,394055,NULL,00,NULL,478950,1,1,NULL,811464,1510,WLA     ,002504922067,2025-12-27 09:14:32.000,2025-12-27 14:44:32.000,2025-12-27 14:44:32.350,2025-12-27 14:44:32.867,2025-12-27 00:00:00.000,2025-12-27 00:00:00.000,20,00,*******************,NULL,100000,100000,-100000,100000,100000,356,0,0,356,0,0,356,100000,100000,100000,100000,0,0,0,0,356,"<?xml version=""1.0"" encoding=""ISO-8859-1""?><IccData><IccRequest><AmountAuthorized>000000100000</AmountAuthorized><AmountOther>000000000000</AmountOther><ApplicationIdentifier>A0000001523010</ApplicationIdentifier><ApplicationInterchangeProfile>3900</ApplicationInterchangeProfile><ApplicationTransactionCounter>00EB</ApplicationTransactionCounter><ChipConditionCode>0</ChipConditionCode><Cryptogram>B0472931E42A6228</Cryptogram><CryptogramInformationData>80</CryptogramInformationData><CvmResults>020100</CvmResults><InterfaceDeviceSerialNumber>60811405</InterfaceDeviceSerialNumber><IssuerApplicationData>0105A00000002000</IssuerApplicationData><TerminalCapabilities>604000</TerminalCapabilities><TerminalCountryCode>356</TerminalCountryCode><TerminalType>14</TerminalType><TerminalVerificationResult>8000048000</TerminalVerificationResult><TransactionCurrencyCode>356</TransactionCurrencyCode><TransactionDate>251227</TransactionDate><TransactionType>01</TransactionType><UnpredictableNumber>CF311C83</UnpredictableNumber></IccRequest></IccData>","<?xml version=""1.0"" encoding=""ISO-8859-1""?><IccData><IccResponse><IssuerAuthenticationData>334066DE96C7B5073330</IssuerAuthenticationData></IccResponse></IccData>",051,00,NULL,211MediaTotals3122<MediaTotals><Totals><Amount>11030000</Amount><Currency>356</Currency><MediaClass>Cash</MediaClass></Totals></MediaTotals>218Postilion:MetaData3107211MediaTotals111212MediaBatchNr111223ICC_DEDICATED_FILE_NAME111217AdditionalEmvTags111214AdditionalInfo111212MediaBatchNr1842161905223ICC_DEDICATED_FILE_NAME214A0000001523010217AdditionalEmvTags3514<AdditionalEmvTags><EmvTag><TagId>50</TagId><TagValue>494E5445524E4154494F4E414C</TagValue></EmvTag><EmvTag><TagId>9F12</TagId><TagValue>494E5445524E4154494F4E414C</TagValue></EmvTag><EmvTag><TagId>5F34</TagId><TagValue>01</TagValue></EmvTag><EmvTag><TagId>9F40</TagId><TagValue>EE00B053FF</TagValue></EmvTag><EmvTag><TagId>87</TagId><TagValue>02</TagValue></EmvTag><EmvTag><TagId>84</TagId><TagValue>A0000001523010</TagValue></EmvTag><EmvTag><TagId>9B</TagId><TagValue>6800</TagValue></EmvTag></AdditionalEmvTags>214AdditionalInfo3257<AdditionalInfo><Transaction><OpCode>A  A  CA</OpCode></Transaction><Download><ATMConfigID>0011</ATMConfigID><AtmAppConfigID>0011</AtmAppConfigID><LoadsetGroup>English\Hindi_NEW</LoadsetGroup><DownloadApp>AppWLA_EMV</DownloadApp></Download></AdditionalInfo>,218Postilion:MetaData21217NFS_RRN11117NFS_RRN212536114394055,0,0,NULL,NULL,NULL,NULL,1,0,NULL,NULL,NULL,3,73,73,NULL,1,MPZ073300062845121444321227,3,01911845307   356,NULL,0,0,NULL,NULL,NULL,NULL,NULL,NULL,NULL,AAPWLA6,0,652294******1562,001,2803,226,MPZ07330,HITACHI_WLA6,MPZ07330       ,MPZ07330       ,6011,BETIA MANTAND ROAD     BETTIAH      BHIN,NULL,NULL,NULL,NFSWLATG,NFSWLA,8,1,0,2,0,1,5,1,3,3,4,6,0,02,265100000,01G104UEQQDB01D42F,022463D7DEECE63B5C373605B64D1612865D218B61,MPZ07330,NULL,NULL,NULL,NULL,NULL,NULL,NULL,NULL,NULL,NULL,NULL,NULL,NULL,NULL,NULL,,,,,,,,,,,,,,,,,,,,,,,,,,,,,,,,,
4963851958,2530640585,1870122,747,NULL,NULL,ISSWLAATM4,1,0200,01,2504922068,606453,NULL,00,NULL,645327,1,1,NULL,811464,1510,WLA     ,002504922068,2025-12-27 09:14:32.000,2025-12-27 14:44:32.000,2025-12-27 14:44:32.480,2025-12-27 14:44:33.620,2025-12-27 00:00:00.000,2025-12-27 00:00:00.000,20,00,1362000403008225,NULL,500000,500000,-500000,500000,500000,356,0,0,356,0,0,356,500000,500000,500000,500000,0,0,0,0,356,"<?xml version=""1.0"" encoding=""ISO-8859-1""?><IccData><IccRequest><AmountAuthorized>000000500000</AmountAuthorized><AmountOther>000000000000</AmountOther><ApplicationIdentifier>A0000005241010</ApplicationIdentifier><ApplicationInterchangeProfile>1900</ApplicationInterchangeProfile><ApplicationTransactionCounter>000E</ApplicationTransactionCounter><ChipConditionCode>0</ChipConditionCode><Cryptogram>BE5DDA53AAAE0A86</Cryptogram><CryptogramInformationData>80</CryptogramInformationData><CvmResults>420300</CvmResults><InterfaceDeviceSerialNumber>48722353</InterfaceDeviceSerialNumber><IssuerApplicationData>0FB501A000000400000000000000000000000000000000000000000000000000</IssuerApplicationData><TerminalCapabilities>604000</TerminalCapabilities><TerminalCountryCode>356</TerminalCountryCode><TerminalType>14</TerminalType><TerminalVerificationResult>8080048000</TerminalVerificationResult><TransactionCurrencyCode>356</TransactionCurrencyCode><TransactionDate>251227</TransactionDate><TransactionType>01</TransactionType><UnpredictableNumber>D0DFFADA</UnpredictableNumber></IccRequest></IccData>","<?xml version=""1.0"" encoding=""ISO-8859-1""?><IccData><IccResponse><IssuerAuthenticationData>ED75648780C400000000000000000000</IssuerAuthenticationData></IccResponse></IccData>",051,00,NULL,211MediaTotals3125<MediaTotals><Totals><Amount>-8459400000</Amount><Currency>356</Currency><MediaClass>Cash</MediaClass></Totals></MediaTotals>218Postilion:MetaData3107211MediaTotals111212MediaBatchNr111223ICC_DEDICATED_FILE_NAME111217AdditionalEmvTags111214AdditionalInfo111212MediaBatchNr110223ICC_DEDICATED_FILE_NAME214A0000005241010217AdditionalEmvTags3569<AdditionalEmvTags><EmvTag><TagId>50</TagId><TagValue>5275506179204465626974</TagValue></EmvTag><EmvTag><TagId>9F21</TagId><TagValue>144311</TagValue></EmvTag><EmvTag><TagId>9F12</TagId><TagValue>5275506179204465626974</TagValue></EmvTag><EmvTag><TagId>5F34</TagId><TagValue>01</TagValue></EmvTag><EmvTag><TagId>9F40</TagId><TagValue>EE00B053FF</TagValue></EmvTag><EmvTag><TagId>87</TagId><TagValue>01</TagValue></EmvTag><EmvTag><TagId>84</TagId><TagValue>A0000005241010</TagValue></EmvTag><EmvTag><TagId>9B</TagId><TagValue>6800</TagValue></EmvTag></AdditionalEmvTags>214AdditionalInfo3260<AdditionalInfo><Transaction><OpCode>A  A  CA</OpCode></Transaction><Download><ATMConfigID>0004</ATMConfigID><AtmAppConfigID>0004</AtmAppConfigID><LoadsetGroup>English\Hindi_EMV_VG</LoadsetGroup><DownloadApp>AppWLA_EMV</DownloadApp></Download></AdditionalInfo>,218Postilion:MetaData21217NFS_RRN11117NFS_RRN212536114606453,0,0,NULL,NULL,NULL,NULL,1,0,NULL,NULL,NULL,3,71,71,NULL,1,MPZ136590088535121444321227,3,01911176047   356,NULL,0,0,NULL,NULL,NULL,NULL,NULL,NULL,NULL,AAPWLA4,0,508546******2256,001,3009,620,MPZ13659,HITACHI_WLA4,MPZ13659       ,MPZ13659       ,6011,BUS STAND NAGROTA      NAGROTA BAGWAHPIN,NULL,NULL,NULL,NFSWLATG,NFSWLA,8,1,0,2,0,1,5,1,3,3,4,6,0,02,652200000,01G101TD0KKLV3Q8EU,023B622257F0B2E1EB3024BB61C6E3E8BC293B7B17,MPZ13659,NULL,NULL,NULL,NULL,NULL,NULL,NULL,NULL,NULL,NULL,NULL,NULL,NULL,NULL,NULL,,,,,,,,,,,,,,,,,,,,,,,,,,,,,,,,,
4963851959,2530640587,1927304,508,NULL,NULL,ISSWLAATM2,0,0200,01,2504922070,004638,NULL,00,NULL,144432,1,1,NULL,NULL,NULL,WLA     ,002504922070,2025-12-27 09:14:32.000,2025-12-27 14:44:32.000,2025-12-27 14:44:32.593,2025-12-27 14:44:33.323,2025-12-27 00:00:00.000,2025-12-27 00:00:00.000,10,00,31298100004180,NULL,500000,500000,-500000,500000,500000,356,0,0,356,0,0,356,500000,500000,500000,500000,0,0,0,0,356,"<?xml version=""1.0"" encoding=""ISO-8859-1""?><IccData><IccRequest><AmountAuthorized>000000500000</AmountAuthorized><AmountOther>000000000000</AmountOther><ApplicationIdentifier>A0000005241010</ApplicationIdentifier><ApplicationInterchangeProfile>3800</ApplicationInterchangeProfile><ApplicationTransactionCounter>010F</ApplicationTransactionCounter><ChipConditionCode>0</ChipConditionCode><Cryptogram>F084D8DAD0A7CA52</Cryptogram><CryptogramInformationData>80</CryptogramInformationData><CvmResults>020000</CvmResults><InterfaceDeviceSerialNumber>60811411</InterfaceDeviceSerialNumber><IssuerApplicationData>0105A00000040000</IssuerApplicationData><TerminalCapabilities>604000</TerminalCapabilities><TerminalCountryCode>356</TerminalCountryCode><TerminalType>14</TerminalType><TerminalVerificationResult>8000048000</TerminalVerificationResult><TransactionCurrencyCode>356</TransactionCurrencyCode><TransactionDate>251227</TransactionDate><TransactionType>01</TransactionType><UnpredictableNumber>1E4ADBD1</UnpredictableNumber></IccRequest></IccData>","<?xml version=""1.0"" encoding=""ISO-8859-1""?><IccData><IccResponse><IssuerAuthenticationData>4B61860CBC987B4D0014</IssuerAuthenticationData></IccResponse></IccData>",051,00,NULL,211MediaTotals3211<MediaTotals><Totals><Amount>32700000</Amount><Currency>356</Currency><MediaClass>Cash</MediaClass></Totals><Totals><Amount>0</Amount><Currency>000</Currency><MediaClass>Cards</MediaClass></Totals></MediaTotals>218Postilion:MetaData3107211MediaTotals111212MediaBatchNr111223ICC_DEDICATED_FILE_NAME111217AdditionalEmvTags111214AdditionalInfo111212MediaBatchNr1842368785223ICC_DEDICATED_FILE_NAME214A0000005241010217AdditionalEmvTags3449<AdditionalEmvTags><EmvTag><TagId>50</TagId><TagValue>5275506179204465626974</TagValue></EmvTag><EmvTag><TagId>9F12</TagId><TagValue>5275506179204465626974</TagValue></EmvTag><EmvTag><TagId>5F34</TagId><TagValue>01</TagValue></EmvTag><EmvTag><TagId>9F40</TagId><TagValue>EE00B053FF</TagValue></EmvTag><EmvTag><TagId>84</TagId><TagValue>A0000005241010</TagValue></EmvTag><EmvTag><TagId>9B</TagId><TagValue>6800</TagValue></EmvTag></AdditionalEmvTags>214AdditionalInfo3263<AdditionalInfo><Transaction><OpCode>A  B  DA</OpCode></Transaction><Download><ATMConfigID>0003</ATMConfigID><AtmAppConfigID>0003</AtmAppConfigID><LoadsetGroup>English\Hindi_EMV_OFFER</LoadsetGroup><DownloadApp>AppWLA_EMV</DownloadApp></Download></AdditionalInfo>,218Postilion:MetaData21217NFS_RRN11117NFS_RRN212536114921992,0,0,NULL,NULL,NULL,NULL,1,0,NULL,NULL,NULL,3,69,NULL,NULL,1,MPZ026350046385121444321227,3,01911209306   356,NULL,0,0,NULL,NULL,NULL,NULL,NULL,NULL,NULL,AAPWLA2,0,606994******0390,001,2606,620,MPZ02635,HITACHI_WLA2,MPZ02635       ,MPZ02635       ,6011,KESAW NAGAR            RASULABAD    UPIN,NULL,NULL,NULL,NFSWLATG,NFSWLA,8,1,0,2,0,1,5,1,3,3,4,6,0,02,93000000,01G10BPP3EVCKB9Q31,02CDDD234FE57D2C5C492DD0911F052EBD8CA382CB,MPZ02635,NULL,NULL,NULL,NULL,NULL,NULL,NULL,NULL,NULL,NULL,NULL,NULL,NULL,NULL,NULL,,,,,,,,,,,,,,,,,,,,,,,,,,,,,,,,,
4963851960,2530640588,1898855,0,NULL,NULL,ISSAIRTEL,0,0220,00,2504922071,075633,00,00,NULL,NULL,0,0,NULL,720532,1006,NULL,004778075633,2025-12-27 14:44:32.000,2025-12-25 08:39:03.000,2025-12-27 14:44:32.627,2025-12-27 14:44:32.723,2025-03-22 00:00:00.000,2024-03-22 00:00:00.000,30,00,1114960557,NULL,5120,5120,-5120,0,0,356,0,0,356,0,0,356,5120,5120,0,0,0,0,0,0,356,"<?xml version=""1.0"" encoding=""ISO-8859-1""?><IccData><IccRequest><AmountAuthorized>000000005120</AmountAuthorized><AmountOther>000000000000</AmountOther><ApplicationInterchangeProfile>1900</ApplicationInterchangeProfile><ApplicationTransactionCounter>037E</ApplicationTransactionCounter><Cryptogram>0B7DE6E13A442624</Cryptogram><CryptogramInformationData>40</CryptogramInformationData><IssuerApplicationData>0FB50194000000201400000000001441000000001492200000</IssuerApplicationData><TerminalCapabilities>000808</TerminalCapabilities><TerminalCountryCode>356</TerminalCountryCode><TerminalVerificationResult>0000000000</TerminalVerificationResult><TransactionCurrencyCode>356</TransactionCurrencyCode><TransactionType>00</TransactionType><UnpredictableNumber>2A47E77F</UnpredictableNumber></IccRequest></IccData>","<?xml version=""1.0"" encoding=""ISO-8859-1""?><IccData><IccResponse/></IccData>",070,00,NULL,218Postilion:MetaData281213RGCS_FileName11113CRN111226Postilion:ActiveActiveData111216txnlocaldatetime111213RGCS_FileName221052AIRP7530006253600013CRN2191000000000002940758226Postilion:ActiveActiveData242223PostCard:PostedDateTime2131766826872000216txnlocaldatetime212251225083903,"218Postilion:MetaData3113213RGCS_FileName11113CRN111226Postilion:ValidationResult111226Postilion:ActiveActiveData111216txnlocaldatetime111213RGCS_FileName221052AIRP7530006253600013CRN2191000000000002940758226Postilion:ValidationResult3301<ValidationResult><Result validator=""PC_CVR"">PASS</Result><Result validator=""PC_ATC"">SKIP</Result><Result validator=""PC_TVR"">PASS</Result><Result validator=""PC_PIN_INTEGRITY"">SKIP</Result><Result validator=""PC_CARD_STATE"">PASS</Result><Result validator=""PC_CRYPTOGRAM"">FAIL</Result></ValidationResult>226Postilion:ActiveActiveData242223PostCard:PostedDateTime2131766826872000216txnlocaldatetime212251225083903",0,0,NULL,NULL,NULL,NULL,NULL,NULL,NULL,NULL,NULL,3,NULL,NULL,10010,NULL,0220:075633:1225083903:720181807,3,NULL,NULL,NULL,NULL,NULL,NULL,NULL,NULL,NULL,NULL,NULL,ACQAPIAIRTEL,0,818074******7201,000,NULL,NULL,5P951846,NULL,5PT000000731774,5PT000000731774,4111,Delhi Metro Rail Cor   New Delhi    DLIN,NULL,NULL,NULL,DebitGroup,DefaultCard,1,5,3,2,2,0,3,7,2,7,3,7,3,00,102700000,01G10EETU8UU6THC7F,02F9E9DC40966E09A9F00A558240FB56F009B23C9F,5P951846,NULL,NULL,NULL,NULL,NULL,NULL,NULL,NULL,NULL,NULL,NULL,NULL,NULL,NULL,NULL,,,,,,,,,,,,,,,,,,,,,,,,,,,,,,,,,
4963851961,2530640589,1872810,744,NULL,NULL,ISSWLAATM5,0,0200,01,2504922072,004981,NULL,00,NULL,253840,1,1,NULL,NULL,NULL,WLA     ,002504922072,2025-12-27 09:14:32.000,2025-12-27 14:44:32.000,2025-12-27 14:44:32.630,2025-12-27 14:44:33.287,2025-12-27 00:00:00.000,2025-12-27 00:00:00.000,10,00,902046001005292,NULL,500000,500000,-500000,500000,500000,356,0,0,356,0,0,356,500000,500000,500000,500000,0,0,0,0,356,"<?xml version=""1.0"" encoding=""ISO-8859-1""?><IccData><IccRequest><AmountAuthorized>000000500000</AmountAuthorized><AmountOther>000000000000</AmountOther><ApplicationIdentifier>A0000005241010</ApplicationIdentifier><ApplicationInterchangeProfile>7800</ApplicationInterchangeProfile><ApplicationTransactionCounter>002E</ApplicationTransactionCounter><ChipConditionCode>0</ChipConditionCode><Cryptogram>66B88DE74D594F36</Cryptogram><CryptogramInformationData>80</CryptogramInformationData><CvmResults>020000</CvmResults><InterfaceDeviceSerialNumber>60810034</InterfaceDeviceSerialNumber><IssuerApplicationData>0105A00003040000</IssuerApplicationData><TerminalCapabilities>604000</TerminalCapabilities><TerminalCountryCode>356</TerminalCountryCode><TerminalType>14</TerminalType><TerminalVerificationResult>8000048000</TerminalVerificationResult><TransactionCurrencyCode>356</TransactionCurrencyCode><TransactionDate>251227</TransactionDate><TransactionType>01</TransactionType><UnpredictableNumber>6C467B19</UnpredictableNumber></IccRequest></IccData>","<?xml version=""1.0"" encoding=""ISO-8859-1""?><IccData><IccResponse><IssuerAuthenticationData>0DAE0A9DF227EEC10014</IssuerAuthenticationData></IccResponse></IccData>",051,00,NULL,211MediaTotals3122<MediaTotals><Totals><Amount>22630000</Amount><Currency>356</Currency><MediaClass>Cash</MediaClass></Totals></MediaTotals>218Postilion:MetaData3107211MediaTotals111212MediaBatchNr111223ICC_DEDICATED_FILE_NAME111217AdditionalEmvTags111214AdditionalInfo111212MediaBatchNr1842390931223ICC_DEDICATED_FILE_NAME214A0000005241010217AdditionalEmvTags3449<AdditionalEmvTags><EmvTag><TagId>50</TagId><TagValue>5275506179204465626974</TagValue></EmvTag><EmvTag><TagId>9F12</TagId><TagValue>5275506179204465626974</TagValue></EmvTag><EmvTag><TagId>5F34</TagId><TagValue>01</TagValue></EmvTag><EmvTag><TagId>9F40</TagId><TagValue>EE00B053FF</TagValue></EmvTag><EmvTag><TagId>84</TagId><TagValue>A0000005241010</TagValue></EmvTag><EmvTag><TagId>9B</TagId><TagValue>6800</TagValue></EmvTag></AdditionalEmvTags>214AdditionalInfo3268<AdditionalInfo><Transaction><OpCode>C  B  DA</OpCode></Transaction><Download><ATMConfigID>0005</ATMConfigID><AtmAppConfigID>0005</AtmAppConfigID><LoadsetGroup>English\Hindi\Marathi_EMV_VG</LoadsetGroup><DownloadApp>AppWLA_EMV</DownloadApp></Download></AdditionalInfo>,218Postilion:MetaData21217NFS_RRN11117NFS_RRN212536114380492,0,0,NULL,NULL,NULL,NULL,1,0,NULL,NULL,NULL,3,72,NULL,NULL,1,MPZ097530049815121444321227,3,01911387380   356,NULL,0,0,NULL,NULL,NULL,NULL,NULL,NULL,NULL,AAPWLA5,0,607866******7325,001,2808,620,MPZ09753,HITACHI_WLA5,MPZ09753       ,MPZ09753       ,6011,GEB NI SAME KORE MOBILEVASO         GJIN,NULL,NULL,NULL,NFSWLATG,NFSWLA,8,1,0,2,0,1,5,1,3,3,4,6,0,02,523700000,01G10A69GI9ML7E4RD,02100DFBDC3FCA40997EF399AA900F1662733EE21A,MPZ09753,NULL,NULL,NULL,NULL,NULL,NULL,NULL,NULL,NULL,NULL,NULL,NULL,NULL,NULL,NULL,,,,,,,,,,,,,,,,,,,,,,,,,,,,,,,,,
4963851962,2530640589,1870136,747,NULL,NULL,ISSWLAATM5,1,0200,01,2504922072,380492,NULL,00,NULL,253840,1,1,NULL,811464,1510,WLA     ,002504922072,2025-12-27 09:14:32.000,2025-12-27 14:44:32.000,2025-12-27 14:44:32.650,2025-12-27 14:44:33.287,2025-12-27 00:00:00.000,2025-12-27 00:00:00.000,10,00,902046001005292,NULL,500000,500000,-500000,500000,500000,356,0,0,356,0,0,356,500000,500000,500000,500000,0,0,0,0,356,"<?xml version=""1.0"" encoding=""ISO-8859-1""?><IccData><IccRequest><AmountAuthorized>000000500000</AmountAuthorized><AmountOther>000000000000</AmountOther><ApplicationIdentifier>A0000005241010</ApplicationIdentifier><ApplicationInterchangeProfile>7800</ApplicationInterchangeProfile><ApplicationTransactionCounter>002E</ApplicationTransactionCounter><ChipConditionCode>0</ChipConditionCode><Cryptogram>66B88DE74D594F36</Cryptogram><CryptogramInformationData>80</CryptogramInformationData><CvmResults>020000</CvmResults><InterfaceDeviceSerialNumber>60810034</InterfaceDeviceSerialNumber><IssuerApplicationData>0105A00003040000</IssuerApplicationData><TerminalCapabilities>604000</TerminalCapabilities><TerminalCountryCode>356</TerminalCountryCode><TerminalType>14</TerminalType><TerminalVerificationResult>8000048000</TerminalVerificationResult><TransactionCurrencyCode>356</TransactionCurrencyCode><TransactionDate>251227</TransactionDate><TransactionType>01</TransactionType><UnpredictableNumber>6C467B19</UnpredictableNumber></IccRequest></IccData>","<?xml version=""1.0"" encoding=""ISO-8859-1""?><IccData><IccResponse><IssuerAuthenticationData>0DAE0A9DF227EEC10014</IssuerAuthenticationData></IccResponse></IccData>",051,00,NULL,211MediaTotals3122<MediaTotals><Totals><Amount>22630000</Amount><Currency>356</Currency><MediaClass>Cash</MediaClass></Totals></MediaTotals>218Postilion:MetaData3107211MediaTotals111212MediaBatchNr111223ICC_DEDICATED_FILE_NAME111217AdditionalEmvTags111214AdditionalInfo111212MediaBatchNr1842390931223ICC_DEDICATED_FILE_NAME214A0000005241010217AdditionalEmvTags3449<AdditionalEmvTags><EmvTag><TagId>50</TagId><TagValue>5275506179204465626974</TagValue></EmvTag><EmvTag><TagId>9F12</TagId><TagValue>5275506179204465626974</TagValue></EmvTag><EmvTag><TagId>5F34</TagId><TagValue>01</TagValue></EmvTag><EmvTag><TagId>9F40</TagId><TagValue>EE00B053FF</TagValue></EmvTag><EmvTag><TagId>84</TagId><TagValue>A0000005241010</TagValue></EmvTag><EmvTag><TagId>9B</TagId><TagValue>6800</TagValue></EmvTag></AdditionalEmvTags>214AdditionalInfo3268<AdditionalInfo><Transaction><OpCode>C  B  DA</OpCode></Transaction><Download><ATMConfigID>0005</ATMConfigID><AtmAppConfigID>0005</AtmAppConfigID><LoadsetGroup>English\Hindi\Marathi_EMV_VG</LoadsetGroup><DownloadApp>AppWLA_EMV</DownloadApp></Download></AdditionalInfo>,218Postilion:MetaData21217NFS_RRN11117NFS_RRN212536114380492,0,0,NULL,NULL,NULL,NULL,1,0,NULL,NULL,NULL,3,72,72,NULL,1,MPZ097530049815121444321227,3,01911387380   356,NULL,0,0,NULL,NULL,NULL,NULL,NULL,NULL,NULL,AAPWLA5,0,607866******7325,001,2808,620,MPZ09753,HITACHI_WLA5,MPZ09753       ,MPZ09753       ,6011,GEB NI SAME KORE MOBILEVASO         GJIN,NULL,NULL,NULL,NFSWLATG,NFSWLA,8,1,0,2,0,1,5,1,3,3,4,6,0,02,523700000,01G10A69GI9ML7E4RD,02100DFBDC3FCA40997EF399AA900F1662733EE21A,MPZ09753,NULL,NULL,NULL,NULL,NULL,NULL,NULL,NULL,NULL,NULL,NULL,NULL,NULL,NULL,NULL,,,,,,,,,,,,,,,,,,,,,,,,,,,,,,,,,
4963851963,2530640590,1887709,713,NULL,NULL,ISSWLAATM6,0,0200,01,2504922073,002884,NULL,55,NULL,NULL,1,1,NULL,NULL,NULL,WLA     ,002504922073,2025-12-27 09:14:32.000,2025-12-27 14:44:32.000,2025-12-27 14:44:32.637,2025-12-27 14:44:32.957,2025-12-27 00:00:00.000,2025-12-27 00:00:00.000,10,00,NULL,NULL,200000,0,0,200000,0,356,0,0,356,0,0,356,200000,0,200000,0,0,0,0,0,356,"<?xml version=""1.0"" encoding=""ISO-8859-1""?><IccData><IccRequest><AmountAuthorized>000000200000</AmountAuthorized><AmountOther>000000000000</AmountOther><ApplicationIdentifier>A0000005241010</ApplicationIdentifier><ApplicationInterchangeProfile>1900</ApplicationInterchangeProfile><ApplicationTransactionCounter>00B7</ApplicationTransactionCounter><ChipConditionCode>0</ChipConditionCode><Cryptogram>04A503C70A0A5192</Cryptogram><CryptogramInformationData>80</CryptogramInformationData><CvmResults>420300</CvmResults><InterfaceDeviceSerialNumber>ICT3    </InterfaceDeviceSerialNumber><IssuerApplicationData>0FB501A000000000010000000000000000000000000000000000000000000000</IssuerApplicationData><TerminalCapabilities>604000</TerminalCapabilities><TerminalCountryCode>356</TerminalCountryCode><TerminalType>14</TerminalType><TerminalVerificationResult>8080048000</TerminalVerificationResult><TransactionCurrencyCode>356</TransactionCurrencyCode><TransactionDate>251227</TransactionDate><TransactionType>01</TransactionType><UnpredictableNumber>50D15A4C</UnpredictableNumber></IccRequest></IccData>","<?xml version=""1.0"" encoding=""ISO-8859-1""?><IccData><IccResponse><IssuerAuthenticationData>9E70911580C400000000000000000000</IssuerAuthenticationData></IccResponse></IccData>",051,00,NULL,211MediaTotals3211<MediaTotals><Totals><Amount>23270000</Amount><Currency>356</Currency><MediaClass>Cash</MediaClass></Totals><Totals><Amount>0</Amount><Currency>000</Currency><MediaClass>Cards</MediaClass></Totals></MediaTotals>218Postilion:MetaData3107211MediaTotals111212MediaBatchNr111223ICC_DEDICATED_FILE_NAME111217AdditionalEmvTags111214AdditionalInfo111212MediaBatchNr1842300741223ICC_DEDICATED_FILE_NAME214A0000005241010217AdditionalEmvTags3642<AdditionalEmvTags><EmvTag><TagId>50</TagId><TagValue>5275506179204465626974</TagValue></EmvTag><EmvTag><TagId>9F21</TagId><TagValue>144259</TagValue></EmvTag><EmvTag><TagId>9F1C</TagId><TagValue>4D43524D32333331</TagValue></EmvTag><EmvTag><TagId>9F12</TagId><TagValue>5275506179204465626974</TagValue></EmvTag><EmvTag><TagId>5F34</TagId><TagValue>01</TagValue></EmvTag><EmvTag><TagId>9F40</TagId><TagValue>8E80B053FF</TagValue></EmvTag><EmvTag><TagId>87</TagId><TagValue>01</TagValue></EmvTag><EmvTag><TagId>84</TagId><TagValue>A0000005241010</TagValue></EmvTag><EmvTag><TagId>9B</TagId><TagValue>6800</TagValue></EmvTag></AdditionalEmvTags>214AdditionalInfo3259<AdditionalInfo><Transaction><OpCode>A  B  CA</OpCode></Transaction><Download><ATMConfigID>0025</ATMConfigID><AtmAppConfigID>0025</AtmAppConfigID><LoadsetGroup>ICCW_ICD_3LG</LoadsetGroup><DownloadApp>AppWLA_CRM_VS_EMV</DownloadApp></Download></AdditionalInfo>,218Postilion:MetaData21217NFS_RRN11117NFS_RRN212536114394056,0,0,NULL,NULL,NULL,NULL,1,0,NULL,NULL,NULL,3,73,NULL,NULL,1,MCRM23310028845121444321227,3,01911636903   356,NULL,0,0,NULL,NULL,NULL,NULL,NULL,NULL,NULL,AAPWLA6,0,817335******4327,001,3109,620,MCRM2331,HITACHI_WLA6,MCRM2331       ,MCRM2331       ,6011,ARUR BUS STAND ROAD ARUHARUR        TNIN,NULL,NULL,NULL,NFSWLATG,NFSWLA,8,1,0,2,0,1,5,1,3,3,4,6,0,02,723400000,01G10FLQKTI7CEF7VN,02B00ED2BA3CDE8D607DF774546C3540C5631C8395,MCRM2331,NULL,NULL,NULL,NULL,NULL,NULL,NULL,NULL,NULL,NULL,NULL,NULL,NULL,NULL,NULL,,,,,,,,,,,,,,,,,,,,,,,,,,,,,,,,,
4963851964,2530640588,1898897,0,NULL,NULL,ISSAIRTEL,1,0220,00,2504922071,075633,00,00,NULL,NULL,0,0,NULL,720532,1006,NULL,004778075633,2025-12-27 14:44:32.000,2025-12-25 08:39:03.000,2025-12-27 14:44:32.723,2025-12-27 14:44:32.850,2025-03-22 00:00:00.000,2024-03-22 00:00:00.000,30,00,1114960557,NULL,5120,5120,-5120,0,0,356,0,0,356,0,0,356,5120,5120,0,0,0,0,0,0,356,"<?xml version=""1.0"" encoding=""ISO-8859-1""?><IccData><IccRequest><AmountAuthorized>000000005120</AmountAuthorized><AmountOther>000000000000</AmountOther><ApplicationInterchangeProfile>1900</ApplicationInterchangeProfile><ApplicationTransactionCounter>037E</ApplicationTransactionCounter><Cryptogram>0B7DE6E13A442624</Cryptogram><CryptogramInformationData>40</CryptogramInformationData><IssuerApplicationData>0FB50194000000201400000000001441000000001492200000</IssuerApplicationData><TerminalCapabilities>000808</TerminalCapabilities><TerminalCountryCode>356</TerminalCountryCode><TerminalVerificationResult>0000000000</TerminalVerificationResult><TransactionCurrencyCode>356</TransactionCurrencyCode><TransactionType>00</TransactionType><UnpredictableNumber>2A47E77F</UnpredictableNumber></IccRequest></IccData>","<?xml version=""1.0"" encoding=""ISO-8859-1""?><IccData><IccResponse/></IccData>",070,00,NULL,218Postilion:MetaData281213RGCS_FileName11113CRN111226Postilion:ActiveActiveData111216txnlocaldatetime111213RGCS_FileName221052AIRP7530006253600013CRN2191000000000002940758226Postilion:ActiveActiveData242223PostCard:PostedDateTime2131766826872000216txnlocaldatetime212251225083903,"218Postilion:MetaData3113213RGCS_FileName11113CRN111226Postilion:ValidationResult111226Postilion:ActiveActiveData111216txnlocaldatetime111213RGCS_FileName221052AIRP7530006253600013CRN2191000000000002940758226Postilion:ValidationResult3301<ValidationResult><Result validator=""PC_CVR"">PASS</Result><Result validator=""PC_ATC"">SKIP</Result><Result validator=""PC_TVR"">PASS</Result><Result validator=""PC_PIN_INTEGRITY"">SKIP</Result><Result validator=""PC_CARD_STATE"">PASS</Result><Result validator=""PC_CRYPTOGRAM"">FAIL</Result></ValidationResult>226Postilion:ActiveActiveData242223PostCard:PostedDateTime2131766826872000216txnlocaldatetime212251225083903",0,0,NULL,NULL,NULL,NULL,NULL,NULL,NULL,NULL,NULL,3,NULL,NULL,10010,NULL,0220:075633:1225083903:720181807,3,NULL,NULL,NULL,NULL,NULL,NULL,NULL,NULL,NULL,NULL,NULL,ACQAPIAIRTEL,0,818074******7201,000,NULL,NULL,5P951846,NULL,5PT000000731774,5PT000000731774,4111,Delhi Metro Rail Cor   New Delhi    DLIN,NULL,NULL,NULL,DebitGroup,DefaultCard,1,5,3,2,2,0,3,7,2,7,3,7,3,00,102700000,01G10EETU8UU6THC7F,02F9E9DC40966E09A9F00A558240FB56F009B23C9F,5P951846,NULL,NULL,NULL,NULL,NULL,NULL,NULL,NULL,NULL,NULL,NULL,NULL,NULL,NULL,NULL,,,,,,,,,,,,,,,,,,,,,,,,,,,,,,,,,
4963851965,2530640591,2080365,223,NULL,NULL,NIL,0,0620,93,2504922074,004273,00,00,NULL,NULL,0,0,NULL,NULL,4001,WLA     ,002504922074,2025-12-27 09:14:32.000,2025-12-27 14:44:32.000,2025-12-27 14:44:32.647,2025-12-27 14:44:32.650,2025-12-27 00:00:00.000,2025-12-27 00:00:00.000,00,00,NULL,NULL,0,0,0,0,0,NULL,0,0,NULL,0,0,NULL,0,0,0,0,0,0,0,0,NULL,NULL,NULL,901,00,NULL,"211MediaTotals3121<MediaTotals><Totals><Amount>5130000</Amount><Currency>356</Currency><MediaClass>Cash</MediaClass></Totals></MediaTotals>218Postilion:MetaData3122211MediaTotals111213SuspectReason111212MediaBatchNr111218ORIG_EXT_TRAN_TYPE111218DispenserErrorData111214AdditionalInfo111213SuspectReason3139  Cassettes of type 3 are low on media. (device_id_graphic = E, device status = 000001600, error severity = 00000, supplies status = 10020)212MediaBatchNr1842417509218ORIG_EXT_TRAN_TYPE142007218DispenserErrorData264Serverity: 00000;Device Status: 000001600;Diagnostic Status: 00;214AdditionalInfo3280<AdditionalInfo><Transaction><CfgExtendedTrxType>2007</CfgExtendedTrxType></Transaction><Download><ATMConfigID>0004</ATMConfigID><AtmAppConfigID>0004</AtmAppConfigID><LoadsetGroup>English\Hindi_EMV_VG</LoadsetGroup><DownloadApp>AppWLA_EMV</DownloadApp></Download></AdditionalInfo>",NULL,0,0,NULL,NULL,2007,NULL,NULL,NULL,NULL,NULL,NULL,3,71,NULL,NULL,1,MPZ1540100427315681444321227645,3,01911246746   356,NULL,NULL,NULL,NULL,NULL,NULL,NULL,NULL,NULL,NULL,AAPWLA4,0,000000******0000,NULL,NULL,NULL,MPZ15401,HITACHI_WLA4,MPZ15401       ,NULL,6011,JUMME KA BAZAR         SEOHARA      UPIN,NULL,NULL,NULL,NULL,NULL,8,1,0,2,0,1,8,1,3,3,4,6,0,02,0,01G10B0U545376T377,022E3EADCB24CE373D5049FBF6597E8C0D19372B1D,NULL,NULL,NULL,NULL,NULL,NULL,NULL,NULL,NULL,NULL,NULL,NULL,NULL,NULL,NULL,NULL,,,,,,,,,,,,,,,,,,,,,,,,,,,,,,,,,
4963851966,2530640592,1877315,743,NULL,NULL,ISSWLAATM4,0,0200,01,2504922075,002786,NULL,00,NULL,012505,1,1,NULL,NULL,NULL,WLA     ,002504922075,2025-12-27 09:14:32.000,2025-12-27 14:44:32.000,2025-12-27 14:44:32.657,2025-12-27 14:44:32.937,2025-12-27 00:00:00.000,2025-12-27 00:00:00.000,10,00,NULL,NULL,400000,400000,-400000,400000,400000,356,0,0,356,0,0,356,400000,400000,400000,400000,0,0,0,0,356,"<?xml version=""1.0"" encoding=""ISO-8859-1""?><IccData><IccRequest><AmountAuthorized>000000400000</AmountAuthorized><AmountOther>000000000000</AmountOther><ApplicationIdentifier>A0000000031010</ApplicationIdentifier><ApplicationInterchangeProfile>3C00</ApplicationInterchangeProfile><ApplicationTransactionCounter>0034</ApplicationTransactionCounter><ChipConditionCode>0</ChipConditionCode><Cryptogram>18918B97045978FB</Cryptogram><CryptogramInformationData>80</CryptogramInformationData><CvmResults>020100</CvmResults><InterfaceDeviceSerialNumber>ICT3    </InterfaceDeviceSerialNumber><IssuerApplicationData>06010A03A02000</IssuerApplicationData><TerminalCapabilities>604000</TerminalCapabilities><TerminalCountryCode>356</TerminalCountryCode><TerminalType>14</TerminalType><TerminalVerificationResult>8000048000</TerminalVerificationResult><TransactionCurrencyCode>356</TransactionCurrencyCode><TransactionDate>251227</TransactionDate><TransactionType>01</TransactionType><UnpredictableNumber>FCD4F606</UnpredictableNumber></IccRequest></IccData>","<?xml version=""1.0"" encoding=""ISO-8859-1""?><IccData><IccResponse><IssuerAuthenticationData>DA41A7E81B484F6F3030</IssuerAuthenticationData></IccResponse></IccData>",051,00,NULL,211MediaTotals3211<MediaTotals><Totals><Amount>98860000</Amount><Currency>356</Currency><MediaClass>Cash</MediaClass></Totals><Totals><Amount>0</Amount><Currency>000</Currency><MediaClass>Cards</MediaClass></Totals></MediaTotals>218Postilion:MetaData3107211MediaTotals111212MediaBatchNr111223ICC_DEDICATED_FILE_NAME111217AdditionalEmvTags111214AdditionalInfo111212MediaBatchNr1842302943223ICC_DEDICATED_FILE_NAME214A0000000031010217AdditionalEmvTags3425<AdditionalEmvTags><EmvTag><TagId>50</TagId><TagValue>56495341204445424954</TagValue></EmvTag><EmvTag><TagId>5F34</TagId><TagValue>01</TagValue></EmvTag><EmvTag><TagId>9F40</TagId><TagValue>8E80B053FF</TagValue></EmvTag><EmvTag><TagId>87</TagId><TagValue>01</TagValue></EmvTag><EmvTag><TagId>84</TagId><TagValue>A0000000031010</TagValue></EmvTag><EmvTag><TagId>9B</TagId><TagValue>6800</TagValue></EmvTag></AdditionalEmvTags>214AdditionalInfo3255<AdditionalInfo><Transaction><OpCode>B  B   A</OpCode></Transaction><Download><ATMConfigID>0026</ATMConfigID><AtmAppConfigID>0026</AtmAppConfigID><LoadsetGroup>ICCW_3LG</LoadsetGroup><DownloadApp>AppWLA_CRM_VS_EMV</DownloadApp></Download></AdditionalInfo>,218Postilion:MetaData21217NFS_RRN11117NFS_RRN212536114606454,0,0,NULL,NULL,NULL,NULL,1,0,NULL,NULL,NULL,3,71,NULL,NULL,1,MCRM28580027865121444321227,3,01911140412   356,NULL,0,0,NULL,NULL,NULL,NULL,NULL,NULL,NULL,AAPWLA4,0,417349******3800,001,2909,226,MCRM2858,HITACHI_WLA4,MCRM2858       ,MCRM2858       ,6011,PATIALA PUNJAB         PATIALA      PBIN,NULL,NULL,NULL,NFSWLATG,NFSWLA,8,1,0,2,0,1,5,1,3,3,4,6,0,02,8300000,01G106PAA5MFU4RB9R,02D310DE94D97E75ABE41AE265B7E4512CCC243501,MCRM2858,NULL,NULL,NULL,NULL,NULL,NULL,NULL,NULL,NULL,NULL,NULL,NULL,NULL,NULL,NULL,,,,,,,,,,,,,,,,,,,,,,,,,,,,,,,,,
4963851967,2530640592,1870122,747,NULL,NULL,ISSWLAATM4,1,0200,01,2504922075,606454,NULL,00,NULL,012505,1,1,NULL,811464,1510,WLA     ,002504922075,2025-12-27 09:14:32.000,2025-12-27 14:44:32.000,2025-12-27 14:44:32.673,2025-12-27 14:44:32.937,2025-12-27 00:00:00.000,2025-12-27 00:00:00.000,10,00,NULL,NULL,400000,400000,-400000,400000,400000,356,0,0,356,0,0,356,400000,400000,400000,400000,0,0,0,0,356,"<?xml version=""1.0"" encoding=""ISO-8859-1""?><IccData><IccRequest><AmountAuthorized>000000400000</AmountAuthorized><AmountOther>000000000000</AmountOther><ApplicationIdentifier>A0000000031010</ApplicationIdentifier><ApplicationInterchangeProfile>3C00</ApplicationInterchangeProfile><ApplicationTransactionCounter>0034</ApplicationTransactionCounter><ChipConditionCode>0</ChipConditionCode><Cryptogram>18918B97045978FB</Cryptogram><CryptogramInformationData>80</CryptogramInformationData><CvmResults>020100</CvmResults><InterfaceDeviceSerialNumber>ICT3    </InterfaceDeviceSerialNumber><IssuerApplicationData>06010A03A02000</IssuerApplicationData><TerminalCapabilities>604000</TerminalCapabilities><TerminalCountryCode>356</TerminalCountryCode><TerminalType>14</TerminalType><TerminalVerificationResult>8000048000</TerminalVerificationResult><TransactionCurrencyCode>356</TransactionCurrencyCode><TransactionDate>251227</TransactionDate><TransactionType>01</TransactionType><UnpredictableNumber>FCD4F606</UnpredictableNumber></IccRequest></IccData>","<?xml version=""1.0"" encoding=""ISO-8859-1""?><IccData><IccResponse><IssuerAuthenticationData>DA41A7E81B484F6F3030</IssuerAuthenticationData></IccResponse></IccData>",051,00,NULL,211MediaTotals3211<MediaTotals><Totals><Amount>98860000</Amount><Currency>356</Currency><MediaClass>Cash</MediaClass></Totals><Totals><Amount>0</Amount><Currency>000</Currency><MediaClass>Cards</MediaClass></Totals></MediaTotals>218Postilion:MetaData3107211MediaTotals111212MediaBatchNr111223ICC_DEDICATED_FILE_NAME111217AdditionalEmvTags111214AdditionalInfo111212MediaBatchNr1842302943223ICC_DEDICATED_FILE_NAME214A0000000031010217AdditionalEmvTags3425<AdditionalEmvTags><EmvTag><TagId>50</TagId><TagValue>56495341204445424954</TagValue></EmvTag><EmvTag><TagId>5F34</TagId><TagValue>01</TagValue></EmvTag><EmvTag><TagId>9F40</TagId><TagValue>8E80B053FF</TagValue></EmvTag><EmvTag><TagId>87</TagId><TagValue>01</TagValue></EmvTag><EmvTag><TagId>84</TagId><TagValue>A0000000031010</TagValue></EmvTag><EmvTag><TagId>9B</TagId><TagValue>6800</TagValue></EmvTag></AdditionalEmvTags>214AdditionalInfo3255<AdditionalInfo><Transaction><OpCode>B  B   A</OpCode></Transaction><Download><ATMConfigID>0026</ATMConfigID><AtmAppConfigID>0026</AtmAppConfigID><LoadsetGroup>ICCW_3LG</LoadsetGroup><DownloadApp>AppWLA_CRM_VS_EMV</DownloadApp></Download></AdditionalInfo>,218Postilion:MetaData21217NFS_RRN11117NFS_RRN212536114606454,0,0,NULL,NULL,NULL,NULL,1,0,NULL,NULL,NULL,3,71,71,NULL,1,MCRM28580027865121444321227,3,01911140412   356,NULL,0,0,NULL,NULL,NULL,NULL,NULL,NULL,NULL,AAPWLA4,0,417349******3800,001,2909,226,MCRM2858,HITACHI_WLA4,MCRM2858       ,MCRM2858       ,6011,PATIALA PUNJAB         PATIALA      PBIN,NULL,NULL,NULL,NFSWLATG,NFSWLA,8,1,0,2,0,1,5,1,3,3,4,6,0,02,8300000,01G106PAA5MFU4RB9R,02D310DE94D97E75ABE41AE265B7E4512CCC243501,MCRM2858,NULL,NULL,NULL,NULL,NULL,NULL,NULL,NULL,NULL,NULL,NULL,NULL,NULL,NULL,NULL,,,,,,,,,,,,,,,,,,,,,,,,,,,,,,,,,
4963851968,2530640593,1875617,744,NULL,NULL,ISSWLAATM6,0,0200,01,2504922076,008393,NULL,00,NULL,UNI000,1,1,NULL,NULL,NULL,WLA     ,002504922076,2025-12-27 09:14:32.000,2025-12-27 14:44:32.000,2025-12-27 14:44:32.673,2025-12-27 14:44:33.247,2025-12-27 00:00:00.000,2025-12-27 00:00:00.000,20,00,646502010002379,NULL,500000,500000,-500000,500000,500000,356,0,0,356,0,0,356,500000,500000,500000,500000,0,0,0,0,356,"<?xml version=""1.0"" encoding=""ISO-8859-1""?><IccData><IccRequest><AmountAuthorized>000000500000</AmountAuthorized><AmountOther>000000000000</AmountOther><ApplicationIdentifier>A0000005241010</ApplicationIdentifier><ApplicationInterchangeProfile>1900</ApplicationInterchangeProfile><ApplicationTransactionCounter>0030</ApplicationTransactionCounter><ChipConditionCode>0</ChipConditionCode><Cryptogram>ACBFCAD4B90E696F</Cryptogram><CryptogramInformationData>80</CryptogramInformationData><CvmResults>420300</CvmResults><InterfaceDeviceSerialNumber>60813660</InterfaceDeviceSerialNumber><IssuerApplicationData>0FB501A000000400000000000000000000000000000000000000000000000000</IssuerApplicationData><TerminalCapabilities>604000</TerminalCapabilities><TerminalCountryCode>356</TerminalCountryCode><TerminalType>14</TerminalType><TerminalVerificationResult>8080048000</TerminalVerificationResult><TransactionCurrencyCode>356</TransactionCurrencyCode><TransactionDate>251227</TransactionDate><TransactionType>01</TransactionType><UnpredictableNumber>6CE325A9</UnpredictableNumber></IccRequest></IccData>","<?xml version=""1.0"" encoding=""ISO-8859-1""?><IccData><IccResponse><IssuerAuthenticationData>C49DD9A8808000000000000000000000</IssuerAuthenticationData></IccResponse></IccData>",051,00,NULL,211MediaTotals3122<MediaTotals><Totals><Amount>87020000</Amount><Currency>356</Currency><MediaClass>Cash</MediaClass></Totals></MediaTotals>218Postilion:MetaData3107211MediaTotals111212MediaBatchNr111223ICC_DEDICATED_FILE_NAME111217AdditionalEmvTags111214AdditionalInfo111212MediaBatchNr1842373695223ICC_DEDICATED_FILE_NAME214A0000005241010217AdditionalEmvTags3569<AdditionalEmvTags><EmvTag><TagId>50</TagId><TagValue>5275506179204465626974</TagValue></EmvTag><EmvTag><TagId>9F21</TagId><TagValue>144328</TagValue></EmvTag><EmvTag><TagId>9F12</TagId><TagValue>5275506179204465626974</TagValue></EmvTag><EmvTag><TagId>5F34</TagId><TagValue>01</TagValue></EmvTag><EmvTag><TagId>9F40</TagId><TagValue>EE00B053FF</TagValue></EmvTag><EmvTag><TagId>87</TagId><TagValue>01</TagValue></EmvTag><EmvTag><TagId>84</TagId><TagValue>A0000005241010</TagValue></EmvTag><EmvTag><TagId>9B</TagId><TagValue>6800</TagValue></EmvTag></AdditionalEmvTags>214AdditionalInfo3265<AdditionalInfo><Transaction><OpCode>A  A  DA</OpCode></Transaction><Download><ATMConfigID>0002</ATMConfigID><AtmAppConfigID>0002</AtmAppConfigID><LoadsetGroup>English\Hindi\Marathi_EMV</LoadsetGroup><DownloadApp>AppWLA_EMV</DownloadApp></Download></AdditionalInfo>,218Postilion:MetaData21217NFS_RRN11117NFS_RRN212536114394057,0,0,NULL,NULL,NULL,NULL,1,0,NULL,NULL,NULL,3,73,NULL,NULL,1,MPB012240083935121444321227,3,01911421302   356,NULL,0,0,NULL,NULL,NULL,NULL,NULL,NULL,NULL,AAPWLA6,0,608332******9207,001,3012,620,MPB01224,HITACHI_WLA6,MPB01224       ,MPB01224       ,6011,NR NIVETA ELECTRONICS  BHIWANDI     MHIN,NULL,NULL,NULL,NFSWLATG,NFSWLA,8,1,0,2,0,1,5,1,3,3,4,6,0,02,702900000,01G10IKGIP5HCTF8P ,02D15896D45A0B7717306811F74A19AF138E20A031,MPB01224,NULL,NULL,NULL,NULL,NULL,NULL,NULL,NULL,NULL,NULL,NULL,NULL,NULL,NULL,NULL,,,,,,,,,,,,,,,,,,,,,,,,,,,,,,,,,
4963851969,2530640593,1869440,750,NULL,NULL,ISSWLAATM6,1,0200,01,2504922076,394057,NULL,00,NULL,UNI000,1,1,NULL,811464,1510,WLA     ,002504922076,2025-12-27 09:14:32.000,2025-12-27 14:44:32.000,2025-12-27 14:44:32.687,2025-12-27 14:44:33.247,2025-12-27 00:00:00.000,2025-12-27 00:00:00.000,20,00,646502010002379,NULL,500000,500000,-500000,500000,500000,356,0,0,356,0,0,356,500000,500000,500000,500000,0,0,0,0,356,"<?xml version=""1.0"" encoding=""ISO-8859-1""?><IccData><IccRequest><AmountAuthorized>000000500000</AmountAuthorized><AmountOther>000000000000</AmountOther><ApplicationIdentifier>A0000005241010</ApplicationIdentifier><ApplicationInterchangeProfile>1900</ApplicationInterchangeProfile><ApplicationTransactionCounter>0030</ApplicationTransactionCounter><ChipConditionCode>0</ChipConditionCode><Cryptogram>ACBFCAD4B90E696F</Cryptogram><CryptogramInformationData>80</CryptogramInformationData><CvmResults>420300</CvmResults><InterfaceDeviceSerialNumber>60813660</InterfaceDeviceSerialNumber><IssuerApplicationData>0FB501A000000400000000000000000000000000000000000000000000000000</IssuerApplicationData><TerminalCapabilities>604000</TerminalCapabilities><TerminalCountryCode>356</TerminalCountryCode><TerminalType>14</TerminalType><TerminalVerificationResult>8080048000</TerminalVerificationResult><TransactionCurrencyCode>356</TransactionCurrencyCode><TransactionDate>251227</TransactionDate><TransactionType>01</TransactionType><UnpredictableNumber>6CE325A9</UnpredictableNumber></IccRequest></IccData>","<?xml version=""1.0"" encoding=""ISO-8859-1""?><IccData><IccResponse><IssuerAuthenticationData>C49DD9A8808000000000000000000000</IssuerAuthenticationData></IccResponse></IccData>",051,00,NULL,211MediaTotals3122<MediaTotals><Totals><Amount>87020000</Amount><Currency>356</Currency><MediaClass>Cash</MediaClass></Totals></MediaTotals>218Postilion:MetaData3107211MediaTotals111212MediaBatchNr111223ICC_DEDICATED_FILE_NAME111217AdditionalEmvTags111214AdditionalInfo111212MediaBatchNr1842373695223ICC_DEDICATED_FILE_NAME214A0000005241010217AdditionalEmvTags3569<AdditionalEmvTags><EmvTag><TagId>50</TagId><TagValue>5275506179204465626974</TagValue></EmvTag><EmvTag><TagId>9F21</TagId><TagValue>144328</TagValue></EmvTag><EmvTag><TagId>9F12</TagId><TagValue>5275506179204465626974</TagValue></EmvTag><EmvTag><TagId>5F34</TagId><TagValue>01</TagValue></EmvTag><EmvTag><TagId>9F40</TagId><TagValue>EE00B053FF</TagValue></EmvTag><EmvTag><TagId>87</TagId><TagValue>01</TagValue></EmvTag><EmvTag><TagId>84</TagId><TagValue>A0000005241010</TagValue></EmvTag><EmvTag><TagId>9B</TagId><TagValue>6800</TagValue></EmvTag></AdditionalEmvTags>214AdditionalInfo3265<AdditionalInfo><Transaction><OpCode>A  A  DA</OpCode></Transaction><Download><ATMConfigID>0002</ATMConfigID><AtmAppConfigID>0002</AtmAppConfigID><LoadsetGroup>English\Hindi\Marathi_EMV</LoadsetGroup><DownloadApp>AppWLA_EMV</DownloadApp></Download></AdditionalInfo>,218Postilion:MetaData21217NFS_RRN11117NFS_RRN212536114394057,0,0,NULL,NULL,NULL,NULL,1,0,NULL,NULL,NULL,3,73,73,NULL,1,MPB012240083935121444321227,3,01911421302   356,NULL,0,0,NULL,NULL,NULL,NULL,NULL,NULL,NULL,AAPWLA6,0,608332******9207,001,3012,620,MPB01224,HITACHI_WLA6,MPB01224       ,MPB01224       ,6011,NR NIVETA ELECTRONICS  BHIWANDI     MHIN,NULL,NULL,NULL,NFSWLATG,NFSWLA,8,1,0,2,0,1,5,1,3,3,4,6,0,02,702900000,01G10IKGIP5HCTF8P ,02D15896D45A0B7717306811F74A19AF138E20A031,MPB01224,NULL,NULL,NULL,NULL,NULL,NULL,NULL,NULL,NULL,NULL,NULL,NULL,NULL,NULL,NULL,,,,,,,,,,,,,,,,,,,,,,,,,,,,,,,,,
4963851970,2530640594,2533534,28,NULL,NULL,ISSWLAATM4,0,0200,31,2504922077,000134,NULL,00,NULL,607452,1,1,NULL,NULL,NULL,WLA     ,002504922077,2025-12-27 09:14:32.000,2025-12-27 14:44:32.000,2025-12-27 14:44:32.773,2025-12-27 14:44:33.030,2025-12-27 00:00:00.000,2025-12-27 00:00:00.000,20,00,720202010002254,NULL,0,0,0,0,0,356,0,0,356,0,0,356,0,0,0,0,0,0,0,0,356,"<?xml version=""1.0"" encoding=""ISO-8859-1""?><IccData><IccRequest><AmountAuthorized>000000000000</AmountAuthorized><AmountOther>000000000000</AmountOther><ApplicationIdentifier>A0000000031010</ApplicationIdentifier><ApplicationInterchangeProfile>3800</ApplicationInterchangeProfile><ApplicationTransactionCounter>0067</ApplicationTransactionCounter><ChipConditionCode>0</ChipConditionCode><Cryptogram>752DA20B609C7F5B</Cryptogram><CryptogramInformationData>80</CryptogramInformationData><CvmResults>420300</CvmResults><InterfaceDeviceSerialNumber>60699582</InterfaceDeviceSerialNumber><IssuerApplicationData>06020A03A00000</IssuerApplicationData><TerminalCapabilities>604000</TerminalCapabilities><TerminalCountryCode>356</TerminalCountryCode><TerminalType>14</TerminalType><TerminalVerificationResult>8000048000</TerminalVerificationResult><TransactionCurrencyCode>356</TransactionCurrencyCode><TransactionDate>251227</TransactionDate><TransactionType>31</TransactionType><UnpredictableNumber>E49A6B72</UnpredictableNumber></IccRequest></IccData>","<?xml version=""1.0"" encoding=""ISO-8859-1""?><IccData><IccResponse><IssuerAuthenticationData>26B771CCF2765C2E3030</IssuerAuthenticationData></IccResponse></IccData>",051,00,NULL,211MediaTotals3122<MediaTotals><Totals><Amount>19040000</Amount><Currency>356</Currency><MediaClass>Cash</MediaClass></Totals></MediaTotals>218Postilion:MetaData3107211MediaTotals111212MediaBatchNr111223ICC_DEDICATED_FILE_NAME111217AdditionalEmvTags111214AdditionalInfo111212MediaBatchNr1842384177223ICC_DEDICATED_FILE_NAME214A0000000031010217AdditionalEmvTags3502<AdditionalEmvTags><EmvTag><TagId>50</TagId><TagValue>56697361204465626974</TagValue></EmvTag><EmvTag><TagId>9F12</TagId><TagValue>56697361204465626974</TagValue></EmvTag><EmvTag><TagId>5F34</TagId><TagValue>01</TagValue></EmvTag><EmvTag><TagId>9F40</TagId><TagValue>EE00B053FF</TagValue></EmvTag><EmvTag><TagId>87</TagId><TagValue>01</TagValue></EmvTag><EmvTag><TagId>84</TagId><TagValue>A0000000031010</TagValue></EmvTag><EmvTag><TagId>9B</TagId><TagValue>6800</TagValue></EmvTag></AdditionalEmvTags>214AdditionalInfo3268<AdditionalInfo><Transaction><OpCode>A  A  CB</OpCode></Transaction><Download><ATMConfigID>0005</ATMConfigID><AtmAppConfigID>0005</AtmAppConfigID><LoadsetGroup>English\Hindi\Marathi_EMV_VG</LoadsetGroup><DownloadApp>AppWLA_EMV</DownloadApp></Download></AdditionalInfo>,218Postilion:MetaData21217NFS_RRN11117NFS_RRN212536114606455,0,0,NULL,NULL,NULL,NULL,1,0,NULL,NULL,NULL,3,71,NULL,NULL,1,MPZ161300001345121444321227,3,01911686101   356,NULL,0,0,NULL,NULL,NULL,NULL,NULL,NULL,NULL,AAPWLA4,0,434658******8755,001,3112,226,MPZ16130,HITACHI_WLA4,MPZ16130       ,MPZ16130       ,6011,KSRTC BUS STAND        CHANGANASSERYKLIN,NULL,NULL,NULL,NFSWLATG,NFSWLA,8,1,0,2,0,1,5,1,3,3,4,6,0,02,557800000,01G10EJ3IBK9CKHJIM,02E9F298AC10F877910F51436A1EDD694AD08E99F9,MPZ16130,NULL,NULL,NULL,NULL,NULL,NULL,NULL,NULL,NULL,NULL,NULL,NULL,NULL,NULL,NULL,,,,,,,,,,,,,,,,,,,,,,,,,,,,,,,,,
4963851971,2530640590,1869440,750,NULL,NULL,ISSWLAATM6,1,0200,01,2504922073,394056,NULL,55,NULL,NULL,1,1,NULL,811464,1510,WLA     ,002504922073,2025-12-27 09:14:32.000,2025-12-27 14:44:32.000,2025-12-27 14:44:32.653,2025-12-27 14:44:32.957,2025-12-27 00:00:00.000,2025-12-27 00:00:00.000,10,00,NULL,NULL,200000,0,0,200000,0,356,0,0,356,0,0,356,200000,0,200000,0,0,0,0,0,356,"<?xml version=""1.0"" encoding=""ISO-8859-1""?><IccData><IccRequest><AmountAuthorized>000000200000</AmountAuthorized><AmountOther>000000000000</AmountOther><ApplicationIdentifier>A0000005241010</ApplicationIdentifier><ApplicationInterchangeProfile>1900</ApplicationInterchangeProfile><ApplicationTransactionCounter>00B7</ApplicationTransactionCounter><ChipConditionCode>0</ChipConditionCode><Cryptogram>04A503C70A0A5192</Cryptogram><CryptogramInformationData>80</CryptogramInformationData><CvmResults>420300</CvmResults><InterfaceDeviceSerialNumber>ICT3    </InterfaceDeviceSerialNumber><IssuerApplicationData>0FB501A000000000010000000000000000000000000000000000000000000000</IssuerApplicationData><TerminalCapabilities>604000</TerminalCapabilities><TerminalCountryCode>356</TerminalCountryCode><TerminalType>14</TerminalType><TerminalVerificationResult>8080048000</TerminalVerificationResult><TransactionCurrencyCode>356</TransactionCurrencyCode><TransactionDate>251227</TransactionDate><TransactionType>01</TransactionType><UnpredictableNumber>50D15A4C</UnpredictableNumber></IccRequest></IccData>","<?xml version=""1.0"" encoding=""ISO-8859-1""?><IccData><IccResponse><IssuerAuthenticationData>9E70911580C400000000000000000000</IssuerAuthenticationData></IccResponse></IccData>",051,00,NULL,211MediaTotals3211<MediaTotals><Totals><Amount>23270000</Amount><Currency>356</Currency><MediaClass>Cash</MediaClass></Totals><Totals><Amount>0</Amount><Currency>000</Currency><MediaClass>Cards</MediaClass></Totals></MediaTotals>218Postilion:MetaData3107211MediaTotals111212MediaBatchNr111223ICC_DEDICATED_FILE_NAME111217AdditionalEmvTags111214AdditionalInfo111212MediaBatchNr1842300741223ICC_DEDICATED_FILE_NAME214A0000005241010217AdditionalEmvTags3642<AdditionalEmvTags><EmvTag><TagId>50</TagId><TagValue>5275506179204465626974</TagValue></EmvTag><EmvTag><TagId>9F21</TagId><TagValue>144259</TagValue></EmvTag><EmvTag><TagId>9F1C</TagId><TagValue>4D43524D32333331</TagValue></EmvTag><EmvTag><TagId>9F12</TagId><TagValue>5275506179204465626974</TagValue></EmvTag><EmvTag><TagId>5F34</TagId><TagValue>01</TagValue></EmvTag><EmvTag><TagId>9F40</TagId><TagValue>8E80B053FF</TagValue></EmvTag><EmvTag><TagId>87</TagId><TagValue>01</TagValue></EmvTag><EmvTag><TagId>84</TagId><TagValue>A0000005241010</TagValue></EmvTag><EmvTag><TagId>9B</TagId><TagValue>6800</TagValue></EmvTag></AdditionalEmvTags>214AdditionalInfo3259<AdditionalInfo><Transaction><OpCode>A  B  CA</OpCode></Transaction><Download><ATMConfigID>0025</ATMConfigID><AtmAppConfigID>0025</AtmAppConfigID><LoadsetGroup>ICCW_ICD_3LG</LoadsetGroup><DownloadApp>AppWLA_CRM_VS_EMV</DownloadApp></Download></AdditionalInfo>,218Postilion:MetaData21217NFS_RRN11117NFS_RRN212536114394056,0,0,NULL,NULL,NULL,NULL,1,0,NULL,NULL,NULL,3,73,73,NULL,1,MCRM23310028845121444321227,3,01911636903   356,NULL,0,0,NULL,NULL,NULL,NULL,NULL,NULL,NULL,AAPWLA6,0,817335******4327,001,3109,620,MCRM2331,HITACHI_WLA6,MCRM2331       ,MCRM2331       ,6011,ARUR BUS STAND ROAD ARUHARUR        TNIN,NULL,NULL,NULL,NFSWLATG,NFSWLA,8,1,0,2,0,1,5,1,3,3,4,6,0,02,723400000,01G10FLQKTI7CEF7VN,02B00ED2BA3CDE8D607DF774546C3540C5631C8395,MCRM2331,NULL,NULL,NULL,NULL,NULL,NULL,NULL,NULL,NULL,NULL,NULL,NULL,NULL,NULL,NULL,,,,,,,,,,,,,,,,,,,,,,,,,,,,,,,,,
4963851972,2530640595,1898855,0,NULL,NULL,ISSAIRTEL,0,0220,00,2504922078,068275,00,00,NULL,NULL,0,0,NULL,720532,1006,NULL,004778068275,2025-12-27 14:44:32.000,2025-12-25 08:24:52.000,2025-12-27 14:44:32.783,2025-12-27 14:44:32.900,2025-03-22 00:00:00.000,2024-03-22 00:00:00.000,30,00,1114540777,NULL,2880,2880,-2880,0,0,356,0,0,356,0,0,356,2880,2880,0,0,0,0,0,0,356,"<?xml version=""1.0"" encoding=""ISO-8859-1""?><IccData><IccRequest><AmountAuthorized>000000002880</AmountAuthorized><AmountOther>000000000000</AmountOther><ApplicationInterchangeProfile>1900</ApplicationInterchangeProfile><ApplicationTransactionCounter>0348</ApplicationTransactionCounter><Cryptogram>9CDA3DFE35A28CCF</Cryptogram><CryptogramInformationData>40</CryptogramInformationData><IssuerApplicationData>0FB50194000000201400000000000006300000000035100000</IssuerApplicationData><TerminalCapabilities>000808</TerminalCapabilities><TerminalCountryCode>356</TerminalCountryCode><TerminalVerificationResult>0000000000</TerminalVerificationResult><TransactionCurrencyCode>356</TransactionCurrencyCode><TransactionType>00</TransactionType><UnpredictableNumber>32D8DF9B</UnpredictableNumber></IccRequest></IccData>","<?xml version=""1.0"" encoding=""ISO-8859-1""?><IccData><IccResponse/></IccData>",070,00,NULL,218Postilion:MetaData281213RGCS_FileName11113CRN111226Postilion:ActiveActiveData111216txnlocaldatetime111213RGCS_FileName221052AIRP7530006253600013CRN2191000000000002919799226Postilion:ActiveActiveData242223PostCard:PostedDateTime2131766826872000216txnlocaldatetime212251225082452,"218Postilion:MetaData3113213RGCS_FileName11113CRN111226Postilion:ValidationResult111226Postilion:ActiveActiveData111216txnlocaldatetime111213RGCS_FileName221052AIRP7530006253600013CRN2191000000000002919799226Postilion:ValidationResult3301<ValidationResult><Result validator=""PC_CVR"">PASS</Result><Result validator=""PC_ATC"">SKIP</Result><Result validator=""PC_TVR"">PASS</Result><Result validator=""PC_PIN_INTEGRITY"">SKIP</Result><Result validator=""PC_CARD_STATE"">PASS</Result><Result validator=""PC_CRYPTOGRAM"">FAIL</Result></ValidationResult>226Postilion:ActiveActiveData242223PostCard:PostedDateTime2131766826872000216txnlocaldatetime212251225082452",0,0,NULL,NULL,NULL,NULL,NULL,NULL,NULL,NULL,NULL,3,NULL,NULL,10010,NULL,0220:068275:1225082452:154581807,3,NULL,NULL,NULL,NULL,NULL,NULL,NULL,NULL,NULL,NULL,NULL,ACQAPIAIRTEL,0,818074******1545,000,NULL,NULL,6P089406,NULL,5PT000000731774,5PT000000731774,4111,Delhi Metro Rail Cor   New Delhi    DLIN,NULL,NULL,NULL,DebitGroup,DefaultCard,1,5,3,2,2,0,3,7,2,7,3,7,3,00,545100000,01G1036VOB3KP5VK2M,02606E4DEB970F66001743FDF8E29CA552F74DCD67,6P089406,NULL,NULL,NULL,NULL,NULL,NULL,NULL,NULL,NULL,NULL,NULL,NULL,NULL,NULL,NULL,,,,,,,,,,,,,,,,,,,,,,,,,,,,,,,,,
4963851973,2530640587,1870119,747,NULL,NULL,ISSWLAATM2,1,0200,01,2504922070,921992,NULL,00,NULL,144432,1,1,NULL,811464,1510,WLA     ,002504922070,2025-12-27 09:14:32.000,2025-12-27 14:44:32.000,2025-12-27 14:44:32.607,2025-12-27 14:44:33.323,2025-12-27 00:00:00.000,2025-12-27 00:00:00.000,10,00,31298100004180,NULL,500000,500000,-500000,500000,500000,356,0,0,356,0,0,356,500000,500000,500000,500000,0,0,0,0,356,"<?xml version=""1.0"" encoding=""ISO-8859-1""?><IccData><IccRequest><AmountAuthorized>000000500000</AmountAuthorized><AmountOther>000000000000</AmountOther><ApplicationIdentifier>A0000005241010</ApplicationIdentifier><ApplicationInterchangeProfile>3800</ApplicationInterchangeProfile><ApplicationTransactionCounter>010F</ApplicationTransactionCounter><ChipConditionCode>0</ChipConditionCode><Cryptogram>F084D8DAD0A7CA52</Cryptogram><CryptogramInformationData>80</CryptogramInformationData><CvmResults>020000</CvmResults><InterfaceDeviceSerialNumber>60811411</InterfaceDeviceSerialNumber><IssuerApplicationData>0105A00000040000</IssuerApplicationData><TerminalCapabilities>604000</TerminalCapabilities><TerminalCountryCode>356</TerminalCountryCode><TerminalType>14</TerminalType><TerminalVerificationResult>8000048000</TerminalVerificationResult><TransactionCurrencyCode>356</TransactionCurrencyCode><TransactionDate>251227</TransactionDate><TransactionType>01</TransactionType><UnpredictableNumber>1E4ADBD1</UnpredictableNumber></IccRequest></IccData>","<?xml version=""1.0"" encoding=""ISO-8859-1""?><IccData><IccResponse><IssuerAuthenticationData>4B61860CBC987B4D0014</IssuerAuthenticationData></IccResponse></IccData>",051,00,NULL,211MediaTotals3211<MediaTotals><Totals><Amount>32700000</Amount><Currency>356</Currency><MediaClass>Cash</MediaClass></Totals><Totals><Amount>0</Amount><Currency>000</Currency><MediaClass>Cards</MediaClass></Totals></MediaTotals>218Postilion:MetaData3107211MediaTotals111212MediaBatchNr111223ICC_DEDICATED_FILE_NAME111217AdditionalEmvTags111214AdditionalInfo111212MediaBatchNr1842368785223ICC_DEDICATED_FILE_NAME214A0000005241010217AdditionalEmvTags3449<AdditionalEmvTags><EmvTag><TagId>50</TagId><TagValue>5275506179204465626974</TagValue></EmvTag><EmvTag><TagId>9F12</TagId><TagValue>5275506179204465626974</TagValue></EmvTag><EmvTag><TagId>5F34</TagId><TagValue>01</TagValue></EmvTag><EmvTag><TagId>9F40</TagId><TagValue>EE00B053FF</TagValue></EmvTag><EmvTag><TagId>84</TagId><TagValue>A0000005241010</TagValue></EmvTag><EmvTag><TagId>9B</TagId><TagValue>6800</TagValue></EmvTag></AdditionalEmvTags>214AdditionalInfo3263<AdditionalInfo><Transaction><OpCode>A  B  DA</OpCode></Transaction><Download><ATMConfigID>0003</ATMConfigID><AtmAppConfigID>0003</AtmAppConfigID><LoadsetGroup>English\Hindi_EMV_OFFER</LoadsetGroup><DownloadApp>AppWLA_EMV</DownloadApp></Download></AdditionalInfo>,218Postilion:MetaData21217NFS_RRN11117NFS_RRN212536114921992,0,0,NULL,NULL,NULL,NULL,1,0,NULL,NULL,NULL,3,69,69,NULL,1,MPZ026350046385121444321227,3,01911209306   356,NULL,0,0,NULL,NULL,NULL,NULL,NULL,NULL,NULL,AAPWLA2,0,606994******0390,001,2606,620,MPZ02635,HITACHI_WLA2,MPZ02635       ,MPZ02635       ,6011,KESAW NAGAR            RASULABAD    UPIN,NULL,NULL,NULL,NFSWLATG,NFSWLA,8,1,0,2,0,1,5,1,3,3,4,6,0,02,93000000,01G10BPP3EVCKB9Q31,02CDDD234FE57D2C5C492DD0911F052EBD8CA382CB,MPZ02635,NULL,NULL,NULL,NULL,NULL,NULL,NULL,NULL,NULL,NULL,NULL,NULL,NULL,NULL,NULL,,,,,,,,,,,,,,,,,,,,,,,,,,,,,,,,,
4963851974,2530640596,1998334,361,NULL,NULL,NIL,0,0620,93,2504922079,006545,00,00,NULL,NULL,0,0,NULL,NULL,4001,WLA     ,002504922079,2025-12-27 09:14:32.000,2025-12-27 14:44:32.000,2025-12-27 14:44:32.913,2025-12-27 14:44:32.913,2025-12-27 00:00:00.000,2025-12-27 00:00:00.000,00,00,NULL,NULL,0,0,0,0,0,NULL,0,0,NULL,0,0,NULL,0,0,0,0,0,0,0,0,NULL,NULL,NULL,901,00,NULL,"211MediaTotals3210<MediaTotals><Totals><Amount>4150000</Amount><Currency>356</Currency><MediaClass>Cash</MediaClass></Totals><Totals><Amount>0</Amount><Currency>000</Currency><MediaClass>Cards</MediaClass></Totals></MediaTotals>218Postilion:MetaData3122211MediaTotals111213SuspectReason111212MediaBatchNr111218ORIG_EXT_TRAN_TYPE111218DispenserErrorData111214AdditionalInfo111213SuspectReason3278  Cassettes of type 1 are out of media. (device_id_graphic = E, device status = 000000000, error severity = 00000, supplies status = 13310)  Cassettes of type 2 are out of media. (device_id_graphic = E, device status = 000000000, error severity = 00000, supplies status = 13310)212MediaBatchNr1841665673218ORIG_EXT_TRAN_TYPE142007218DispenserErrorData271Serverity: 00000;Device Status: 000000000;Diagnostic Status: 000000000;214AdditionalInfo3279<AdditionalInfo><Transaction><CfgExtendedTrxType>2007</CfgExtendedTrxType></Transaction><Download><ATMConfigID>0025</ATMConfigID><AtmAppConfigID>0025</AtmAppConfigID><LoadsetGroup>ICCW_ICD_3LG</LoadsetGroup><DownloadApp>AppWLA_CRM_VS_EMV</DownloadApp></Download></AdditionalInfo>",NULL,0,0,NULL,NULL,2007,NULL,NULL,NULL,NULL,NULL,NULL,3,70,NULL,NULL,1,MCRM830700654515681444321227910,3,01911721145   356,NULL,NULL,NULL,NULL,NULL,NULL,NULL,NULL,NULL,NULL,AAPWLA3,0,000000******0000,NULL,NULL,NULL,MCRM8307,HITACHI_WLA3,MCRM8307       ,NULL,6011,PO SALUA               KHARAGPUR    WBIN,NULL,NULL,NULL,NULL,NULL,8,1,0,2,0,1,8,1,3,3,4,6,0,02,0,01G10B0U545376T377,022E3EADCB24CE373D5049FBF6597E8C0D19372B1D,NULL,NULL,NULL,NULL,NULL,NULL,NULL,NULL,NULL,NULL,NULL,NULL,NULL,NULL,NULL,NULL,,,,,,,,,,,,,,,,,,,,,,,,,,,,,,,,,
4963851975,2530640597,1898855,0,NULL,NULL,ISSAIRTEL,0,0220,00,2504922080,057264,00,00,NULL,NULL,0,0,NULL,720532,1006,NULL,004778057264,2025-12-27 14:44:32.000,2025-12-25 08:00:16.000,2025-12-27 14:44:32.947,2025-12-27 14:44:33.060,2025-03-22 00:00:00.000,2024-03-22 00:00:00.000,30,00,1113360287,NULL,1680,1680,-1680,0,0,356,0,0,356,0,0,356,1680,1680,0,0,0,0,0,0,356,"<?xml version=""1.0"" encoding=""ISO-8859-1""?><IccData><IccRequest><AmountAuthorized>000000001680</AmountAuthorized><AmountOther>000000000000</AmountOther><ApplicationInterchangeProfile>1900</ApplicationInterchangeProfile><ApplicationTransactionCounter>008E</ApplicationTransactionCounter><Cryptogram>BCA5319C67C66895</Cryptogram><CryptogramInformationData>40</CryptogramInformationData><IssuerApplicationData>0FB50194000000201400000000000090500000000107300000</IssuerApplicationData><TerminalCapabilities>000808</TerminalCapabilities><TerminalCountryCode>356</TerminalCountryCode><TerminalVerificationResult>0000000000</TerminalVerificationResult><TransactionCurrencyCode>356</TransactionCurrencyCode><TransactionType>00</TransactionType><UnpredictableNumber>2C3C5EA7</UnpredictableNumber></IccRequest></IccData>","<?xml version=""1.0"" encoding=""ISO-8859-1""?><IccData><IccResponse/></IccData>",070,00,NULL,218Postilion:MetaData281213RGCS_FileName11113CRN111226Postilion:ActiveActiveData111216txnlocaldatetime111213RGCS_FileName221052AIRP7530006253600013CRN2191000000000002450065226Postilion:ActiveActiveData242223PostCard:PostedDateTime2131766826872000216txnlocaldatetime212251225080016,"218Postilion:MetaData3113213RGCS_FileName11113CRN111226Postilion:ValidationResult111226Postilion:ActiveActiveData111216txnlocaldatetime111213RGCS_FileName221052AIRP7530006253600013CRN2191000000000002450065226Postilion:ValidationResult3301<ValidationResult><Result validator=""PC_CVR"">PASS</Result><Result validator=""PC_ATC"">SKIP</Result><Result validator=""PC_TVR"">PASS</Result><Result validator=""PC_PIN_INTEGRITY"">SKIP</Result><Result validator=""PC_CARD_STATE"">PASS</Result><Result validator=""PC_CRYPTOGRAM"">FAIL</Result></ValidationResult>226Postilion:ActiveActiveData242223PostCard:PostedDateTime2131766826872000216txnlocaldatetime212251225080016",0,0,NULL,NULL,NULL,NULL,NULL,NULL,NULL,NULL,NULL,3,NULL,NULL,10010,NULL,0220:057264:1225080016:973881807,3,NULL,NULL,NULL,NULL,NULL,NULL,NULL,NULL,NULL,NULL,NULL,ACQAPIAIRTEL,0,818074******9738,000,NULL,NULL,AIRT5783,NULL,AIRT00000000003,AIRT00000000003,4111,DELHI METRO RAIL COR   CENTRAL DELH DLIN,NULL,NULL,NULL,DebitGroup,DefaultCard,1,5,3,2,2,0,3,7,2,7,3,7,3,00,837900000,01G107H020NOCR83UV,02D7E0331CC3C7E5A381AC630BAC65211AF695E12F,AIRT5783,NULL,NULL,NULL,NULL,NULL,NULL,NULL,NULL,NULL,NULL,NULL,NULL,NULL,NULL,NULL,,,,,,,,,,,,,,,,,,,,,,,,,,,,,,,,,
4963851976,2530640594,1870122,747,NULL,NULL,ISSWLAATM4,1,0200,31,2504922077,606455,NULL,00,NULL,607452,1,1,NULL,811464,1510,WLA     ,002504922077,2025-12-27 09:14:32.000,2025-12-27 14:44:32.000,2025-12-27 14:44:32.787,2025-12-27 14:44:33.030,2025-12-27 00:00:00.000,2025-12-27 00:00:00.000,20,00,720202010002254,NULL,0,0,0,0,0,356,0,0,356,0,0,356,0,0,0,0,0,0,0,0,356,"<?xml version=""1.0"" encoding=""ISO-8859-1""?><IccData><IccRequest><AmountAuthorized>000000000000</AmountAuthorized><AmountOther>000000000000</AmountOther><ApplicationIdentifier>A0000000031010</ApplicationIdentifier><ApplicationInterchangeProfile>3800</ApplicationInterchangeProfile><ApplicationTransactionCounter>0067</ApplicationTransactionCounter><ChipConditionCode>0</ChipConditionCode><Cryptogram>752DA20B609C7F5B</Cryptogram><CryptogramInformationData>80</CryptogramInformationData><CvmResults>420300</CvmResults><InterfaceDeviceSerialNumber>60699582</InterfaceDeviceSerialNumber><IssuerApplicationData>06020A03A00000</IssuerApplicationData><TerminalCapabilities>604000</TerminalCapabilities><TerminalCountryCode>356</TerminalCountryCode><TerminalType>14</TerminalType><TerminalVerificationResult>8000048000</TerminalVerificationResult><TransactionCurrencyCode>356</TransactionCurrencyCode><TransactionDate>251227</TransactionDate><TransactionType>31</TransactionType><UnpredictableNumber>E49A6B72</UnpredictableNumber></IccRequest></IccData>","<?xml version=""1.0"" encoding=""ISO-8859-1""?><IccData><IccResponse><IssuerAuthenticationData>26B771CCF2765C2E3030</IssuerAuthenticationData></IccResponse></IccData>",051,00,NULL,211MediaTotals3122<MediaTotals><Totals><Amount>19040000</Amount><Currency>356</Currency><MediaClass>Cash</MediaClass></Totals></MediaTotals>218Postilion:MetaData3107211MediaTotals111212MediaBatchNr111223ICC_DEDICATED_FILE_NAME111217AdditionalEmvTags111214AdditionalInfo111212MediaBatchNr1842384177223ICC_DEDICATED_FILE_NAME214A0000000031010217AdditionalEmvTags3502<AdditionalEmvTags><EmvTag><TagId>50</TagId><TagValue>56697361204465626974</TagValue></EmvTag><EmvTag><TagId>9F12</TagId><TagValue>56697361204465626974</TagValue></EmvTag><EmvTag><TagId>5F34</TagId><TagValue>01</TagValue></EmvTag><EmvTag><TagId>9F40</TagId><TagValue>EE00B053FF</TagValue></EmvTag><EmvTag><TagId>87</TagId><TagValue>01</TagValue></EmvTag><EmvTag><TagId>84</TagId><TagValue>A0000000031010</TagValue></EmvTag><EmvTag><TagId>9B</TagId><TagValue>6800</TagValue></EmvTag></AdditionalEmvTags>214AdditionalInfo3268<AdditionalInfo><Transaction><OpCode>A  A  CB</OpCode></Transaction><Download><ATMConfigID>0005</ATMConfigID><AtmAppConfigID>0005</AtmAppConfigID><LoadsetGroup>English\Hindi\Marathi_EMV_VG</LoadsetGroup><DownloadApp>AppWLA_EMV</DownloadApp></Download></AdditionalInfo>,218Postilion:MetaData21217NFS_RRN11117NFS_RRN212536114606455,0,0,NULL,NULL,NULL,NULL,1,0,NULL,NULL,NULL,3,71,71,NULL,1,MPZ161300001345121444321227,3,01911686101   356,NULL,0,0,NULL,NULL,NULL,NULL,NULL,NULL,NULL,AAPWLA4,0,434658******8755,001,3112,226,MPZ16130,HITACHI_WLA4,MPZ16130       ,MPZ16130       ,6011,KSRTC BUS STAND        CHANGANASSERYKLIN,NULL,NULL,NULL,NFSWLATG,NFSWLA,8,1,0,2,0,1,5,1,3,3,4,6,0,02,557800000,01G10EJ3IBK9CKHJIM,02E9F298AC10F877910F51436A1EDD694AD08E99F9,MPZ16130,NULL,NULL,NULL,NULL,NULL,NULL,NULL,NULL,NULL,NULL,NULL,NULL,NULL,NULL,NULL,,,,,,,,,,,,,,,,,,,,,,,,,,,,,,,,,
4963851977,2530640598,1880792,697,NULL,NULL,ISSWLAATM3,0,0200,31,2504922081,004386,NULL,00,NULL,672969,1,1,NULL,NULL,NULL,WLA     ,002504922081,2025-12-27 09:14:32.000,2025-12-27 14:44:32.000,2025-12-27 14:44:32.957,2025-12-27 14:44:33.310,2025-12-27 00:00:00.000,2025-12-27 00:00:00.000,10,00,*******************,NULL,0,0,0,0,0,356,0,0,356,0,0,356,0,0,0,0,0,0,0,0,356,"<?xml version=""1.0"" encoding=""ISO-8859-1""?><IccData><IccRequest><AmountAuthorized>000000000000</AmountAuthorized><AmountOther>000000000000</AmountOther><ApplicationIdentifier>A0000000031010</ApplicationIdentifier><ApplicationInterchangeProfile>3800</ApplicationInterchangeProfile><ApplicationTransactionCounter>00D5</ApplicationTransactionCounter><ChipConditionCode>0</ChipConditionCode><Cryptogram>D528BBA07DA2C3B3</Cryptogram><CryptogramInformationData>80</CryptogramInformationData><CvmResults>420300</CvmResults><InterfaceDeviceSerialNumber>60812851</InterfaceDeviceSerialNumber><IssuerApplicationData>06011203A0A800</IssuerApplicationData><TerminalCapabilities>604000</TerminalCapabilities><TerminalCountryCode>356</TerminalCountryCode><TerminalType>14</TerminalType><TerminalVerificationResult>8000048000</TerminalVerificationResult><TransactionCurrencyCode>356</TransactionCurrencyCode><TransactionDate>251227</TransactionDate><TransactionType>31</TransactionType><UnpredictableNumber>086C2F1F</UnpredictableNumber></IccRequest></IccData>","<?xml version=""1.0"" encoding=""ISO-8859-1""?><IccData><IccResponse><IssuerAuthenticationData>888035BC00800000</IssuerAuthenticationData></IccResponse></IccData>",051,00,NULL,211MediaTotals214<MediaTotals/>218Postilion:MetaData3107211MediaTotals111212MediaBatchNr111223ICC_DEDICATED_FILE_NAME111217AdditionalEmvTags111214AdditionalInfo111212MediaBatchNr1842252051223ICC_DEDICATED_FILE_NAME214A0000000031010217AdditionalEmvTags3502<AdditionalEmvTags><EmvTag><TagId>50</TagId><TagValue>56697361204465626974</TagValue></EmvTag><EmvTag><TagId>9F12</TagId><TagValue>56697361204465626974</TagValue></EmvTag><EmvTag><TagId>5F34</TagId><TagValue>01</TagValue></EmvTag><EmvTag><TagId>9F40</TagId><TagValue>EE00B053FF</TagValue></EmvTag><EmvTag><TagId>87</TagId><TagValue>01</TagValue></EmvTag><EmvTag><TagId>84</TagId><TagValue>A0000000031010</TagValue></EmvTag><EmvTag><TagId>9B</TagId><TagValue>6800</TagValue></EmvTag></AdditionalEmvTags>214AdditionalInfo3268<AdditionalInfo><Transaction><OpCode>A  B  DB</OpCode></Transaction><Download><ATMConfigID>0005</ATMConfigID><AtmAppConfigID>0005</AtmAppConfigID><LoadsetGroup>English\Hindi\Marathi_EMV_VG</LoadsetGroup><DownloadApp>AppWLA_EMV</DownloadApp></Download></AdditionalInfo>,218Postilion:MetaData21217NFS_RRN11117NFS_RRN212536114839681,0,0,NULL,NULL,NULL,NULL,1,0,NULL,NULL,NULL,3,70,NULL,NULL,1,MPB005910043865121444321227,3,01911394221   356,NULL,0,0,NULL,NULL,NULL,NULL,NULL,NULL,NULL,AAPWLA3,0,459156******9250,001,2712,226,MPB00591,HITACHI_WLA3,MPB00591       ,MPB00591       ,6011,AKASHNAGAR BAMROLI ROADSURAT        GJIN,NULL,NULL,NULL,NFSWLATG,NFSWLA,8,1,0,2,0,1,5,1,3,3,4,6,0,02,52900000,01G10FT10M7LQMV80J,029A51F0261571BE37402398EE7BA2E8EDE5EE1A47,MPB00591,NULL,NULL,NULL,NULL,NULL,NULL,NULL,NULL,NULL,NULL,NULL,NULL,NULL,NULL,NULL,,,,,,,,,,,,,,,,,,,,,,,,,,,,,,,,,
4963851978,2530640595,1898897,0,NULL,NULL,ISSAIRTEL,1,0220,00,2504922078,068275,00,00,NULL,NULL,0,0,NULL,720532,1006,NULL,004778068275,2025-12-27 14:44:32.000,2025-12-25 08:24:52.000,2025-12-27 14:44:32.900,2025-12-27 14:44:33.053,2025-03-22 00:00:00.000,2024-03-22 00:00:00.000,30,00,1114540777,NULL,2880,2880,-2880,0,0,356,0,0,356,0,0,356,2880,2880,0,0,0,0,0,0,356,"<?xml version=""1.0"" encoding=""ISO-8859-1""?><IccData><IccRequest><AmountAuthorized>000000002880</AmountAuthorized><AmountOther>000000000000</AmountOther><ApplicationInterchangeProfile>1900</ApplicationInterchangeProfile><ApplicationTransactionCounter>0348</ApplicationTransactionCounter><Cryptogram>9CDA3DFE35A28CCF</Cryptogram><CryptogramInformationData>40</CryptogramInformationData><IssuerApplicationData>0FB50194000000201400000000000006300000000035100000</IssuerApplicationData><TerminalCapabilities>000808</TerminalCapabilities><TerminalCountryCode>356</TerminalCountryCode><TerminalVerificationResult>0000000000</TerminalVerificationResult><TransactionCurrencyCode>356</TransactionCurrencyCode><TransactionType>00</TransactionType><UnpredictableNumber>32D8DF9B</UnpredictableNumber></IccRequest></IccData>","<?xml version=""1.0"" encoding=""ISO-8859-1""?><IccData><IccResponse/></IccData>",070,00,NULL,218Postilion:MetaData281213RGCS_FileName11113CRN111226Postilion:ActiveActiveData111216txnlocaldatetime111213RGCS_FileName221052AIRP7530006253600013CRN2191000000000002919799226Postilion:ActiveActiveData242223PostCard:PostedDateTime2131766826872000216txnlocaldatetime212251225082452,"218Postilion:MetaData3113213RGCS_FileName11113CRN111226Postilion:ValidationResult111226Postilion:ActiveActiveData111216txnlocaldatetime111213RGCS_FileName221052AIRP7530006253600013CRN2191000000000002919799226Postilion:ValidationResult3301<ValidationResult><Result validator=""PC_CVR"">PASS</Result><Result validator=""PC_ATC"">SKIP</Result><Result validator=""PC_TVR"">PASS</Result><Result validator=""PC_PIN_INTEGRITY"">SKIP</Result><Result validator=""PC_CARD_STATE"">PASS</Result><Result validator=""PC_CRYPTOGRAM"">FAIL</Result></ValidationResult>226Postilion:ActiveActiveData242223PostCard:PostedDateTime2131766826872000216txnlocaldatetime212251225082452",0,0,NULL,NULL,NULL,NULL,NULL,NULL,NULL,NULL,NULL,3,NULL,NULL,10010,NULL,0220:068275:1225082452:154581807,3,NULL,NULL,NULL,NULL,NULL,NULL,NULL,NULL,NULL,NULL,NULL,ACQAPIAIRTEL,0,818074******1545,000,NULL,NULL,6P089406,NULL,5PT000000731774,5PT000000731774,4111,Delhi Metro Rail Cor   New Delhi    DLIN,NULL,NULL,NULL,DebitGroup,DefaultCard,1,5,3,2,2,0,3,7,2,7,3,7,3,00,545100000,01G1036VOB3KP5VK2M,02606E4DEB970F66001743FDF8E29CA552F74DCD67,6P089406,NULL,NULL,NULL,NULL,NULL,NULL,NULL,NULL,NULL,NULL,NULL,NULL,NULL,NULL,NULL,,,,,,,,,,,,,,,,,,,,,,,,,,,,,,,,,
4963851979,2530640598,1869428,750,NULL,NULL,ISSWLAATM3,1,0200,31,2504922081,839681,NULL,00,NULL,672969,1,1,NULL,811464,1510,WLA     ,002504922081,2025-12-27 09:14:32.000,2025-12-27 14:44:32.000,2025-12-27 14:44:32.967,2025-12-27 14:44:33.310,2025-12-27 00:00:00.000,2025-12-27 00:00:00.000,10,00,*******************,NULL,0,0,0,0,0,356,0,0,356,0,0,356,0,0,0,0,0,0,0,0,356,"<?xml version=""1.0"" encoding=""ISO-8859-1""?><IccData><IccRequest><AmountAuthorized>000000000000</AmountAuthorized><AmountOther>000000000000</AmountOther><ApplicationIdentifier>A0000000031010</ApplicationIdentifier><ApplicationInterchangeProfile>3800</ApplicationInterchangeProfile><ApplicationTransactionCounter>00D5</ApplicationTransactionCounter><ChipConditionCode>0</ChipConditionCode><Cryptogram>D528BBA07DA2C3B3</Cryptogram><CryptogramInformationData>80</CryptogramInformationData><CvmResults>420300</CvmResults><InterfaceDeviceSerialNumber>60812851</InterfaceDeviceSerialNumber><IssuerApplicationData>06011203A0A800</IssuerApplicationData><TerminalCapabilities>604000</TerminalCapabilities><TerminalCountryCode>356</TerminalCountryCode><TerminalType>14</TerminalType><TerminalVerificationResult>8000048000</TerminalVerificationResult><TransactionCurrencyCode>356</TransactionCurrencyCode><TransactionDate>251227</TransactionDate><TransactionType>31</TransactionType><UnpredictableNumber>086C2F1F</UnpredictableNumber></IccRequest></IccData>","<?xml version=""1.0"" encoding=""ISO-8859-1""?><IccData><IccResponse><IssuerAuthenticationData>888035BC00800000</IssuerAuthenticationData></IccResponse></IccData>",051,00,NULL,211MediaTotals214<MediaTotals/>218Postilion:MetaData3107211MediaTotals111212MediaBatchNr111223ICC_DEDICATED_FILE_NAME111217AdditionalEmvTags111214AdditionalInfo111212MediaBatchNr1842252051223ICC_DEDICATED_FILE_NAME214A0000000031010217AdditionalEmvTags3502<AdditionalEmvTags><EmvTag><TagId>50</TagId><TagValue>56697361204465626974</TagValue></EmvTag><EmvTag><TagId>9F12</TagId><TagValue>56697361204465626974</TagValue></EmvTag><EmvTag><TagId>5F34</TagId><TagValue>01</TagValue></EmvTag><EmvTag><TagId>9F40</TagId><TagValue>EE00B053FF</TagValue></EmvTag><EmvTag><TagId>87</TagId><TagValue>01</TagValue></EmvTag><EmvTag><TagId>84</TagId><TagValue>A0000000031010</TagValue></EmvTag><EmvTag><TagId>9B</TagId><TagValue>6800</TagValue></EmvTag></AdditionalEmvTags>214AdditionalInfo3268<AdditionalInfo><Transaction><OpCode>A  B  DB</OpCode></Transaction><Download><ATMConfigID>0005</ATMConfigID><AtmAppConfigID>0005</AtmAppConfigID><LoadsetGroup>English\Hindi\Marathi_EMV_VG</LoadsetGroup><DownloadApp>AppWLA_EMV</DownloadApp></Download></AdditionalInfo>,218Postilion:MetaData21217NFS_RRN11117NFS_RRN212536114839681,0,0,NULL,NULL,NULL,NULL,1,0,NULL,NULL,NULL,3,70,70,NULL,1,MPB005910043865121444321227,3,01911394221   356,NULL,0,0,NULL,NULL,NULL,NULL,NULL,NULL,NULL,AAPWLA3,0,459156******9250,001,2712,226,MPB00591,HITACHI_WLA3,MPB00591       ,MPB00591       ,6011,AKASHNAGAR BAMROLI ROADSURAT        GJIN,NULL,NULL,NULL,NFSWLATG,NFSWLA,8,1,0,2,0,1,5,1,3,3,4,6,0,02,52900000,01G10FT10M7LQMV80J,029A51F0261571BE37402398EE7BA2E8EDE5EE1A47,MPB00591,NULL,NULL,NULL,NULL,NULL,NULL,NULL,NULL,NULL,NULL,NULL,NULL,NULL,NULL,NULL,,,,,,,,,,,,,,,,,,,,,,,,,,,,,,,,,
4963851980,2530640599,1927419,534,NULL,NULL,ISSWLAATM2,0,0600,91,2504922082,002770,NULL,00,NULL,672960,1,1,NULL,NULL,4001,WLA     ,002504922082,2025-12-27 09:14:33.000,2025-12-27 14:44:33.000,2025-12-27 14:44:33.100,2025-12-27 14:44:33.360,2025-12-27 00:00:00.000,2025-12-27 00:00:00.000,00,00,NULL,NULL,0,0,0,0,0,356,0,0,356,0,0,356,0,0,0,0,0,0,0,0,NULL,"<?xml version=""1.0"" encoding=""ISO-8859-1""?><IccData><IccRequest><AmountAuthorized>000000000000</AmountAuthorized><AmountOther>000000000000</AmountOther><ApplicationIdentifier>A0000005241010</ApplicationIdentifier><ApplicationInterchangeProfile>1900</ApplicationInterchangeProfile><ApplicationTransactionCounter>01FA</ApplicationTransactionCounter><ChipConditionCode>0</ChipConditionCode><Cryptogram>F424FEEB4DA90C25</Cryptogram><CryptogramInformationData>80</CryptogramInformationData><CvmResults>420300</CvmResults><InterfaceDeviceSerialNumber>ICT3    </InterfaceDeviceSerialNumber><IssuerApplicationData>0FB501A000000400000000000000000000000000000000000000000000000000</IssuerApplicationData><TerminalCapabilities>604000</TerminalCapabilities><TerminalCountryCode>356</TerminalCountryCode><TerminalType>14</TerminalType><TerminalVerificationResult>8080048000</TerminalVerificationResult><TransactionCurrencyCode>356</TransactionCurrencyCode><TransactionDate>251227</TransactionDate><TransactionType>90</TransactionType><UnpredictableNumber>D16D6A17</UnpredictableNumber></IccRequest></IccData>","<?xml version=""1.0"" encoding=""ISO-8859-1""?><IccData><IccResponse><IssuerAuthenticationData>7B8DEFD1808000000000000000000000</IssuerAuthenticationData></IccResponse></IccData>",051,00,NULL,211MediaTotals3214<MediaTotals><Totals><Amount>-1053460000</Amount><Currency>356</Currency><MediaClass>Cash</MediaClass></Totals><Totals><Amount>0</Amount><Currency>000</Currency><MediaClass>Cards</MediaClass></Totals></MediaTotals>218Postilion:MetaData3131211MediaTotals111212MediaBatchNr111218ORIG_EXT_TRAN_TYPE111223ICC_DEDICATED_FILE_NAME111217AdditionalEmvTags111214AdditionalInfo111212MediaBatchNr110218ORIG_EXT_TRAN_TYPE145000223ICC_DEDICATED_FILE_NAME214A0000005241010217AdditionalEmvTags3630<AdditionalEmvTags><EmvTag><TagId>50</TagId><TagValue>444F4D4553544943</TagValue></EmvTag><EmvTag><TagId>9F21</TagId><TagValue>144400</TagValue></EmvTag><EmvTag><TagId>9F1C</TagId><TagValue>4D43524D35303637</TagValue></EmvTag><EmvTag><TagId>9F12</TagId><TagValue>444F4D4553544943</TagValue></EmvTag><EmvTag><TagId>5F34</TagId><TagValue>01</TagValue></EmvTag><EmvTag><TagId>9F40</TagId><TagValue>8E80B053FF</TagValue></EmvTag><EmvTag><TagId>87</TagId><TagValue>01</TagValue></EmvTag><EmvTag><TagId>84</TagId><TagValue>A0000005241010</TagValue></EmvTag><EmvTag><TagId>9B</TagId><TagValue>6800</TagValue></EmvTag></AdditionalEmvTags>214AdditionalInfo3304<AdditionalInfo><Transaction><OpCode>C H B   </OpCode><CfgExtendedTrxType>5000</CfgExtendedTrxType></Transaction><Download><ATMConfigID>0025</ATMConfigID><AtmAppConfigID>0025</AtmAppConfigID><LoadsetGroup>ICCW_ICD_3LG</LoadsetGroup><DownloadApp>AppWLA_CRM_VS_EMV</DownloadApp></Download></AdditionalInfo>,17NFS_RRN212536114921993218Postilion:MetaData23017NFS_RRN111212Custome_Name111212Custome_Name211DHAMODHARAN,0,0,NULL,NULL,5000,NULL,0,0,NULL,NULL,NULL,3,69,NULL,NULL,1,MCRM506700277015361444331227,3,01911623501   356,NULL,0,0,NULL,NULL,NULL,NULL,NULL,NULL,NULL,AAPWLA2,0,652202******1413,001,3209,226,MCRM5067,HITACHI_WLA2,MCRM5067       ,MCRM5067       ,6011,RAMANATHAPURAM         RAMANATHAPURATNIN,NULL,NULL,NULL,NFSWLATG,NFSWLA,8,1,0,2,0,1,5,1,3,3,4,6,0,02,314100000,01G1015A4UT3HESQ4B,0282CE83CEB258B80745E70841C3B1A9BCC8717761,MCRM5067,NULL,NULL,NULL,NULL,NULL,NULL,NULL,NULL,NULL,NULL,NULL,NULL,NULL,NULL,NULL,,,,,,,,,,,,,,,,,,,,,,,,,,,,,,,,,
4963851981,2530640600,1871079,733,NULL,NULL,ISSWLAATM6,0,0200,31,2504922083,000017,NULL,00,NULL,672960,1,1,NULL,NULL,NULL,WLA     ,002504922083,2025-12-27 09:14:33.000,2025-12-27 14:44:33.000,2025-12-27 14:44:33.137,2025-12-27 14:44:33.413,2025-12-27 00:00:00.000,2025-12-27 00:00:00.000,20,00,*******************,NULL,0,0,0,0,0,356,0,0,356,0,0,356,0,0,0,0,0,0,0,0,356,"<?xml version=""1.0"" encoding=""ISO-8859-1""?><IccData><IccRequest><AmountAuthorized>000000000000</AmountAuthorized><AmountOther>000000000000</AmountOther><ApplicationIdentifier>A0000001523010</ApplicationIdentifier><ApplicationInterchangeProfile>3900</ApplicationInterchangeProfile><ApplicationTransactionCounter>003D</ApplicationTransactionCounter><ChipConditionCode>0</ChipConditionCode><Cryptogram>696AC3FEB5BE9231</Cryptogram><CryptogramInformationData>80</CryptogramInformationData><CvmResults>020100</CvmResults><InterfaceDeviceSerialNumber>57690632</InterfaceDeviceSerialNumber><IssuerApplicationData>0105A00000002000</IssuerApplicationData><TerminalCapabilities>604000</TerminalCapabilities><TerminalCountryCode>356</TerminalCountryCode><TerminalType>14</TerminalType><TerminalVerificationResult>8000048000</TerminalVerificationResult><TransactionCurrencyCode>356</TransactionCurrencyCode><TransactionDate>251227</TransactionDate><TransactionType>31</TransactionType><UnpredictableNumber>42DE276A</UnpredictableNumber></IccRequest></IccData>","<?xml version=""1.0"" encoding=""ISO-8859-1""?><IccData><IccResponse><IssuerAuthenticationData>286DF134B4CB9A313330</IssuerAuthenticationData></IccResponse></IccData>",051,00,NULL,211MediaTotals3209<MediaTotals><Totals><Amount>38050000</Amount><Currency>356</Currency><MediaClass>Cash</MediaClass></Totals><Totals><Amount>0</Amount><Currency>000</Currency><MediaClass>NIL</MediaClass></Totals></MediaTotals>218Postilion:MetaData3107211MediaTotals111212MediaBatchNr111223ICC_DEDICATED_FILE_NAME111217AdditionalEmvTags111214AdditionalInfo111212MediaBatchNr1842397207223ICC_DEDICATED_FILE_NAME214A0000001523010217AdditionalEmvTags3514<AdditionalEmvTags><EmvTag><TagId>50</TagId><TagValue>496E7465726E6174696F6E616C</TagValue></EmvTag><EmvTag><TagId>9F12</TagId><TagValue>496E7465726E6174696F6E616C</TagValue></EmvTag><EmvTag><TagId>5F34</TagId><TagValue>01</TagValue></EmvTag><EmvTag><TagId>9F40</TagId><TagValue>EE00B053FF</TagValue></EmvTag><EmvTag><TagId>87</TagId><TagValue>02</TagValue></EmvTag><EmvTag><TagId>84</TagId><TagValue>A0000001523010</TagValue></EmvTag><EmvTag><TagId>9B</TagId><TagValue>6800</TagValue></EmvTag></AdditionalEmvTags>214AdditionalInfo3249<AdditionalInfo><Transaction><OpCode>B  A  CB</OpCode></Transaction><Download><ATMConfigID>0016</ATMConfigID><AtmAppConfigID>0016</AtmAppConfigID><LoadsetGroup>NO_RP_2LG</LoadsetGroup><DownloadApp>AppWLA_EMV</DownloadApp></Download></AdditionalInfo>,218Postilion:MetaData21217NFS_RRN11117NFS_RRN212536114394058,0,0,NULL,NULL,NULL,NULL,1,0,NULL,NULL,NULL,3,73,NULL,NULL,1,MPZ074020000175121444331227,3,01911244221   356,NULL,0,0,NULL,NULL,NULL,NULL,NULL,NULL,NULL,AAPWLA6,0,652294******5744,001,2512,226,MPZ07402,HITACHI_WLA6,MPZ07402       ,MPZ07402       ,6011,JP NAGAR JOYA RD       AMROHA       UPIN,NULL,NULL,NULL,NFSWLATG,NFSWLA,8,1,0,2,0,1,5,1,3,3,4,6,0,02,447500000,01G10162BSM4VUAD8F,02626F3702F7685D22DD3FF141D48F3D21C1159930,MPZ07402,NULL,NULL,NULL,NULL,NULL,NULL,NULL,NULL,NULL,NULL,NULL,NULL,NULL,NULL,NULL,,,,,,,,,,,,,,,,,,,,,,,,,,,,,,,,,
4963851982,2530640600,1869440,750,NULL,NULL,ISSWLAATM6,1,0200,31,2504922083,394058,NULL,00,NULL,672960,1,1,NULL,811464,1510,WLA     ,002504922083,2025-12-27 09:14:33.000,2025-12-27 14:44:33.000,2025-12-27 14:44:33.147,2025-12-27 14:44:33.413,2025-12-27 00:00:00.000,2025-12-27 00:00:00.000,20,00,*******************,NULL,0,0,0,0,0,356,0,0,356,0,0,356,0,0,0,0,0,0,0,0,356,"<?xml version=""1.0"" encoding=""ISO-8859-1""?><IccData><IccRequest><AmountAuthorized>000000000000</AmountAuthorized><AmountOther>000000000000</AmountOther><ApplicationIdentifier>A0000001523010</ApplicationIdentifier><ApplicationInterchangeProfile>3900</ApplicationInterchangeProfile><ApplicationTransactionCounter>003D</ApplicationTransactionCounter><ChipConditionCode>0</ChipConditionCode><Cryptogram>696AC3FEB5BE9231</Cryptogram><CryptogramInformationData>80</CryptogramInformationData><CvmResults>020100</CvmResults><InterfaceDeviceSerialNumber>57690632</InterfaceDeviceSerialNumber><IssuerApplicationData>0105A00000002000</IssuerApplicationData><TerminalCapabilities>604000</TerminalCapabilities><TerminalCountryCode>356</TerminalCountryCode><TerminalType>14</TerminalType><TerminalVerificationResult>8000048000</TerminalVerificationResult><TransactionCurrencyCode>356</TransactionCurrencyCode><TransactionDate>251227</TransactionDate><TransactionType>31</TransactionType><UnpredictableNumber>42DE276A</UnpredictableNumber></IccRequest></IccData>","<?xml version=""1.0"" encoding=""ISO-8859-1""?><IccData><IccResponse><IssuerAuthenticationData>286DF134B4CB9A313330</IssuerAuthenticationData></IccResponse></IccData>",051,00,NULL,211MediaTotals3209<MediaTotals><Totals><Amount>38050000</Amount><Currency>356</Currency><MediaClass>Cash</MediaClass></Totals><Totals><Amount>0</Amount><Currency>000</Currency><MediaClass>NIL</MediaClass></Totals></MediaTotals>218Postilion:MetaData3107211MediaTotals111212MediaBatchNr111223ICC_DEDICATED_FILE_NAME111217AdditionalEmvTags111214AdditionalInfo111212MediaBatchNr1842397207223ICC_DEDICATED_FILE_NAME214A0000001523010217AdditionalEmvTags3514<AdditionalEmvTags><EmvTag><TagId>50</TagId><TagValue>496E7465726E6174696F6E616C</TagValue></EmvTag><EmvTag><TagId>9F12</TagId><TagValue>496E7465726E6174696F6E616C</TagValue></EmvTag><EmvTag><TagId>5F34</TagId><TagValue>01</TagValue></EmvTag><EmvTag><TagId>9F40</TagId><TagValue>EE00B053FF</TagValue></EmvTag><EmvTag><TagId>87</TagId><TagValue>02</TagValue></EmvTag><EmvTag><TagId>84</TagId><TagValue>A0000001523010</TagValue></EmvTag><EmvTag><TagId>9B</TagId><TagValue>6800</TagValue></EmvTag></AdditionalEmvTags>214AdditionalInfo3249<AdditionalInfo><Transaction><OpCode>B  A  CB</OpCode></Transaction><Download><ATMConfigID>0016</ATMConfigID><AtmAppConfigID>0016</AtmAppConfigID><LoadsetGroup>NO_RP_2LG</LoadsetGroup><DownloadApp>AppWLA_EMV</DownloadApp></Download></AdditionalInfo>,218Postilion:MetaData21217NFS_RRN11117NFS_RRN212536114394058,0,0,NULL,NULL,NULL,NULL,1,0,NULL,NULL,NULL,3,73,73,NULL,1,MPZ074020000175121444331227,3,01911244221   356,NULL,0,0,NULL,NULL,NULL,NULL,NULL,NULL,NULL,AAPWLA6,0,652294******5744,001,2512,226,MPZ07402,HITACHI_WLA6,MPZ07402       ,MPZ07402       ,6011,JP NAGAR JOYA RD       AMROHA       UPIN,NULL,NULL,NULL,NFSWLATG,NFSWLA,8,1,0,2,0,1,5,1,3,3,4,6,0,02,447500000,01G10162BSM4VUAD8F,02626F3702F7685D22DD3FF141D48F3D21C1159930,MPZ07402,NULL,NULL,NULL,NULL,NULL,NULL,NULL,NULL,NULL,NULL,NULL,NULL,NULL,NULL,NULL,,,,,,,,,,,,,,,,,,,,,,,,,,,,,,,,,
4963851983,2530640601,1898855,0,NULL,NULL,ISSAIRTEL,0,0220,00,2504922084,126092,00,00,NULL,NULL,0,0,NULL,720532,1006,NULL,004778126092,2025-12-27 14:44:33.000,2025-12-25 09:47:09.000,2025-12-27 14:44:33.143,2025-12-27 14:44:33.253,2025-03-22 00:00:00.000,2024-03-22 00:00:00.000,30,00,1112629256,NULL,4860,4860,-4860,0,0,356,0,0,356,0,0,356,4860,4860,0,0,0,0,0,0,356,"<?xml version=""1.0"" encoding=""ISO-8859-1""?><IccData><IccRequest><AmountAuthorized>000000004860</AmountAuthorized><AmountOther>000000000000</AmountOther><ApplicationInterchangeProfile>1900</ApplicationInterchangeProfile><ApplicationTransactionCounter>0674</ApplicationTransactionCounter><Cryptogram>650ED22698DA0551</Cryptogram><CryptogramInformationData>40</CryptogramInformationData><IssuerApplicationData>0FB50194000000201400000000000088100000000136700000</IssuerApplicationData><TerminalCapabilities>000808</TerminalCapabilities><TerminalCountryCode>356</TerminalCountryCode><TerminalVerificationResult>0000000000</TerminalVerificationResult><TransactionCurrencyCode>356</TransactionCurrencyCode><TransactionType>00</TransactionType><UnpredictableNumber>903BA643</UnpredictableNumber></IccRequest></IccData>","<?xml version=""1.0"" encoding=""ISO-8859-1""?><IccData><IccResponse/></IccData>",070,00,NULL,218Postilion:MetaData281213RGCS_FileName11113CRN111226Postilion:ActiveActiveData111216txnlocaldatetime111213RGCS_FileName221052AIRP7530006253600013CRN2191000000000001461103226Postilion:ActiveActiveData242223PostCard:PostedDateTime2131766826873000216txnlocaldatetime212251225094709,"218Postilion:MetaData3113213RGCS_FileName11113CRN111226Postilion:ValidationResult111226Postilion:ActiveActiveData111216txnlocaldatetime111213RGCS_FileName221052AIRP7530006253600013CRN2191000000000001461103226Postilion:ValidationResult3301<ValidationResult><Result validator=""PC_CVR"">PASS</Result><Result validator=""PC_ATC"">SKIP</Result><Result validator=""PC_TVR"">PASS</Result><Result validator=""PC_PIN_INTEGRITY"">SKIP</Result><Result validator=""PC_CARD_STATE"">PASS</Result><Result validator=""PC_CRYPTOGRAM"">FAIL</Result></ValidationResult>226Postilion:ActiveActiveData242223PostCard:PostedDateTime2131766826873000216txnlocaldatetime212251225094709",0,0,NULL,NULL,NULL,NULL,NULL,NULL,NULL,NULL,NULL,3,NULL,NULL,10010,NULL,0220:126092:1225094709:760081807,3,NULL,NULL,NULL,NULL,NULL,NULL,NULL,NULL,NULL,NULL,NULL,ACQAPIAIRTEL,0,818074******7600,000,NULL,NULL,AIRT8382,NULL,AIRT00000000003,AIRT00000000003,4111,DELHI METRO RAIL COR   CENTRAL DELH DLIN,NULL,NULL,NULL,DebitGroup,DefaultCard,1,5,3,2,2,0,3,7,2,7,3,7,3,00,6700000,01G10DKJJQS5UTJ3Q8,028C34A28CA1957AD2F69C016412DED3E32D98415A,AIRT8382,NULL,NULL,NULL,NULL,NULL,NULL,NULL,NULL,NULL,NULL,NULL,NULL,NULL,NULL,NULL,,,,,,,,,,,,,,,,,,,,,,,,,,,,,,,,,
4963851984,2530640599,1870119,747,NULL,NULL,ISSWLAATM2,1,0600,91,2504922082,921993,NULL,00,NULL,672960,1,1,NULL,811464,1510,WLA     ,002504922082,2025-12-27 09:14:33.000,2025-12-27 14:44:33.000,2025-12-27 14:44:33.113,2025-12-27 14:44:33.360,2025-12-27 00:00:00.000,2025-12-27 00:00:00.000,00,00,NULL,NULL,0,0,0,0,0,356,0,0,356,0,0,356,0,0,0,0,0,0,0,0,356,"<?xml version=""1.0"" encoding=""ISO-8859-1""?><IccData><IccRequest><AmountAuthorized>000000000000</AmountAuthorized><AmountOther>000000000000</AmountOther><ApplicationIdentifier>A0000005241010</ApplicationIdentifier><ApplicationInterchangeProfile>1900</ApplicationInterchangeProfile><ApplicationTransactionCounter>01FA</ApplicationTransactionCounter><ChipConditionCode>0</ChipConditionCode><Cryptogram>F424FEEB4DA90C25</Cryptogram><CryptogramInformationData>80</CryptogramInformationData><CvmResults>420300</CvmResults><InterfaceDeviceSerialNumber>ICT3    </InterfaceDeviceSerialNumber><IssuerApplicationData>0FB501A000000400000000000000000000000000000000000000000000000000</IssuerApplicationData><TerminalCapabilities>604000</TerminalCapabilities><TerminalCountryCode>356</TerminalCountryCode><TerminalType>14</TerminalType><TerminalVerificationResult>8080048000</TerminalVerificationResult><TransactionCurrencyCode>356</TransactionCurrencyCode><TransactionDate>251227</TransactionDate><TransactionType>90</TransactionType><UnpredictableNumber>D16D6A17</UnpredictableNumber></IccRequest></IccData>","<?xml version=""1.0"" encoding=""ISO-8859-1""?><IccData><IccResponse><IssuerAuthenticationData>7B8DEFD1808000000000000000000000</IssuerAuthenticationData></IccResponse></IccData>",051,00,NULL,211MediaTotals3214<MediaTotals><Totals><Amount>-1053460000</Amount><Currency>356</Currency><MediaClass>Cash</MediaClass></Totals><Totals><Amount>0</Amount><Currency>000</Currency><MediaClass>Cards</MediaClass></Totals></MediaTotals>218Postilion:MetaData3131211MediaTotals111212MediaBatchNr111218ORIG_EXT_TRAN_TYPE111223ICC_DEDICATED_FILE_NAME111217AdditionalEmvTags111214AdditionalInfo111212MediaBatchNr110218ORIG_EXT_TRAN_TYPE145000223ICC_DEDICATED_FILE_NAME214A0000005241010217AdditionalEmvTags3630<AdditionalEmvTags><EmvTag><TagId>50</TagId><TagValue>444F4D4553544943</TagValue></EmvTag><EmvTag><TagId>9F21</TagId><TagValue>144400</TagValue></EmvTag><EmvTag><TagId>9F1C</TagId><TagValue>4D43524D35303637</TagValue></EmvTag><EmvTag><TagId>9F12</TagId><TagValue>444F4D4553544943</TagValue></EmvTag><EmvTag><TagId>5F34</TagId><TagValue>01</TagValue></EmvTag><EmvTag><TagId>9F40</TagId><TagValue>8E80B053FF</TagValue></EmvTag><EmvTag><TagId>87</TagId><TagValue>01</TagValue></EmvTag><EmvTag><TagId>84</TagId><TagValue>A0000005241010</TagValue></EmvTag><EmvTag><TagId>9B</TagId><TagValue>6800</TagValue></EmvTag></AdditionalEmvTags>214AdditionalInfo3304<AdditionalInfo><Transaction><OpCode>C H B   </OpCode><CfgExtendedTrxType>5000</CfgExtendedTrxType></Transaction><Download><ATMConfigID>0025</ATMConfigID><AtmAppConfigID>0025</AtmAppConfigID><LoadsetGroup>ICCW_ICD_3LG</LoadsetGroup><DownloadApp>AppWLA_CRM_VS_EMV</DownloadApp></Download></AdditionalInfo>,17NFS_RRN212536114921993218Postilion:MetaData23017NFS_RRN111212Custome_Name111212Custome_Name211DHAMODHARAN,0,0,NULL,NULL,5000,NULL,0,0,NULL,NULL,NULL,3,69,69,NULL,1,MCRM506700277015361444331227,3,01911623501   356,NULL,0,0,NULL,NULL,NULL,NULL,NULL,NULL,NULL,AAPWLA2,0,652202******1413,001,3209,226,MCRM5067,HITACHI_WLA2,MCRM5067       ,MCRM5067       ,6011,RAMANATHAPURAM         RAMANATHAPURATNIN,NULL,NULL,NULL,NFSWLATG,NFSWLA,8,1,0,2,0,1,5,1,3,3,4,6,0,02,314100000,01G1015A4UT3HESQ4B,0282CE83CEB258B80745E70841C3B1A9BCC8717761,MCRM5067,NULL,NULL,NULL,NULL,NULL,NULL,NULL,NULL,NULL,NULL,NULL,NULL,NULL,NULL,NULL,,,,,,,,,,,,,,,,,,,,,,,,,,,,,,,,,
4963851985,2530640602,1985073,387,NULL,NULL,ISSWLAATM5,0,0200,01,2504922085,008444,NULL,00,NULL,380493,1,1,NULL,NULL,NULL,WLA     ,002504922085,2025-12-27 09:14:33.000,2025-12-27 14:44:33.000,2025-12-27 14:44:33.147,2025-12-27 14:44:34.700,2025-12-27 00:00:00.000,2025-12-27 00:00:00.000,20,00,0000770310110004910,NULL,200000,200000,-200000,200000,200000,356,0,0,356,0,0,356,200000,200000,200000,200000,0,0,0,0,356,"<?xml version=""1.0"" encoding=""ISO-8859-1""?><IccData><IccRequest><AmountAuthorized>000000200000</AmountAuthorized><AmountOther>000000000000</AmountOther><ApplicationIdentifier>A0000005241010</ApplicationIdentifier><ApplicationInterchangeProfile>1900</ApplicationInterchangeProfile><ApplicationTransactionCounter>00B1</ApplicationTransactionCounter><ChipConditionCode>0</ChipConditionCode><Cryptogram>71D79D888FEC8CDB</Cryptogram><CryptogramInformationData>80</CryptogramInformationData><CvmResults>420300</CvmResults><InterfaceDeviceSerialNumber>54705723</InterfaceDeviceSerialNumber><IssuerApplicationData>0FB501A000000000000000000000000000000000000000000000000000000000</IssuerApplicationData><TerminalCapabilities>604000</TerminalCapabilities><TerminalCountryCode>356</TerminalCountryCode><TerminalType>14</TerminalType><TerminalVerificationResult>8080048000</TerminalVerificationResult><TransactionCurrencyCode>356</TransactionCurrencyCode><TransactionDate>251227</TransactionDate><TransactionType>01</TransactionType><UnpredictableNumber>1F00A93F</UnpredictableNumber></IccRequest></IccData>","<?xml version=""1.0"" encoding=""ISO-8859-1""?><IccData><IccResponse><IssuerAuthenticationData>3D7D69AC80C400000000000000000000</IssuerAuthenticationData></IccResponse></IccData>",051,00,NULL,211MediaTotals3122<MediaTotals><Totals><Amount>59900000</Amount><Currency>356</Currency><MediaClass>Cash</MediaClass></Totals></MediaTotals>218Postilion:MetaData3107211MediaTotals111212MediaBatchNr111223ICC_DEDICATED_FILE_NAME111217AdditionalEmvTags111214AdditionalInfo111212MediaBatchNr1842389127223ICC_DEDICATED_FILE_NAME214A0000005241010217AdditionalEmvTags3569<AdditionalEmvTags><EmvTag><TagId>50</TagId><TagValue>5275506179204465626974</TagValue></EmvTag><EmvTag><TagId>9F21</TagId><TagValue>144340</TagValue></EmvTag><EmvTag><TagId>9F12</TagId><TagValue>5275506179204465626974</TagValue></EmvTag><EmvTag><TagId>5F34</TagId><TagValue>01</TagValue></EmvTag><EmvTag><TagId>9F40</TagId><TagValue>EE00B053FF</TagValue></EmvTag><EmvTag><TagId>87</TagId><TagValue>01</TagValue></EmvTag><EmvTag><TagId>84</TagId><TagValue>A0000005241010</TagValue></EmvTag><EmvTag><TagId>9B</TagId><TagValue>6800</TagValue></EmvTag></AdditionalEmvTags>214AdditionalInfo3260<AdditionalInfo><Transaction><OpCode>A  A  CA</OpCode></Transaction><Download><ATMConfigID>0004</ATMConfigID><AtmAppConfigID>0004</AtmAppConfigID><LoadsetGroup>English\Hindi_EMV_VG</LoadsetGroup><DownloadApp>AppWLA_EMV</DownloadApp></Download></AdditionalInfo>,218Postilion:MetaData21217NFS_RRN11117NFS_RRN212536114380493,0,0,NULL,NULL,NULL,NULL,1,0,NULL,NULL,NULL,3,72,NULL,NULL,1,MPZ146450084445121444331227,3,01911205301   356,NULL,0,0,NULL,NULL,NULL,NULL,NULL,NULL,NULL,AAPWLA5,0,607947******2916,001,2912,620,MPZ14645,HITACHI_WLA5,MPZ14645       ,MPZ14645       ,6011,SADAR BAZAR            BEWAR        UPIN,NULL,NULL,NULL,NFSWLATG,NFSWLA,8,1,0,2,0,1,5,1,3,3,4,6,0,02,619200000,01G10DN98Q5R0KKGJA,0269429E84764A4D1C028AC1AC46ABA3189A7403E7,MPZ14645,NULL,NULL,NULL,NULL,NULL,NULL,NULL,NULL,NULL,NULL,NULL,NULL,NULL,NULL,NULL,,,,,,,,,,,,,,,,,,,,,,,,,,,,,,,,,
4963851986,2530640597,1898897,0,NULL,NULL,ISSAIRTEL,1,0220,00,2504922080,057264,00,00,NULL,NULL,0,0,NULL,720532,1006,NULL,004778057264,2025-12-27 14:44:32.000,2025-12-25 08:00:16.000,2025-12-27 14:44:33.060,2025-12-27 14:44:33.160,2025-03-22 00:00:00.000,2024-03-22 00:00:00.000,30,00,1113360287,NULL,1680,1680,-1680,0,0,356,0,0,356,0,0,356,1680,1680,0,0,0,0,0,0,356,"<?xml version=""1.0"" encoding=""ISO-8859-1""?><IccData><IccRequest><AmountAuthorized>000000001680</AmountAuthorized><AmountOther>000000000000</AmountOther><ApplicationInterchangeProfile>1900</ApplicationInterchangeProfile><ApplicationTransactionCounter>008E</ApplicationTransactionCounter><Cryptogram>BCA5319C67C66895</Cryptogram><CryptogramInformationData>40</CryptogramInformationData><IssuerApplicationData>0FB50194000000201400000000000090500000000107300000</IssuerApplicationData><TerminalCapabilities>000808</TerminalCapabilities><TerminalCountryCode>356</TerminalCountryCode><TerminalVerificationResult>0000000000</TerminalVerificationResult><TransactionCurrencyCode>356</TransactionCurrencyCode><TransactionType>00</TransactionType><UnpredictableNumber>2C3C5EA7</UnpredictableNumber></IccRequest></IccData>","<?xml version=""1.0"" encoding=""ISO-8859-1""?><IccData><IccResponse/></IccData>",070,00,NULL,218Postilion:MetaData281213RGCS_FileName11113CRN111226Postilion:ActiveActiveData111216txnlocaldatetime111213RGCS_FileName221052AIRP7530006253600013CRN2191000000000002450065226Postilion:ActiveActiveData242223PostCard:PostedDateTime2131766826872000216txnlocaldatetime212251225080016,"218Postilion:MetaData3113213RGCS_FileName11113CRN111226Postilion:ValidationResult111226Postilion:ActiveActiveData111216txnlocaldatetime111213RGCS_FileName221052AIRP7530006253600013CRN2191000000000002450065226Postilion:ValidationResult3301<ValidationResult><Result validator=""PC_CVR"">PASS</Result><Result validator=""PC_ATC"">SKIP</Result><Result validator=""PC_TVR"">PASS</Result><Result validator=""PC_PIN_INTEGRITY"">SKIP</Result><Result validator=""PC_CARD_STATE"">PASS</Result><Result validator=""PC_CRYPTOGRAM"">FAIL</Result></ValidationResult>226Postilion:ActiveActiveData242223PostCard:PostedDateTime2131766826872000216txnlocaldatetime212251225080016",0,0,NULL,NULL,NULL,NULL,NULL,NULL,NULL,NULL,NULL,3,NULL,NULL,10010,NULL,0220:057264:1225080016:973881807,3,NULL,NULL,NULL,NULL,NULL,NULL,NULL,NULL,NULL,NULL,NULL,ACQAPIAIRTEL,0,818074******9738,000,NULL,NULL,AIRT5783,NULL,AIRT00000000003,AIRT00000000003,4111,DELHI METRO RAIL COR   CENTRAL DELH DLIN,NULL,NULL,NULL,DebitGroup,DefaultCard,1,5,3,2,2,0,3,7,2,7,3,7,3,00,837900000,01G107H020NOCR83UV,02D7E0331CC3C7E5A381AC630BAC65211AF695E12F,AIRT5783,NULL,NULL,NULL,NULL,NULL,NULL,NULL,NULL,NULL,NULL,NULL,NULL,NULL,NULL,NULL,,,,,,,,,,,,,,,,,,,,,,,,,,,,,,,,,
4963851987,2530640603,1871870,745,NULL,NULL,ISSWLAATM6,0,0200,01,2504922086,008251,NULL,00,NULL,458162,1,1,NULL,NULL,NULL,WLA     ,002504922086,2025-12-27 09:14:33.000,2025-12-27 14:44:33.000,2025-12-27 14:44:33.267,2025-12-27 14:44:33.853,2025-12-27 00:00:00.000,2025-12-27 00:00:00.000,10,00,158788032419,NULL,200000,200000,-200000,200000,200000,356,0,0,356,0,0,356,200000,200000,200000,200000,0,0,0,0,356,"<?xml version=""1.0"" encoding=""ISO-8859-1""?><IccData><IccRequest><AmountAuthorized>000000200000</AmountAuthorized><AmountOther>000000000000</AmountOther><ApplicationIdentifier>A0000000031010</ApplicationIdentifier><ApplicationInterchangeProfile>1800</ApplicationInterchangeProfile><ApplicationTransactionCounter>0053</ApplicationTransactionCounter><ChipConditionCode>0</ChipConditionCode><Cryptogram>35748FF19F92CCC7</Cryptogram><CryptogramInformationData>80</CryptogramInformationData><CvmResults>020100</CvmResults><InterfaceDeviceSerialNumber>62888179</InterfaceDeviceSerialNumber><IssuerApplicationData>06011203A02000</IssuerApplicationData><TerminalCapabilities>604000</TerminalCapabilities><TerminalCountryCode>356</TerminalCountryCode><TerminalType>14</TerminalType><TerminalVerificationResult>8000048000</TerminalVerificationResult><TransactionCurrencyCode>356</TransactionCurrencyCode><TransactionDate>251227</TransactionDate><TransactionType>01</TransactionType><UnpredictableNumber>0C0C0F89</UnpredictableNumber></IccRequest></IccData>","<?xml version=""1.0"" encoding=""ISO-8859-1""?><IccData><IccResponse><IssuerAuthenticationData>82B6721300800000</IssuerAuthenticationData></IccResponse></IccData>",051,00,NULL,211MediaTotals3123<MediaTotals><Totals><Amount>191900000</Amount><Currency>356</Currency><MediaClass>Cash</MediaClass></Totals></MediaTotals>218Postilion:MetaData3107211MediaTotals111212MediaBatchNr111223ICC_DEDICATED_FILE_NAME111217AdditionalEmvTags111214AdditionalInfo111212MediaBatchNr1842414613223ICC_DEDICATED_FILE_NAME214A0000000031010217AdditionalEmvTags3502<AdditionalEmvTags><EmvTag><TagId>50</TagId><TagValue>56697361204465626974</TagValue></EmvTag><EmvTag><TagId>9F12</TagId><TagValue>56697361204465626974</TagValue></EmvTag><EmvTag><TagId>5F34</TagId><TagValue>00</TagValue></EmvTag><EmvTag><TagId>9F40</TagId><TagValue>EE00B053FF</TagValue></EmvTag><EmvTag><TagId>87</TagId><TagValue>01</TagValue></EmvTag><EmvTag><TagId>84</TagId><TagValue>A0000000031010</TagValue></EmvTag><EmvTag><TagId>9B</TagId><TagValue>6800</TagValue></EmvTag></AdditionalEmvTags>214AdditionalInfo3268<AdditionalInfo><Transaction><OpCode>A  B  CA</OpCode></Transaction><Download><ATMConfigID>0005</ATMConfigID><AtmAppConfigID>0005</AtmAppConfigID><LoadsetGroup>English\Hindi\Marathi_EMV_VG</LoadsetGroup><DownloadApp>AppWLA_EMV</DownloadApp></Download></AdditionalInfo>,218Postilion:MetaData21217NFS_RRN11117NFS_RRN212536114394059,0,0,NULL,NULL,NULL,NULL,1,0,NULL,NULL,NULL,3,73,NULL,NULL,1,MPB026350082515121444331227,3,01911400104   356,NULL,0,0,NULL,NULL,NULL,NULL,NULL,NULL,NULL,AAPWLA6,0,421681******8999,000,2705,226,MPB02635,HITACHI_WLA6,MPB02635       ,MPB02635       ,6011,RAM MANDIR RD STN      GREATERMUMBAIMHIN,NULL,NULL,NULL,NFSWLATG,NFSWLA,8,1,0,2,0,1,5,1,3,3,4,6,0,02,999800000,01G105NJJVG889PBTH,023B57E47113BAA7DDC217449613DD5CEF8127F3B1,MPB02635,NULL,NULL,NULL,NULL,NULL,NULL,NULL,NULL,NULL,NULL,NULL,NULL,NULL,NULL,NULL,,,,,,,,,,,,,,,,,,,,,,,,,,,,,,,,,
4963851988,2530640601,1898897,0,NULL,NULL,ISSAIRTEL,1,0220,00,2504922084,126092,00,00,NULL,NULL,0,0,NULL,720532,1006,NULL,004778126092,2025-12-27 14:44:33.000,2025-12-25 09:47:09.000,2025-12-27 14:44:33.253,2025-12-27 14:44:33.340,2025-03-22 00:00:00.000,2024-03-22 00:00:00.000,30,00,1112629256,NULL,4860,4860,-4860,0,0,356,0,0,356,0,0,356,4860,4860,0,0,0,0,0,0,356,"<?xml version=""1.0"" encoding=""ISO-8859-1""?><IccData><IccRequest><AmountAuthorized>000000004860</AmountAuthorized><AmountOther>000000000000</AmountOther><ApplicationInterchangeProfile>1900</ApplicationInterchangeProfile><ApplicationTransactionCounter>0674</ApplicationTransactionCounter><Cryptogram>650ED22698DA0551</Cryptogram><CryptogramInformationData>40</CryptogramInformationData><IssuerApplicationData>0FB50194000000201400000000000088100000000136700000</IssuerApplicationData><TerminalCapabilities>000808</TerminalCapabilities><TerminalCountryCode>356</TerminalCountryCode><TerminalVerificationResult>0000000000</TerminalVerificationResult><TransactionCurrencyCode>356</TransactionCurrencyCode><TransactionType>00</TransactionType><UnpredictableNumber>903BA643</UnpredictableNumber></IccRequest></IccData>","<?xml version=""1.0"" encoding=""ISO-8859-1""?><IccData><IccResponse/></IccData>",070,00,NULL,218Postilion:MetaData281213RGCS_FileName11113CRN111226Postilion:ActiveActiveData111216txnlocaldatetime111213RGCS_FileName221052AIRP7530006253600013CRN2191000000000001461103226Postilion:ActiveActiveData242223PostCard:PostedDateTime2131766826873000216txnlocaldatetime212251225094709,"218Postilion:MetaData3113213RGCS_FileName11113CRN111226Postilion:ValidationResult111226Postilion:ActiveActiveData111216txnlocaldatetime111213RGCS_FileName221052AIRP7530006253600013CRN2191000000000001461103226Postilion:ValidationResult3301<ValidationResult><Result validator=""PC_CVR"">PASS</Result><Result validator=""PC_ATC"">SKIP</Result><Result validator=""PC_TVR"">PASS</Result><Result validator=""PC_PIN_INTEGRITY"">SKIP</Result><Result validator=""PC_CARD_STATE"">PASS</Result><Result validator=""PC_CRYPTOGRAM"">FAIL</Result></ValidationResult>226Postilion:ActiveActiveData242223PostCard:PostedDateTime2131766826873000216txnlocaldatetime212251225094709",0,0,NULL,NULL,NULL,NULL,NULL,NULL,NULL,NULL,NULL,3,NULL,NULL,10010,NULL,0220:126092:1225094709:760081807,3,NULL,NULL,NULL,NULL,NULL,NULL,NULL,NULL,NULL,NULL,NULL,ACQAPIAIRTEL,0,818074******7600,000,NULL,NULL,AIRT8382,NULL,AIRT00000000003,AIRT00000000003,4111,DELHI METRO RAIL COR   CENTRAL DELH DLIN,NULL,NULL,NULL,DebitGroup,DefaultCard,1,5,3,2,2,0,3,7,2,7,3,7,3,00,6700000,01G10DKJJQS5UTJ3Q8,028C34A28CA1957AD2F69C016412DED3E32D98415A,AIRT8382,NULL,NULL,NULL,NULL,NULL,NULL,NULL,NULL,NULL,NULL,NULL,NULL,NULL,NULL,NULL,,,,,,,,,,,,,,,,,,,,,,,,,,,,,,,,,
4963851989,2530640603,1869440,750,NULL,NULL,ISSWLAATM6,1,0200,01,2504922086,394059,NULL,00,NULL,458162,1,1,NULL,811464,1510,WLA     ,002504922086,2025-12-27 09:14:33.000,2025-12-27 14:44:33.000,2025-12-27 14:44:33.277,2025-12-27 14:44:33.853,2025-12-27 00:00:00.000,2025-12-27 00:00:00.000,10,00,158788032419,NULL,200000,200000,-200000,200000,200000,356,0,0,356,0,0,356,200000,200000,200000,200000,0,0,0,0,356,"<?xml version=""1.0"" encoding=""ISO-8859-1""?><IccData><IccRequest><AmountAuthorized>000000200000</AmountAuthorized><AmountOther>000000000000</AmountOther><ApplicationIdentifier>A0000000031010</ApplicationIdentifier><ApplicationInterchangeProfile>1800</ApplicationInterchangeProfile><ApplicationTransactionCounter>0053</ApplicationTransactionCounter><ChipConditionCode>0</ChipConditionCode><Cryptogram>35748FF19F92CCC7</Cryptogram><CryptogramInformationData>80</CryptogramInformationData><CvmResults>020100</CvmResults><InterfaceDeviceSerialNumber>62888179</InterfaceDeviceSerialNumber><IssuerApplicationData>06011203A02000</IssuerApplicationData><TerminalCapabilities>604000</TerminalCapabilities><TerminalCountryCode>356</TerminalCountryCode><TerminalType>14</TerminalType><TerminalVerificationResult>8000048000</TerminalVerificationResult><TransactionCurrencyCode>356</TransactionCurrencyCode><TransactionDate>251227</TransactionDate><TransactionType>01</TransactionType><UnpredictableNumber>0C0C0F89</UnpredictableNumber></IccRequest></IccData>","<?xml version=""1.0"" encoding=""ISO-8859-1""?><IccData><IccResponse><IssuerAuthenticationData>82B6721300800000</IssuerAuthenticationData></IccResponse></IccData>",051,00,NULL,211MediaTotals3123<MediaTotals><Totals><Amount>191900000</Amount><Currency>356</Currency><MediaClass>Cash</MediaClass></Totals></MediaTotals>218Postilion:MetaData3107211MediaTotals111212MediaBatchNr111223ICC_DEDICATED_FILE_NAME111217AdditionalEmvTags111214AdditionalInfo111212MediaBatchNr1842414613223ICC_DEDICATED_FILE_NAME214A0000000031010217AdditionalEmvTags3502<AdditionalEmvTags><EmvTag><TagId>50</TagId><TagValue>56697361204465626974</TagValue></EmvTag><EmvTag><TagId>9F12</TagId><TagValue>56697361204465626974</TagValue></EmvTag><EmvTag><TagId>5F34</TagId><TagValue>00</TagValue></EmvTag><EmvTag><TagId>9F40</TagId><TagValue>EE00B053FF</TagValue></EmvTag><EmvTag><TagId>87</TagId><TagValue>01</TagValue></EmvTag><EmvTag><TagId>84</TagId><TagValue>A0000000031010</TagValue></EmvTag><EmvTag><TagId>9B</TagId><TagValue>6800</TagValue></EmvTag></AdditionalEmvTags>214AdditionalInfo3268<AdditionalInfo><Transaction><OpCode>A  B  CA</OpCode></Transaction><Download><ATMConfigID>0005</ATMConfigID><AtmAppConfigID>0005</AtmAppConfigID><LoadsetGroup>English\Hindi\Marathi_EMV_VG</LoadsetGroup><DownloadApp>AppWLA_EMV</DownloadApp></Download></AdditionalInfo>,218Postilion:MetaData21217NFS_RRN11117NFS_RRN212536114394059,0,0,NULL,NULL,NULL,NULL,1,0,NULL,NULL,NULL,3,73,73,NULL,1,MPB026350082515121444331227,3,01911400104   356,NULL,0,0,NULL,NULL,NULL,NULL,NULL,NULL,NULL,AAPWLA6,0,421681******8999,000,2705,226,MPB02635,HITACHI_WLA6,MPB02635       ,MPB02635       ,6011,RAM MANDIR RD STN      GREATERMUMBAIMHIN,NULL,NULL,NULL,NFSWLATG,NFSWLA,8,1,0,2,0,1,5,1,3,3,4,6,0,02,999800000,01G105NJJVG889PBTH,023B57E47113BAA7DDC217449613DD5CEF8127F3B1,MPB02635,NULL,NULL,NULL,NULL,NULL,NULL,NULL,NULL,NULL,NULL,NULL,NULL,NULL,NULL,NULL,,,,,,,,,,,,,,,,,,,,,,,,,,,,,,,,,
4963851990,2530640604,2477174,0,NULL,NULL,ISSUKTSCBS,0,0200,01,2504922087,014946,NULL,00,NULL,014946,1,1,NULL,800025,NULL,NULL,536114014946,2025-12-27 09:14:33.000,2025-12-27 14:44:33.000,2025-12-27 14:44:33.283,2025-12-27 14:44:33.663,2025-06-27 00:00:00.000,2025-11-04 00:00:00.000,10,00,1668019251299214,NULL,1000000,1000000,-1000000,1000000,1000000,356,0,0,356,0,0,356,1000000,1000000,1000000,1000000,0,0,0,0,356,"<?xml version=""1.0"" encoding=""ISO-8859-1""?><IccData><IccRequest><AmountAuthorized>000001000000</AmountAuthorized><AmountOther>000000000000</AmountOther><ApplicationIdentifier>A0000000651010</ApplicationIdentifier><ApplicationInterchangeProfile>3800</ApplicationInterchangeProfile><ApplicationTransactionCounter>0025</ApplicationTransactionCounter><Cryptogram>87D2FBA9B744158E</Cryptogram><CryptogramInformationData>80</CryptogramInformationData><CvmResults>020100</CvmResults><InterfaceDeviceSerialNumber>        </InterfaceDeviceSerialNumber><IssuerApplicationData>07010104A0000032</IssuerApplicationData><TerminalCapabilities>604020</TerminalCapabilities><TerminalCountryCode>356</TerminalCountryCode><TerminalType>14</TerminalType><TerminalVerificationResult>8000040000</TerminalVerificationResult><TransactionCurrencyCode>356</TransactionCurrencyCode><TransactionDate>251227</TransactionDate><TransactionType>01</TransactionType><UnpredictableNumber>A08EF740</UnpredictableNumber></IccRequest></IccData>","<?xml version=""1.0"" encoding=""ISO-8859-1""?><IccData><IccResponse><ApplicationTransactionCounter>0025</ApplicationTransactionCounter><IssuerAuthenticationData>34858864303030303030</IssuerAuthenticationData><PostilionPrivateIccResponseData><ResponseCode>00</ResponseCode></PostilionPrivateIccResponseData></IccResponse></IccData>",051,00,NULL,218Postilion:MetaData232226Postilion:ActiveActiveData111226Postilion:ActiveActiveData274223PostCard:PostedDateTime2131766807073284223PostCard:PinBasedSecure14true,218Postilion:MetaData3120211Txn_counter111232JcbCVN01IssuerAuthenticationData111215Fee_charged_gst11114Flag111211Fee_charged111212Card_Product111211Txn_counter1245232JcbCVN01IssuerAuthenticationData220AF0CFC46B91D035A3030215Fee_charged_gst1337814Flag11D211Fee_charged142100212Card_Product1835361102,0,0,NULL,NULL,NULL,NULL,NULL,NULL,NULL,NULL,X,3,NULL,NULL,NULL,NULL,35361140149461227144433,3,00356000302012356,NULL,1,0,NULL,NULL,NULL,NULL,NULL,NULL,NULL,ACQUKTSNFS,0,353611******9255,001,3011,226,CORAJ101,NULL,800025         ,800025         ,6011,KALWAR ROAD JAIPUR     JAIPUR       RJIN,NULL,NULL,NULL,UtkarshTG,UTKARSHCARDS,8,1,0,0,0,1,5,1,1,3,4,3,0,02,552900000,01G10EV4SB9O4O1KBB,029E1B408C5817B5F19698A690B2077253E255A348,CORAJ101,NULL,NULL,NULL,NULL,NULL,NULL,NULL,NULL,NULL,NULL,NULL,NULL,NULL,NULL,NULL,,,,,,,,,,,,,,,,,,,,,,,,,,,,,,,,,
4963851991,2530640605,1901847,628,NULL,NULL,ISSAIRTEL,0,0100,29,2504922088,373341,NULL,00,NULL,373341,1,1,NULL,720532,NULL,NULL,536114373341,2025-12-27 09:14:32.000,2025-12-27 14:44:32.000,2025-12-27 14:44:33.287,2025-12-27 14:44:33.340,2025-12-27 00:00:00.000,2025-12-27 00:00:00.000,00,30,NULL,1285697211,0,0,0,0,0,356,0,0,356,0,0,356,0,0,0,0,0,0,0,0,356,"<?xml version=""1.0"" encoding=""ISO-8859-1""?><IccData><IccRequest><AmountAuthorized>000000000000</AmountAuthorized><AmountOther>000000000000</AmountOther><ApplicationIdentifier>A0000005241010</ApplicationIdentifier><ApplicationInterchangeProfile>1900</ApplicationInterchangeProfile><ApplicationTransactionCounter>010C</ApplicationTransactionCounter><Cryptogram>04A8554DE34BC1F1</Cryptogram><CryptogramInformationData>80</CryptogramInformationData><CvmResults>1F0302</CvmResults><InterfaceDeviceSerialNumber>14932199</InterfaceDeviceSerialNumber><IssuerApplicationData>0FB501A4000000801400000000000011700000000011700000FF019100000000</IssuerApplicationData><TerminalApplicationVersionNumber>0002</TerminalApplicationVersionNumber><TerminalCapabilities>E068C8</TerminalCapabilities><TerminalCountryCode>356</TerminalCountryCode><TerminalType>92</TerminalType><TerminalVerificationResult>0000008000</TerminalVerificationResult><TransactionCurrencyCode>356</TransactionCurrencyCode><TransactionDate>251227</TransactionDate><TransactionSequenceCounter>00124372</TransactionSequenceCounter><TransactionType>29</TransactionType><UnpredictableNumber>9747F5A6</UnpredictableNumber></IccRequest></IccData>","<?xml version=""1.0"" encoding=""ISO-8859-1""?><IccData><IccResponse><ApplicationTransactionCounter>010C</ApplicationTransactionCounter><IssuerAuthenticationData>48FC311480C44000FFFE000000050000</IssuerAuthenticationData><PostilionPrivateIccResponseData><ResponseCode>00</ResponseCode></PostilionPrivateIccResponseData></IccResponse></IccData>",071,00,NULL,215DF16_SERVICE_ID14FF01218Postilion:MetaData3267215DF16_SERVICE_ID111217Bck37|22|13|12|13111211service_bal111221IssuerProprietaryData111212BalUpdateRRN111214Bck37|22|13|12111217BalUpdateDateTime111220UpdateOfflineBalance111228DF15_SERVICE_MANAGEMENT_INFO111215OfflineAmountCr111210global_bal11113RFU11118Auto_Bal111217Bck37|22|13|12|132168180745046741414211service_bal212000000001170221IssuerProprietaryData216FFFE000000050000212BalUpdateRRN212536114224799214Bck37|22|13|12252536114373341|071|1227|144432|144432|8180745046741414217BalUpdateDateTime2101227144410220UpdateOfflineBalance111228DF15_SERVICE_MANAGEMENT_INFO149100215OfflineAmountCr12CR210global_bal21200000000117013RFU14000018Auto_Bal1550000,215DF16_SERVICE_ID14FF01218Postilion:MetaData3275215DF16_SERVICE_ID111217Bck37|22|13|12|13111211service_bal111221IssuerProprietaryData111212BalUpdateRRN111214Bck37|22|13|12111217BalUpdateDateTime111220UpdateOfflineBalance111228DF15_SERVICE_MANAGEMENT_INFO111215OfflineAmountCr11113CRN111210global_bal11113RFU11118Auto_Bal111217Bck37|22|13|12|132168180745046741414211service_bal212000000001170221IssuerProprietaryData216FFFE000000050000212BalUpdateRRN212536114224799214Bck37|22|13|12252536114373341|071|1227|144432|144432|8180745046741414217BalUpdateDateTime2101227144410220UpdateOfflineBalance111228DF15_SERVICE_MANAGEMENT_INFO149100215OfflineAmountCr12CR13CRN2191000000000005500862210global_bal21200000000117013RFU14000018Auto_Bal1550000,0,0,NULL,NULL,NULL,NULL,NULL,NULL,NULL,NULL,X,3,NULL,NULL,NULL,NULL,13733411227144432,3,00356         356,NULL,1,0,NULL,NULL,NULL,NULL,NULL,NULL,NULL,ACQPOSAIRTEL,0,818074******1414,000,3008,620,5P976045,NULL,5PT000000731774,5PT000000731774,4111,Delhi Metro Rail CorporNew Delhi    DLIN,NULL,NULL,NULL,AIRTEL_TG,AIRTEL CARDS,8,1,0,1,0,1,7,0,1,3,4,3,0,01,414100000,01G107QMSPVNU44ELH,02D3182FB768BC9E1B688344F6BA5C3CBB388EE2EF,5P976045,NULL,NULL,NULL,NULL,NULL,NULL,NULL,NULL,NULL,NULL,NULL,NULL,NULL,NULL,NULL,,,,,,,,,,,,,,,,,,,,,,,,,,,,,,,,,
4963851992,2530640602,1870136,747,NULL,NULL,ISSWLAATM5,1,0200,01,2504922085,380493,NULL,00,NULL,380493,1,1,NULL,811464,1510,WLA     ,002504922085,2025-12-27 09:14:33.000,2025-12-27 14:44:33.000,2025-12-27 14:44:33.157,2025-12-27 14:44:34.700,2025-12-27 00:00:00.000,2025-12-27 00:00:00.000,20,00,0000770310110004910,NULL,200000,200000,-200000,200000,200000,356,0,0,356,0,0,356,200000,200000,200000,200000,0,0,0,0,356,"<?xml version=""1.0"" encoding=""ISO-8859-1""?><IccData><IccRequest><AmountAuthorized>000000200000</AmountAuthorized><AmountOther>000000000000</AmountOther><ApplicationIdentifier>A0000005241010</ApplicationIdentifier><ApplicationInterchangeProfile>1900</ApplicationInterchangeProfile><ApplicationTransactionCounter>00B1</ApplicationTransactionCounter><ChipConditionCode>0</ChipConditionCode><Cryptogram>71D79D888FEC8CDB</Cryptogram><CryptogramInformationData>80</CryptogramInformationData><CvmResults>420300</CvmResults><InterfaceDeviceSerialNumber>54705723</InterfaceDeviceSerialNumber><IssuerApplicationData>0FB501A000000000000000000000000000000000000000000000000000000000</IssuerApplicationData><TerminalCapabilities>604000</TerminalCapabilities><TerminalCountryCode>356</TerminalCountryCode><TerminalType>14</TerminalType><TerminalVerificationResult>8080048000</TerminalVerificationResult><TransactionCurrencyCode>356</TransactionCurrencyCode><TransactionDate>251227</TransactionDate><TransactionType>01</TransactionType><UnpredictableNumber>1F00A93F</UnpredictableNumber></IccRequest></IccData>","<?xml version=""1.0"" encoding=""ISO-8859-1""?><IccData><IccResponse><IssuerAuthenticationData>3D7D69AC80C400000000000000000000</IssuerAuthenticationData></IccResponse></IccData>",051,00,NULL,211MediaTotals3122<MediaTotals><Totals><Amount>59900000</Amount><Currency>356</Currency><MediaClass>Cash</MediaClass></Totals></MediaTotals>218Postilion:MetaData3107211MediaTotals111212MediaBatchNr111223ICC_DEDICATED_FILE_NAME111217AdditionalEmvTags111214AdditionalInfo111212MediaBatchNr1842389127223ICC_DEDICATED_FILE_NAME214A0000005241010217AdditionalEmvTags3569<AdditionalEmvTags><EmvTag><TagId>50</TagId><TagValue>5275506179204465626974</TagValue></EmvTag><EmvTag><TagId>9F21</TagId><TagValue>144340</TagValue></EmvTag><EmvTag><TagId>9F12</TagId><TagValue>5275506179204465626974</TagValue></EmvTag><EmvTag><TagId>5F34</TagId><TagValue>01</TagValue></EmvTag><EmvTag><TagId>9F40</TagId><TagValue>EE00B053FF</TagValue></EmvTag><EmvTag><TagId>87</TagId><TagValue>01</TagValue></EmvTag><EmvTag><TagId>84</TagId><TagValue>A0000005241010</TagValue></EmvTag><EmvTag><TagId>9B</TagId><TagValue>6800</TagValue></EmvTag></AdditionalEmvTags>214AdditionalInfo3260<AdditionalInfo><Transaction><OpCode>A  A  CA</OpCode></Transaction><Download><ATMConfigID>0004</ATMConfigID><AtmAppConfigID>0004</AtmAppConfigID><LoadsetGroup>English\Hindi_EMV_VG</LoadsetGroup><DownloadApp>AppWLA_EMV</DownloadApp></Download></AdditionalInfo>,218Postilion:MetaData21217NFS_RRN11117NFS_RRN212536114380493,0,0,NULL,NULL,NULL,NULL,1,0,NULL,NULL,NULL,3,72,72,NULL,1,MPZ146450084445121444331227,3,01911205301   356,NULL,0,0,NULL,NULL,NULL,NULL,NULL,NULL,NULL,AAPWLA5,0,607947******2916,001,2912,620,MPZ14645,HITACHI_WLA5,MPZ14645       ,MPZ14645       ,6011,SADAR BAZAR            BEWAR        UPIN,NULL,NULL,NULL,NFSWLATG,NFSWLA,8,1,0,2,0,1,5,1,3,3,4,6,0,02,619200000,01G10DN98Q5R0KKGJA,0269429E84764A4D1C028AC1AC46ABA3189A7403E7,MPZ14645,NULL,NULL,NULL,NULL,NULL,NULL,NULL,NULL,NULL,NULL,NULL,NULL,NULL,NULL,NULL,,,,,,,,,,,,,,,,,,,,,,,,,,,,,,,,,
4963851993,2530640606,1898855,0,NULL,NULL,ISSAIRTEL,0,0220,00,2504922089,129942,00,00,NULL,NULL,0,0,NULL,720532,1006,NULL,004778129942,2025-12-27 14:44:33.000,2025-12-25 09:46:20.000,2025-12-27 14:44:33.323,2025-12-27 14:44:33.407,2025-03-22 00:00:00.000,2024-03-22 00:00:00.000,30,00,1284527488,NULL,1890,1890,-1890,0,0,356,0,0,356,0,0,356,1890,1890,0,0,0,0,0,0,356,"<?xml version=""1.0"" encoding=""ISO-8859-1""?><IccData><IccRequest><AmountAuthorized>000000001890</AmountAuthorized><AmountOther>000000000000</AmountOther><ApplicationInterchangeProfile>1900</ApplicationInterchangeProfile><ApplicationTransactionCounter>01C7</ApplicationTransactionCounter><Cryptogram>CBD27FE8401216EC</Cryptogram><CryptogramInformationData>40</CryptogramInformationData><IssuerApplicationData>0FB50194000000201400000000000070000000000088900000</IssuerApplicationData><TerminalCapabilities>000808</TerminalCapabilities><TerminalCountryCode>356</TerminalCountryCode><TerminalVerificationResult>0000000000</TerminalVerificationResult><TransactionCurrencyCode>356</TransactionCurrencyCode><TransactionType>00</TransactionType><UnpredictableNumber>15625E9C</UnpredictableNumber></IccRequest></IccData>","<?xml version=""1.0"" encoding=""ISO-8859-1""?><IccData><IccResponse/></IccData>",070,00,NULL,218Postilion:MetaData281213RGCS_FileName11113CRN111226Postilion:ActiveActiveData111216txnlocaldatetime111213RGCS_FileName221052AIRP7530006253600013CRN2191000000000005170856226Postilion:ActiveActiveData242223PostCard:PostedDateTime2131766826873000216txnlocaldatetime212251225094620,"218Postilion:MetaData3113213RGCS_FileName11113CRN111226Postilion:ValidationResult111226Postilion:ActiveActiveData111216txnlocaldatetime111213RGCS_FileName221052AIRP7530006253600013CRN2191000000000005170856226Postilion:ValidationResult3301<ValidationResult><Result validator=""PC_CVR"">PASS</Result><Result validator=""PC_ATC"">SKIP</Result><Result validator=""PC_TVR"">PASS</Result><Result validator=""PC_PIN_INTEGRITY"">SKIP</Result><Result validator=""PC_CARD_STATE"">PASS</Result><Result validator=""PC_CRYPTOGRAM"">FAIL</Result></ValidationResult>226Postilion:ActiveActiveData242223PostCard:PostedDateTime2131766826873000216txnlocaldatetime212251225094620",0,0,NULL,NULL,NULL,NULL,NULL,NULL,NULL,NULL,NULL,3,NULL,NULL,10010,NULL,0220:129942:1225094620:570681807,3,NULL,NULL,NULL,NULL,NULL,NULL,NULL,NULL,NULL,NULL,NULL,ACQAPIAIRTEL,0,818074******5706,000,NULL,NULL,6P089434,NULL,5PT000000731774,5PT000000731774,4111,Delhi Metro Rail Cor   New Delhi    DLIN,NULL,NULL,NULL,DebitGroup,DefaultCard,1,5,3,2,2,0,3,7,2,7,3,7,3,00,607500000,01G1097Q70A181RVBP,02E97C73F10E54A543FB94DFFC5546A32271D031A7,6P089434,NULL,NULL,NULL,NULL,NULL,NULL,NULL,NULL,NULL,NULL,NULL,NULL,NULL,NULL,NULL,,,,,,,,,,,,,,,,,,,,,,,,,,,,,,,,,
4963851994,2530640605,1898897,0,NULL,NULL,ISSAIRTEL,1,0100,29,2504922088,373341,NULL,00,NULL,373341,1,1,NULL,720532,1510,NULL,536114373341,2025-12-27 09:14:32.000,2025-12-27 14:44:32.000,2025-12-27 14:44:33.320,2025-12-27 14:44:33.333,2025-03-22 00:00:00.000,2024-03-22 00:00:00.000,00,30,NULL,1285697211,0,0,0,0,0,356,0,0,356,0,0,356,0,0,0,0,0,0,0,0,356,"<?xml version=""1.0"" encoding=""ISO-8859-1""?><IccData><IccRequest><AmountAuthorized>000000000000</AmountAuthorized><AmountOther>000000000000</AmountOther><ApplicationIdentifier>A0000005241010</ApplicationIdentifier><ApplicationInterchangeProfile>1900</ApplicationInterchangeProfile><ApplicationTransactionCounter>010C</ApplicationTransactionCounter><Cryptogram>04A8554DE34BC1F1</Cryptogram><CryptogramInformationData>80</CryptogramInformationData><CvmResults>1F0302</CvmResults><InterfaceDeviceSerialNumber>14932199</InterfaceDeviceSerialNumber><IssuerApplicationData>0FB501A4000000801400000000000011700000000011700000FF019100000000</IssuerApplicationData><TerminalApplicationVersionNumber>0002</TerminalApplicationVersionNumber><TerminalCapabilities>E068C8</TerminalCapabilities><TerminalCountryCode>356</TerminalCountryCode><TerminalType>92</TerminalType><TerminalVerificationResult>0000008000</TerminalVerificationResult><TransactionCurrencyCode>356</TransactionCurrencyCode><TransactionDate>251227</TransactionDate><TransactionSequenceCounter>00124372</TransactionSequenceCounter><TransactionType>29</TransactionType><UnpredictableNumber>9747F5A6</UnpredictableNumber></IccRequest></IccData>","<?xml version=""1.0"" encoding=""ISO-8859-1""?><IccData><IccResponse><ApplicationTransactionCounter>010C</ApplicationTransactionCounter><IssuerAuthenticationData>48FC311480C44000FFFE000000050000</IssuerAuthenticationData><PostilionPrivateIccResponseData><ResponseCode>00</ResponseCode></PostilionPrivateIccResponseData></IccResponse></IccData>",071,00,NULL,215DF16_SERVICE_ID14FF01218Postilion:MetaData3267215DF16_SERVICE_ID111217Bck37|22|13|12|13111211service_bal111221IssuerProprietaryData111212BalUpdateRRN111214Bck37|22|13|12111217BalUpdateDateTime111220UpdateOfflineBalance111228DF15_SERVICE_MANAGEMENT_INFO111215OfflineAmountCr111210global_bal11113RFU11118Auto_Bal111217Bck37|22|13|12|132168180745046741414211service_bal212000000001170221IssuerProprietaryData216FFFE000000050000212BalUpdateRRN212536114224799214Bck37|22|13|12252536114373341|071|1227|144432|144432|8180745046741414217BalUpdateDateTime2101227144410220UpdateOfflineBalance111228DF15_SERVICE_MANAGEMENT_INFO149100215OfflineAmountCr12CR210global_bal21200000000117013RFU14000018Auto_Bal1550000,215DF16_SERVICE_ID14FF01218Postilion:MetaData3275215DF16_SERVICE_ID111217Bck37|22|13|12|13111211service_bal111221IssuerProprietaryData111212BalUpdateRRN111214Bck37|22|13|12111217BalUpdateDateTime111220UpdateOfflineBalance111228DF15_SERVICE_MANAGEMENT_INFO111215OfflineAmountCr11113CRN111210global_bal11113RFU11118Auto_Bal111217Bck37|22|13|12|132168180745046741414211service_bal212000000001170221IssuerProprietaryData216FFFE000000050000212BalUpdateRRN212536114224799214Bck37|22|13|12252536114373341|071|1227|144432|144432|8180745046741414217BalUpdateDateTime2101227144410220UpdateOfflineBalance111228DF15_SERVICE_MANAGEMENT_INFO149100215OfflineAmountCr12CR13CRN2191000000000005500862210global_bal21200000000117013RFU14000018Auto_Bal1550000,0,0,NULL,NULL,NULL,NULL,NULL,NULL,NULL,NULL,X,3,NULL,NULL,NULL,NULL,13733411227144432,3,00356         356,NULL,1,0,NULL,NULL,NULL,NULL,NULL,NULL,NULL,ACQPOSAIRTEL,0,818074******1414,000,3008,620,5P976045,NULL,5PT000000731774,5PT000000731774,4111,Delhi Metro Rail CorporNew Delhi    DLIN,NULL,NULL,NULL,AIRTEL_TG,AIRTEL CARDS,8,1,0,1,0,1,7,0,1,3,4,3,0,01,414100000,01G107QMSPVNU44ELH,02D3182FB768BC9E1B688344F6BA5C3CBB388EE2EF,5P976045,NULL,NULL,NULL,NULL,NULL,NULL,NULL,NULL,NULL,NULL,NULL,NULL,NULL,NULL,NULL,,,,,,,,,,,,,,,,,,,,,,,,,,,,,,,,,
4963851995,2530640607,1888490,700,NULL,NULL,ISSWLAATM2,0,0200,01,2504922090,008212,NULL,00,NULL,479340,1,1,NULL,NULL,NULL,WLA     ,002504922090,2025-12-27 09:14:33.000,2025-12-27 14:44:33.000,2025-12-27 14:44:33.447,2025-12-27 14:44:33.887,2025-12-27 00:00:00.000,2025-12-27 00:00:00.000,10,00,*******************,NULL,400000,400000,-400000,400000,400000,356,0,0,356,0,0,356,400000,400000,400000,400000,0,0,0,0,356,"<?xml version=""1.0"" encoding=""ISO-8859-1""?><IccData><IccRequest><AmountAuthorized>000000400000</AmountAuthorized><AmountOther>000000000000</AmountOther><ApplicationIdentifier>A0000001523010</ApplicationIdentifier><ApplicationInterchangeProfile>3900</ApplicationInterchangeProfile><ApplicationTransactionCounter>0102</ApplicationTransactionCounter><ChipConditionCode>0</ChipConditionCode><Cryptogram>4C0A398FF5FB135D</Cryptogram><CryptogramInformationData>80</CryptogramInformationData><CvmResults>020100</CvmResults><InterfaceDeviceSerialNumber>61970480</InterfaceDeviceSerialNumber><IssuerApplicationData>0105A00000002000</IssuerApplicationData><TerminalCapabilities>604000</TerminalCapabilities><TerminalCountryCode>356</TerminalCountryCode><TerminalType>14</TerminalType><TerminalVerificationResult>8000048000</TerminalVerificationResult><TransactionCurrencyCode>356</TransactionCurrencyCode><TransactionDate>251227</TransactionDate><TransactionType>01</TransactionType><UnpredictableNumber>57D7D490</UnpredictableNumber></IccRequest></IccData>","<?xml version=""1.0"" encoding=""ISO-8859-1""?><IccData><IccResponse><IssuerAuthenticationData>3305119F8B4E08D73330</IssuerAuthenticationData></IccResponse></IccData>",051,00,NULL,211MediaTotals3122<MediaTotals><Totals><Amount>41110000</Amount><Currency>356</Currency><MediaClass>Cash</MediaClass></Totals></MediaTotals>218Postilion:MetaData3107211MediaTotals111212MediaBatchNr111223ICC_DEDICATED_FILE_NAME111217AdditionalEmvTags111214AdditionalInfo111212MediaBatchNr1842412065223ICC_DEDICATED_FILE_NAME214A0000001523010217AdditionalEmvTags3514<AdditionalEmvTags><EmvTag><TagId>50</TagId><TagValue>494E5445524E4154494F4E414C</TagValue></EmvTag><EmvTag><TagId>9F12</TagId><TagValue>494E5445524E4154494F4E414C</TagValue></EmvTag><EmvTag><TagId>5F34</TagId><TagValue>01</TagValue></EmvTag><EmvTag><TagId>9F40</TagId><TagValue>EE00B053FF</TagValue></EmvTag><EmvTag><TagId>87</TagId><TagValue>02</TagValue></EmvTag><EmvTag><TagId>84</TagId><TagValue>A0000001523010</TagValue></EmvTag><EmvTag><TagId>9B</TagId><TagValue>6800</TagValue></EmvTag></AdditionalEmvTags>214AdditionalInfo3249<AdditionalInfo><Transaction><OpCode>A  B   A</OpCode></Transaction><Download><ATMConfigID>0016</ATMConfigID><AtmAppConfigID>0016</AtmAppConfigID><LoadsetGroup>NO_RP_2LG</LoadsetGroup><DownloadApp>AppWLA_EMV</DownloadApp></Download></AdditionalInfo>,218Postilion:MetaData21217NFS_RRN11117NFS_RRN212536114921994,0,0,NULL,NULL,NULL,NULL,1,0,NULL,NULL,NULL,3,69,NULL,NULL,1,MPZ129550082125121444331227,3,01911825106   356,NULL,0,0,NULL,NULL,NULL,NULL,NULL,NULL,NULL,AAPWLA2,0,652294******8739,001,2704,226,MPZ12955,HITACHI_WLA2,MPZ12955       ,MPZ12955       ,6011,BALWA HAT              SISAUNI      BRIN,NULL,NULL,NULL,NFSWLATG,NFSWLA,8,1,0,2,0,1,5,1,3,3,4,6,0,02,937800000,01G10DRDID55OVU3O8,02DB7C5982137595B76D4D0DB30EDE034D09539CE3,MPZ12955,NULL,NULL,NULL,NULL,NULL,NULL,NULL,NULL,NULL,NULL,NULL,NULL,NULL,NULL,NULL,,,,,,,,,,,,,,,,,,,,,,,,,,,,,,,,,
4963851996,2530640607,1870119,747,NULL,NULL,ISSWLAATM2,1,0200,01,2504922090,921994,NULL,00,NULL,479340,1,1,NULL,811464,1510,WLA     ,002504922090,2025-12-27 09:14:33.000,2025-12-27 14:44:33.000,2025-12-27 14:44:33.453,2025-12-27 14:44:33.887,2025-12-27 00:00:00.000,2025-12-27 00:00:00.000,10,00,*******************,NULL,400000,400000,-400000,400000,400000,356,0,0,356,0,0,356,400000,400000,400000,400000,0,0,0,0,356,"<?xml version=""1.0"" encoding=""ISO-8859-1""?><IccData><IccRequest><AmountAuthorized>000000400000</AmountAuthorized><AmountOther>000000000000</AmountOther><ApplicationIdentifier>A0000001523010</ApplicationIdentifier><ApplicationInterchangeProfile>3900</ApplicationInterchangeProfile><ApplicationTransactionCounter>0102</ApplicationTransactionCounter><ChipConditionCode>0</ChipConditionCode><Cryptogram>4C0A398FF5FB135D</Cryptogram><CryptogramInformationData>80</CryptogramInformationData><CvmResults>020100</CvmResults><InterfaceDeviceSerialNumber>61970480</InterfaceDeviceSerialNumber><IssuerApplicationData>0105A00000002000</IssuerApplicationData><TerminalCapabilities>604000</TerminalCapabilities><TerminalCountryCode>356</TerminalCountryCode><TerminalType>14</TerminalType><TerminalVerificationResult>8000048000</TerminalVerificationResult><TransactionCurrencyCode>356</TransactionCurrencyCode><TransactionDate>251227</TransactionDate><TransactionType>01</TransactionType><UnpredictableNumber>57D7D490</UnpredictableNumber></IccRequest></IccData>","<?xml version=""1.0"" encoding=""ISO-8859-1""?><IccData><IccResponse><IssuerAuthenticationData>3305119F8B4E08D73330</IssuerAuthenticationData></IccResponse></IccData>",051,00,NULL,211MediaTotals3122<MediaTotals><Totals><Amount>41110000</Amount><Currency>356</Currency><MediaClass>Cash</MediaClass></Totals></MediaTotals>218Postilion:MetaData3107211MediaTotals111212MediaBatchNr111223ICC_DEDICATED_FILE_NAME111217AdditionalEmvTags111214AdditionalInfo111212MediaBatchNr1842412065223ICC_DEDICATED_FILE_NAME214A0000001523010217AdditionalEmvTags3514<AdditionalEmvTags><EmvTag><TagId>50</TagId><TagValue>494E5445524E4154494F4E414C</TagValue></EmvTag><EmvTag><TagId>9F12</TagId><TagValue>494E5445524E4154494F4E414C</TagValue></EmvTag><EmvTag><TagId>5F34</TagId><TagValue>01</TagValue></EmvTag><EmvTag><TagId>9F40</TagId><TagValue>EE00B053FF</TagValue></EmvTag><EmvTag><TagId>87</TagId><TagValue>02</TagValue></EmvTag><EmvTag><TagId>84</TagId><TagValue>A0000001523010</TagValue></EmvTag><EmvTag><TagId>9B</TagId><TagValue>6800</TagValue></EmvTag></AdditionalEmvTags>214AdditionalInfo3249<AdditionalInfo><Transaction><OpCode>A  B   A</OpCode></Transaction><Download><ATMConfigID>0016</ATMConfigID><AtmAppConfigID>0016</AtmAppConfigID><LoadsetGroup>NO_RP_2LG</LoadsetGroup><DownloadApp>AppWLA_EMV</DownloadApp></Download></AdditionalInfo>,218Postilion:MetaData21217NFS_RRN11117NFS_RRN212536114921994,0,0,NULL,NULL,NULL,NULL,1,0,NULL,NULL,NULL,3,69,69,NULL,1,MPZ129550082125121444331227,3,01911825106   356,NULL,0,0,NULL,NULL,NULL,NULL,NULL,NULL,NULL,AAPWLA2,0,652294******8739,001,2704,226,MPZ12955,HITACHI_WLA2,MPZ12955       ,MPZ12955       ,6011,BALWA HAT              SISAUNI      BRIN,NULL,NULL,NULL,NFSWLATG,NFSWLA,8,1,0,2,0,1,5,1,3,3,4,6,0,02,937800000,01G10DRDID55OVU3O8,02DB7C5982137595B76D4D0DB30EDE034D09539CE3,MPZ12955,NULL,NULL,NULL,NULL,NULL,NULL,NULL,NULL,NULL,NULL,NULL,NULL,NULL,NULL,NULL,,,,,,,,,,,,,,,,,,,,,,,,,,,,,,,,,
4963851997,2530640608,1885202,718,NULL,NULL,ISSWLAATM4,0,0200,01,2504922091,004796,NULL,00,NULL,385640,1,1,NULL,NULL,NULL,WLA     ,002504922091,2025-12-27 09:14:33.000,2025-12-27 14:44:33.000,2025-12-27 14:44:33.453,2025-12-27 14:44:33.813,2025-12-27 00:00:00.000,2025-12-27 00:00:00.000,10,00,*******************,NULL,100000,100000,-100000,100000,100000,356,0,0,356,0,0,356,100000,100000,100000,100000,0,0,0,0,356,"<?xml version=""1.0"" encoding=""ISO-8859-1""?><IccData><IccRequest><AmountAuthorized>000000100000</AmountAuthorized><AmountOther>000000000000</AmountOther><ApplicationIdentifier>A0000001523010</ApplicationIdentifier><ApplicationInterchangeProfile>3900</ApplicationInterchangeProfile><ApplicationTransactionCounter>0064</ApplicationTransactionCounter><ChipConditionCode>0</ChipConditionCode><Cryptogram>FA6AB01E065BCD4B</Cryptogram><CryptogramInformationData>80</CryptogramInformationData><CvmResults>020100</CvmResults><InterfaceDeviceSerialNumber>60811387</InterfaceDeviceSerialNumber><IssuerApplicationData>0105A00003000000</IssuerApplicationData><TerminalCapabilities>604000</TerminalCapabilities><TerminalCountryCode>356</TerminalCountryCode><TerminalType>14</TerminalType><TerminalVerificationResult>8000048000</TerminalVerificationResult><TransactionCurrencyCode>356</TransactionCurrencyCode><TransactionDate>251227</TransactionDate><TransactionType>01</TransactionType><UnpredictableNumber>0FCFE2EA</UnpredictableNumber></IccRequest></IccData>","<?xml version=""1.0"" encoding=""ISO-8859-1""?><IccData><IccResponse><IssuerAuthenticationData>0274E3E8924312313330</IssuerAuthenticationData></IccResponse></IccData>",051,00,NULL,211MediaTotals3122<MediaTotals><Totals><Amount>88770000</Amount><Currency>356</Currency><MediaClass>Cash</MediaClass></Totals></MediaTotals>218Postilion:MetaData3107211MediaTotals111212MediaBatchNr111223ICC_DEDICATED_FILE_NAME111217AdditionalEmvTags111214AdditionalInfo111212MediaBatchNr110223ICC_DEDICATED_FILE_NAME214A0000001523010217AdditionalEmvTags3514<AdditionalEmvTags><EmvTag><TagId>50</TagId><TagValue>494E5445524E4154494F4E414C</TagValue></EmvTag><EmvTag><TagId>9F12</TagId><TagValue>494E5445524E4154494F4E414C</TagValue></EmvTag><EmvTag><TagId>5F34</TagId><TagValue>00</TagValue></EmvTag><EmvTag><TagId>9F40</TagId><TagValue>EE00B053FF</TagValue></EmvTag><EmvTag><TagId>87</TagId><TagValue>02</TagValue></EmvTag><EmvTag><TagId>84</TagId><TagValue>A0000001523010</TagValue></EmvTag><EmvTag><TagId>9B</TagId><TagValue>6800</TagValue></EmvTag></AdditionalEmvTags>214AdditionalInfo3263<AdditionalInfo><Transaction><OpCode>B  B  DA</OpCode></Transaction><Download><ATMConfigID>0003</ATMConfigID><AtmAppConfigID>0003</AtmAppConfigID><LoadsetGroup>English\Hindi_EMV_OFFER</LoadsetGroup><DownloadApp>AppWLA_EMV</DownloadApp></Download></AdditionalInfo>,218Postilion:MetaData21217NFS_RRN11117NFS_RRN212536114606456,0,0,NULL,NULL,NULL,NULL,1,0,NULL,NULL,NULL,3,71,NULL,NULL,1,MPZ070690047965121444331227,3,01911224141   356,NULL,0,0,NULL,NULL,NULL,NULL,NULL,NULL,NULL,AAPWLA4,0,652294******7474,000,3105,226,MPZ07069,HITACHI_WLA4,MPZ07069       ,MPZ07069       ,6011,TOWN AREA OFFICE GOSHA GOSAINGANJ   UPIN,NULL,NULL,NULL,NFSWLATG,NFSWLA,8,1,0,2,0,1,5,1,3,3,4,6,0,02,474700000,01G10347FPC5L5CQUU,02B266E011B9B9BD6EA6FB29BFCDD67F16912BB9C0,MPZ07069,NULL,NULL,NULL,NULL,NULL,NULL,NULL,NULL,NULL,NULL,NULL,NULL,NULL,NULL,NULL,,,,,,,,,,,,,,,,,,,,,,,,,,,,,,,,,
4963851998,2530640608,1870122,747,NULL,NULL,ISSWLAATM4,1,0200,01,2504922091,606456,NULL,00,NULL,385640,1,1,NULL,811464,1510,WLA     ,002504922091,2025-12-27 09:14:33.000,2025-12-27 14:44:33.000,2025-12-27 14:44:33.463,2025-12-27 14:44:33.813,2025-12-27 00:00:00.000,2025-12-27 00:00:00.000,10,00,*******************,NULL,100000,100000,-100000,100000,100000,356,0,0,356,0,0,356,100000,100000,100000,100000,0,0,0,0,356,"<?xml version=""1.0"" encoding=""ISO-8859-1""?><IccData><IccRequest><AmountAuthorized>000000100000</AmountAuthorized><AmountOther>000000000000</AmountOther><ApplicationIdentifier>A0000001523010</ApplicationIdentifier><ApplicationInterchangeProfile>3900</ApplicationInterchangeProfile><ApplicationTransactionCounter>0064</ApplicationTransactionCounter><ChipConditionCode>0</ChipConditionCode><Cryptogram>FA6AB01E065BCD4B</Cryptogram><CryptogramInformationData>80</CryptogramInformationData><CvmResults>020100</CvmResults><InterfaceDeviceSerialNumber>60811387</InterfaceDeviceSerialNumber><IssuerApplicationData>0105A00003000000</IssuerApplicationData><TerminalCapabilities>604000</TerminalCapabilities><TerminalCountryCode>356</TerminalCountryCode><TerminalType>14</TerminalType><TerminalVerificationResult>8000048000</TerminalVerificationResult><TransactionCurrencyCode>356</TransactionCurrencyCode><TransactionDate>251227</TransactionDate><TransactionType>01</TransactionType><UnpredictableNumber>0FCFE2EA</UnpredictableNumber></IccRequest></IccData>","<?xml version=""1.0"" encoding=""ISO-8859-1""?><IccData><IccResponse><IssuerAuthenticationData>0274E3E8924312313330</IssuerAuthenticationData></IccResponse></IccData>",051,00,NULL,211MediaTotals3122<MediaTotals><Totals><Amount>88770000</Amount><Currency>356</Currency><MediaClass>Cash</MediaClass></Totals></MediaTotals>218Postilion:MetaData3107211MediaTotals111212MediaBatchNr111223ICC_DEDICATED_FILE_NAME111217AdditionalEmvTags111214AdditionalInfo111212MediaBatchNr110223ICC_DEDICATED_FILE_NAME214A0000001523010217AdditionalEmvTags3514<AdditionalEmvTags><EmvTag><TagId>50</TagId><TagValue>494E5445524E4154494F4E414C</TagValue></EmvTag><EmvTag><TagId>9F12</TagId><TagValue>494E5445524E4154494F4E414C</TagValue></EmvTag><EmvTag><TagId>5F34</TagId><TagValue>00</TagValue></EmvTag><EmvTag><TagId>9F40</TagId><TagValue>EE00B053FF</TagValue></EmvTag><EmvTag><TagId>87</TagId><TagValue>02</TagValue></EmvTag><EmvTag><TagId>84</TagId><TagValue>A0000001523010</TagValue></EmvTag><EmvTag><TagId>9B</TagId><TagValue>6800</TagValue></EmvTag></AdditionalEmvTags>214AdditionalInfo3263<AdditionalInfo><Transaction><OpCode>B  B  DA</OpCode></Transaction><Download><ATMConfigID>0003</ATMConfigID><AtmAppConfigID>0003</AtmAppConfigID><LoadsetGroup>English\Hindi_EMV_OFFER</LoadsetGroup><DownloadApp>AppWLA_EMV</DownloadApp></Download></AdditionalInfo>,218Postilion:MetaData21217NFS_RRN11117NFS_RRN212536114606456,0,0,NULL,NULL,NULL,NULL,1,0,NULL,NULL,NULL,3,71,71,NULL,1,MPZ070690047965121444331227,3,01911224141   356,NULL,0,0,NULL,NULL,NULL,NULL,NULL,NULL,NULL,AAPWLA4,0,652294******7474,000,3105,226,MPZ07069,HITACHI_WLA4,MPZ07069       ,MPZ07069       ,6011,TOWN AREA OFFICE GOSHA GOSAINGANJ   UPIN,NULL,NULL,NULL,NFSWLATG,NFSWLA,8,1,0,2,0,1,5,1,3,3,4,6,0,02,474700000,01G10347FPC5L5CQUU,02B266E011B9B9BD6EA6FB29BFCDD67F16912BB9C0,MPZ07069,NULL,NULL,NULL,NULL,NULL,NULL,NULL,NULL,NULL,NULL,NULL,NULL,NULL,NULL,NULL,,,,,,,,,,,,,,,,,,,,,,,,,,,,,,,,,
4963851999,2530640606,1898897,0,NULL,NULL,ISSAIRTEL,1,0220,00,2504922089,129942,00,00,NULL,NULL,0,0,NULL,720532,1006,NULL,004778129942,2025-12-27 14:44:33.000,2025-12-25 09:46:20.000,2025-12-27 14:44:33.407,2025-12-27 14:44:33.500,2025-03-22 00:00:00.000,2024-03-22 00:00:00.000,30,00,1284527488,NULL,1890,1890,-1890,0,0,356,0,0,356,0,0,356,1890,1890,0,0,0,0,0,0,356,"<?xml version=""1.0"" encoding=""ISO-8859-1""?><IccData><IccRequest><AmountAuthorized>000000001890</AmountAuthorized><AmountOther>000000000000</AmountOther><ApplicationInterchangeProfile>1900</ApplicationInterchangeProfile><ApplicationTransactionCounter>01C7</ApplicationTransactionCounter><Cryptogram>CBD27FE8401216EC</Cryptogram><CryptogramInformationData>40</CryptogramInformationData><IssuerApplicationData>0FB50194000000201400000000000070000000000088900000</IssuerApplicationData><TerminalCapabilities>000808</TerminalCapabilities><TerminalCountryCode>356</TerminalCountryCode><TerminalVerificationResult>0000000000</TerminalVerificationResult><TransactionCurrencyCode>356</TransactionCurrencyCode><TransactionType>00</TransactionType><UnpredictableNumber>15625E9C</UnpredictableNumber></IccRequest></IccData>","<?xml version=""1.0"" encoding=""ISO-8859-1""?><IccData><IccResponse/></IccData>",070,00,NULL,218Postilion:MetaData281213RGCS_FileName11113CRN111226Postilion:ActiveActiveData111216txnlocaldatetime111213RGCS_FileName221052AIRP7530006253600013CRN2191000000000005170856226Postilion:ActiveActiveData242223PostCard:PostedDateTime2131766826873000216txnlocaldatetime212251225094620,"218Postilion:MetaData3113213RGCS_FileName11113CRN111226Postilion:ValidationResult111226Postilion:ActiveActiveData111216txnlocaldatetime111213RGCS_FileName221052AIRP7530006253600013CRN2191000000000005170856226Postilion:ValidationResult3301<ValidationResult><Result validator=""PC_CVR"">PASS</Result><Result validator=""PC_ATC"">SKIP</Result><Result validator=""PC_TVR"">PASS</Result><Result validator=""PC_PIN_INTEGRITY"">SKIP</Result><Result validator=""PC_CARD_STATE"">PASS</Result><Result validator=""PC_CRYPTOGRAM"">FAIL</Result></ValidationResult>226Postilion:ActiveActiveData242223PostCard:PostedDateTime2131766826873000216txnlocaldatetime212251225094620",0,0,NULL,NULL,NULL,NULL,NULL,NULL,NULL,NULL,NULL,3,NULL,NULL,10010,NULL,0220:129942:1225094620:570681807,3,NULL,NULL,NULL,NULL,NULL,NULL,NULL,NULL,NULL,NULL,NULL,ACQAPIAIRTEL,0,818074******5706,000,NULL,NULL,6P089434,NULL,5PT000000731774,5PT000000731774,4111,Delhi Metro Rail Cor   New Delhi    DLIN,NULL,NULL,NULL,DebitGroup,DefaultCard,1,5,3,2,2,0,3,7,2,7,3,7,3,00,607500000,01G1097Q70A181RVBP,02E97C73F10E54A543FB94DFFC5546A32271D031A7,6P089434,NULL,NULL,NULL,NULL,NULL,NULL,NULL,NULL,NULL,NULL,NULL,NULL,NULL,NULL,NULL,,,,,,,,,,,,,,,,,,,,,,,,,,,,,,,,,
4963852000,2530640609,2591090,0,NULL,NULL,ISSAIRTEL,0,0100,29,2504922092,216421,NULL,00,NULL,216421,1,1,NULL,720201,NULL,NULL,536114216421,2025-12-27 09:14:32.000,2025-12-27 14:44:32.000,2025-12-27 14:44:33.473,2025-12-27 14:44:33.553,2025-12-27 00:00:00.000,2025-12-27 00:00:00.000,00,10,NULL,9943418451,0,0,0,0,0,356,0,0,356,0,0,356,0,0,0,0,0,0,0,0,356,"<?xml version=""1.0"" encoding=""ISO-8859-1""?><IccData><IccRequest><AmountAuthorized>000000000000</AmountAuthorized><AmountOther>000000000000</AmountOther><ApplicationIdentifier>A0000005241010</ApplicationIdentifier><ApplicationInterchangeProfile>1900</ApplicationInterchangeProfile><ApplicationTransactionCounter>006D</ApplicationTransactionCounter><Cryptogram>F72C80906FF2BF0E</Cryptogram><CryptogramInformationData>80</CryptogramInformationData><CvmResults>1F0302</CvmResults><InterfaceDeviceSerialNumber>91571212</InterfaceDeviceSerialNumber><IssuerApplicationData>0FB501A4000000801400000000000003000000000003000000FF019100000000</IssuerApplicationData><TerminalApplicationVersionNumber>0002</TerminalApplicationVersionNumber><TerminalCapabilities>E068C8</TerminalCapabilities><TerminalCountryCode>356</TerminalCountryCode><TerminalType>92</TerminalType><TerminalVerificationResult>0000000800</TerminalVerificationResult><TransactionCurrencyCode>356</TransactionCurrencyCode><TransactionDate>251227</TransactionDate><TransactionSequenceCounter>000155</TransactionSequenceCounter><TransactionType>29</TransactionType><UnpredictableNumber>50CA99B7</UnpredictableNumber></IccRequest></IccData>","<?xml version=""1.0"" encoding=""ISO-8859-1""?><IccData><IccResponse><ApplicationTransactionCounter>006D</ApplicationTransactionCounter><IssuerAuthenticationData>1DF65C9E80C400000000000000000000</IssuerAuthenticationData><PostilionPrivateIccResponseData><ResponseCode>00</ResponseCode></PostilionPrivateIccResponseData></IccResponse></IccData>",071,00,NULL,13RFU140000218Postilion:MetaData311913RFU111228DF15_SERVICE_MANAGEMENT_INFO111215DF16_SERVICE_ID111211service_bal111210global_bal111217Bck37|22|13|12|13111228DF15_SERVICE_MANAGEMENT_INFO149100215DF16_SERVICE_ID14FF01211service_bal212000000000300210global_bal212000000000300217Bck37|22|13|12|132168177769800128209,218Postilion:MetaData312713RFU111228DF15_SERVICE_MANAGEMENT_INFO11113CRN111215DF16_SERVICE_ID111211service_bal111210global_bal111217Bck37|22|13|12|1311113RFU140000228DF15_SERVICE_MANAGEMENT_INFO14910013CRN2191000000000006094888215DF16_SERVICE_ID14FF01211service_bal212000000000300210global_bal212000000000300217Bck37|22|13|12|132168177769800128209,0,0,NULL,NULL,NULL,NULL,NULL,NULL,NULL,NULL,X,3,NULL,NULL,NULL,NULL,12164211227144432,3,00356         356,NULL,1,0,NULL,NULL,NULL,NULL,NULL,NULL,NULL,ACQPOSAIRTEL,0,817776******8209,000,3011,620,21447533,NULL,02PLE0000037173,02PLE0000037173,4131,MTC CH LTDADYAR        CHENNAI      TNIN,NULL,NULL,NULL,AIRTEL_TG,AIRTEL CARDS,8,1,0,1,0,1,7,0,1,3,4,3,0,01,902800000,01G10C2VKT4J0KNCB0,026578BD2394EF3F1C8377BF46BA0E7A2F58CA25D3,21447533,NULL,NULL,NULL,NULL,NULL,NULL,NULL,NULL,NULL,NULL,NULL,NULL,NULL,NULL,NULL,,,,,,,,,,,,,,,,,,,,,,,,,,,,,,,,,
4963852001,2530640604,2116595,0,NULL,NULL,ISSUKTSCBS,1,0200,01,2504922087,014946,NULL,00,NULL,014946,1,1,NULL,810697,1510,NULL,536114014946,2025-12-27 09:14:33.000,2025-12-27 14:44:33.000,2025-12-27 14:44:33.387,2025-12-27 14:44:33.623,2025-06-27 00:00:00.000,2025-06-27 00:00:00.000,10,00,1668019251299214,NULL,1000000,1000000,-1000000,1000000,1000000,356,0,0,356,0,0,356,1000000,1000000,1000000,1000000,0,0,0,0,356,"<?xml version=""1.0"" encoding=""ISO-8859-1""?><IccData><IccRequest><AmountAuthorized>000001000000</AmountAuthorized><AmountOther>000000000000</AmountOther><ApplicationIdentifier>A0000000651010</ApplicationIdentifier><ApplicationInterchangeProfile>3800</ApplicationInterchangeProfile><ApplicationTransactionCounter>0025</ApplicationTransactionCounter><Cryptogram>87D2FBA9B744158E</Cryptogram><CryptogramInformationData>80</CryptogramInformationData><CvmResults>020100</CvmResults><InterfaceDeviceSerialNumber>        </InterfaceDeviceSerialNumber><IssuerApplicationData>07010104A0000032</IssuerApplicationData><TerminalCapabilities>604020</TerminalCapabilities><TerminalCountryCode>356</TerminalCountryCode><TerminalType>14</TerminalType><TerminalVerificationResult>8000040000</TerminalVerificationResult><TransactionCurrencyCode>356</TransactionCurrencyCode><TransactionDate>251227</TransactionDate><TransactionType>01</TransactionType><UnpredictableNumber>A08EF740</UnpredictableNumber></IccRequest></IccData>","<?xml version=""1.0"" encoding=""ISO-8859-1""?><IccData><IccResponse><ApplicationTransactionCounter>0025</ApplicationTransactionCounter><IssuerAuthenticationData>34858864303030303030</IssuerAuthenticationData><PostilionPrivateIccResponseData><ResponseCode>00</ResponseCode></PostilionPrivateIccResponseData></IccResponse></IccData>",051,00,NULL,218Postilion:MetaData232226Postilion:ActiveActiveData111226Postilion:ActiveActiveData274223PostCard:PostedDateTime2131766807073284223PostCard:PinBasedSecure14true,218Postilion:MetaData3120211Txn_counter111232JcbCVN01IssuerAuthenticationData111215Fee_charged_gst11114Flag111211Fee_charged111212Card_Product111211Txn_counter1245232JcbCVN01IssuerAuthenticationData220AF0CFC46B91D035A3030215Fee_charged_gst1337814Flag11D211Fee_charged142100212Card_Product1835361102,0,0,NULL,NULL,NULL,NULL,NULL,NULL,NULL,NULL,X,3,NULL,NULL,NULL,NULL,35361140149461227144433,3,00356000302012356,NULL,1,0,NULL,NULL,NULL,NULL,NULL,NULL,NULL,ACQUKTSNFS,0,353611******9255,001,3011,226,CORAJ101,NULL,800025         ,800025         ,6011,KALWAR ROAD JAIPUR     JAIPUR       RJIN,NULL,NULL,NULL,UtkarshTG,UTKARSHCARDS,8,1,0,0,0,1,5,1,1,3,4,3,0,02,552900000,01G10EV4SB9O4O1KBB,029E1B408C5817B5F19698A690B2077253E255A348,CORAJ101,NULL,NULL,NULL,NULL,NULL,NULL,NULL,NULL,NULL,NULL,NULL,NULL,NULL,NULL,NULL,,,,,,,,,,,,,,,,,,,,,,,,,,,,,,,,,
4963852002,2530640610,1898855,0,NULL,NULL,ISSAIRTEL,0,0220,00,2504922093,083715,00,00,NULL,NULL,0,0,NULL,720532,1006,NULL,004778083715,2025-12-27 14:44:33.000,2025-12-25 08:53:01.000,2025-12-27 14:44:33.500,2025-12-27 14:44:33.550,2025-03-22 00:00:00.000,2024-03-22 00:00:00.000,30,00,1285212306,NULL,2880,2880,-2880,0,0,356,0,0,356,0,0,356,2880,2880,0,0,0,0,0,0,356,"<?xml version=""1.0"" encoding=""ISO-8859-1""?><IccData><IccRequest><AmountAuthorized>000000002880</AmountAuthorized><AmountOther>000000000000</AmountOther><ApplicationInterchangeProfile>1900</ApplicationInterchangeProfile><ApplicationTransactionCounter>0085</ApplicationTransactionCounter><Cryptogram>4062C3A46A87AD07</Cryptogram><CryptogramInformationData>40</CryptogramInformationData><IssuerApplicationData>0FB50194000000201400000000000073100000000101900000</IssuerApplicationData><TerminalCapabilities>000808</TerminalCapabilities><TerminalCountryCode>356</TerminalCountryCode><TerminalVerificationResult>0000000000</TerminalVerificationResult><TransactionCurrencyCode>356</TransactionCurrencyCode><TransactionType>00</TransactionType><UnpredictableNumber>04BB8EED</UnpredictableNumber></IccRequest></IccData>","<?xml version=""1.0"" encoding=""ISO-8859-1""?><IccData><IccResponse/></IccData>",070,00,NULL,218Postilion:MetaData281213RGCS_FileName11113CRN111226Postilion:ActiveActiveData111216txnlocaldatetime111213RGCS_FileName221052AIRP7530006253600013CRN2191000000000004980435226Postilion:ActiveActiveData242223PostCard:PostedDateTime2131766826873000216txnlocaldatetime212251225085301,"218Postilion:MetaData3113213RGCS_FileName11113CRN111226Postilion:ValidationResult111226Postilion:ActiveActiveData111216txnlocaldatetime111213RGCS_FileName221052AIRP7530006253600013CRN2191000000000004980435226Postilion:ValidationResult3301<ValidationResult><Result validator=""PC_CVR"">PASS</Result><Result validator=""PC_ATC"">SKIP</Result><Result validator=""PC_TVR"">PASS</Result><Result validator=""PC_PIN_INTEGRITY"">SKIP</Result><Result validator=""PC_CARD_STATE"">PASS</Result><Result validator=""PC_CRYPTOGRAM"">FAIL</Result></ValidationResult>226Postilion:ActiveActiveData242223PostCard:PostedDateTime2131766826873000216txnlocaldatetime212251225085301",0,0,NULL,NULL,NULL,NULL,NULL,NULL,NULL,NULL,NULL,3,NULL,NULL,10010,NULL,0220:083715:1225085301:774481807,3,NULL,NULL,NULL,NULL,NULL,NULL,NULL,NULL,NULL,NULL,NULL,ACQAPIAIRTEL,0,818074******7744,000,NULL,NULL,5P951468,NULL,5PT000000731774,5PT000000731774,4111,Delhi Metro Rail Cor   New Delhi    DLIN,NULL,NULL,NULL,DebitGroup,DefaultCard,1,5,3,2,2,0,3,7,2,7,3,7,3,00,447700000,01G10EMS3FRE3D9HA5,0277BEBDE213BAE6975DC1228B32ADC39CBFE99F17,5P951468,NULL,NULL,NULL,NULL,NULL,NULL,NULL,NULL,NULL,NULL,NULL,NULL,NULL,NULL,NULL,,,,,,,,,,,,,,,,,,,,,,,,,,,,,,,,,
4963852003,2530640611,1875376,723,NULL,NULL,ISSWLAATM5,0,0200,01,2504922094,006459,NULL,00,NULL,434490,1,1,NULL,NULL,NULL,WLA     ,002504922094,2025-12-27 09:14:33.000,2025-12-27 14:44:33.000,2025-12-27 14:44:33.507,2025-12-27 14:44:33.807,2025-12-27 00:00:00.000,2025-12-27 00:00:00.000,20,00,*******************,NULL,10000,10000,-10000,10000,10000,356,0,0,356,0,0,356,10000,10000,10000,10000,0,0,0,0,356,"<?xml version=""1.0"" encoding=""ISO-8859-1""?><IccData><IccRequest><AmountAuthorized>000000010000</AmountAuthorized><AmountOther>000000000000</AmountOther><ApplicationIdentifier>A0000005241010</ApplicationIdentifier><ApplicationInterchangeProfile>1900</ApplicationInterchangeProfile><ApplicationTransactionCounter>011F</ApplicationTransactionCounter><ChipConditionCode>0</ChipConditionCode><Cryptogram>BEE503E4F569052C</Cryptogram><CryptogramInformationData>80</CryptogramInformationData><CvmResults>420300</CvmResults><InterfaceDeviceSerialNumber>60810012</InterfaceDeviceSerialNumber><IssuerApplicationData>0FB501A000000000000000000000000000000000000000000000000000000000</IssuerApplicationData><TerminalCapabilities>604000</TerminalCapabilities><TerminalCountryCode>356</TerminalCountryCode><TerminalType>14</TerminalType><TerminalVerificationResult>8080048000</TerminalVerificationResult><TransactionCurrencyCode>356</TransactionCurrencyCode><TransactionDate>251227</TransactionDate><TransactionType>01</TransactionType><UnpredictableNumber>02750279</UnpredictableNumber></IccRequest></IccData>","<?xml version=""1.0"" encoding=""ISO-8859-1""?><IccData><IccResponse><IssuerAuthenticationData>728A08FA808000000000000000000000</IssuerAuthenticationData></IccResponse></IccData>",051,00,NULL,211MediaTotals3120<MediaTotals><Totals><Amount>530000</Amount><Currency>356</Currency><MediaClass>Cash</MediaClass></Totals></MediaTotals>218Postilion:MetaData3107211MediaTotals111212MediaBatchNr111223ICC_DEDICATED_FILE_NAME111217AdditionalEmvTags111214AdditionalInfo111212MediaBatchNr1842401787223ICC_DEDICATED_FILE_NAME214A0000005241010217AdditionalEmvTags3569<AdditionalEmvTags><EmvTag><TagId>50</TagId><TagValue>5275506179204465626974</TagValue></EmvTag><EmvTag><TagId>9F21</TagId><TagValue>144351</TagValue></EmvTag><EmvTag><TagId>9F12</TagId><TagValue>5275506179204465626974</TagValue></EmvTag><EmvTag><TagId>5F34</TagId><TagValue>01</TagValue></EmvTag><EmvTag><TagId>9F40</TagId><TagValue>EE00B053FF</TagValue></EmvTag><EmvTag><TagId>87</TagId><TagValue>01</TagValue></EmvTag><EmvTag><TagId>84</TagId><TagValue>A0000005241010</TagValue></EmvTag><EmvTag><TagId>9B</TagId><TagValue>6800</TagValue></EmvTag></AdditionalEmvTags>214AdditionalInfo3257<AdditionalInfo><Transaction><OpCode>A  A  DA</OpCode></Transaction><Download><ATMConfigID>0011</ATMConfigID><AtmAppConfigID>0011</AtmAppConfigID><LoadsetGroup>English\Hindi_NEW</LoadsetGroup><DownloadApp>AppWLA_EMV</DownloadApp></Download></AdditionalInfo>,218Postilion:MetaData21217NFS_RRN11117NFS_RRN212536114380494,0,0,NULL,NULL,NULL,NULL,1,0,NULL,NULL,NULL,3,72,NULL,NULL,1,MPZ078470064595121444331227,3,01911477335   356,NULL,0,0,NULL,NULL,NULL,NULL,NULL,NULL,NULL,AAPWLA5,0,817406******2538,001,2806,620,MPZ07847,HITACHI_WLA5,MPZ07847       ,MPZ07847       ,6011,ACHALPURA REUN ZONE    ACHALPURA    MPIN,NULL,NULL,NULL,NFSWLATG,NFSWLA,8,1,0,2,0,1,5,1,3,3,4,6,0,02,835200000,01G108D3O60HQB9PIG,028876FBA52EB72AC03E40A8EBD12F6F05618E2DA6,MPZ07847,NULL,NULL,NULL,NULL,NULL,NULL,NULL,NULL,NULL,NULL,NULL,NULL,NULL,NULL,NULL,,,,,,,,,,,,,,,,,,,,,,,,,,,,,,,,,
4963852004,2530640610,1898897,0,NULL,NULL,ISSAIRTEL,1,0220,00,2504922093,083715,00,00,NULL,NULL,0,0,NULL,720532,1006,NULL,004778083715,2025-12-27 14:44:33.000,2025-12-25 08:53:01.000,2025-12-27 14:44:33.550,2025-12-27 14:44:33.637,2025-03-22 00:00:00.000,2024-03-22 00:00:00.000,30,00,1285212306,NULL,2880,2880,-2880,0,0,356,0,0,356,0,0,356,2880,2880,0,0,0,0,0,0,356,"<?xml version=""1.0"" encoding=""ISO-8859-1""?><IccData><IccRequest><AmountAuthorized>000000002880</AmountAuthorized><AmountOther>000000000000</AmountOther><ApplicationInterchangeProfile>1900</ApplicationInterchangeProfile><ApplicationTransactionCounter>0085</ApplicationTransactionCounter><Cryptogram>4062C3A46A87AD07</Cryptogram><CryptogramInformationData>40</CryptogramInformationData><IssuerApplicationData>0FB50194000000201400000000000073100000000101900000</IssuerApplicationData><TerminalCapabilities>000808</TerminalCapabilities><TerminalCountryCode>356</TerminalCountryCode><TerminalVerificationResult>0000000000</TerminalVerificationResult><TransactionCurrencyCode>356</TransactionCurrencyCode><TransactionType>00</TransactionType><UnpredictableNumber>04BB8EED</UnpredictableNumber></IccRequest></IccData>","<?xml version=""1.0"" encoding=""ISO-8859-1""?><IccData><IccResponse/></IccData>",070,00,NULL,218Postilion:MetaData281213RGCS_FileName11113CRN111226Postilion:ActiveActiveData111216txnlocaldatetime111213RGCS_FileName221052AIRP7530006253600013CRN2191000000000004980435226Postilion:ActiveActiveData242223PostCard:PostedDateTime2131766826873000216txnlocaldatetime212251225085301,"218Postilion:MetaData3113213RGCS_FileName11113CRN111226Postilion:ValidationResult111226Postilion:ActiveActiveData111216txnlocaldatetime111213RGCS_FileName221052AIRP7530006253600013CRN2191000000000004980435226Postilion:ValidationResult3301<ValidationResult><Result validator=""PC_CVR"">PASS</Result><Result validator=""PC_ATC"">SKIP</Result><Result validator=""PC_TVR"">PASS</Result><Result validator=""PC_PIN_INTEGRITY"">SKIP</Result><Result validator=""PC_CARD_STATE"">PASS</Result><Result validator=""PC_CRYPTOGRAM"">FAIL</Result></ValidationResult>226Postilion:ActiveActiveData242223PostCard:PostedDateTime2131766826873000216txnlocaldatetime212251225085301",0,0,NULL,NULL,NULL,NULL,NULL,NULL,NULL,NULL,NULL,3,NULL,NULL,10010,NULL,0220:083715:1225085301:774481807,3,NULL,NULL,NULL,NULL,NULL,NULL,NULL,NULL,NULL,NULL,NULL,ACQAPIAIRTEL,0,818074******7744,000,NULL,NULL,5P951468,NULL,5PT000000731774,5PT000000731774,4111,Delhi Metro Rail Cor   New Delhi    DLIN,NULL,NULL,NULL,DebitGroup,DefaultCard,1,5,3,2,2,0,3,7,2,7,3,7,3,00,447700000,01G10EMS3FRE3D9HA5,0277BEBDE213BAE6975DC1228B32ADC39CBFE99F17,5P951468,NULL,NULL,NULL,NULL,NULL,NULL,NULL,NULL,NULL,NULL,NULL,NULL,NULL,NULL,NULL,,,,,,,,,,,,,,,,,,,,,,,,,,,,,,,,,
4963852005,2530640612,1898855,0,NULL,NULL,ISSAIRTEL,0,0220,00,2504922095,123431,00,00,NULL,NULL,0,0,NULL,720532,1006,NULL,004778123431,2025-12-27 14:44:33.000,2025-12-25 09:42:39.000,2025-12-27 14:44:33.633,2025-12-27 14:44:33.697,2025-03-22 00:00:00.000,2024-03-22 00:00:00.000,30,00,1116320136,NULL,3870,3870,-3870,0,0,356,0,0,356,0,0,356,3870,3870,0,0,0,0,0,0,356,"<?xml version=""1.0"" encoding=""ISO-8859-1""?><IccData><IccRequest><AmountAuthorized>000000003870</AmountAuthorized><AmountOther>000000000000</AmountOther><ApplicationInterchangeProfile>1900</ApplicationInterchangeProfile><ApplicationTransactionCounter>03A8</ApplicationTransactionCounter><Cryptogram>91857637FFC89D54</Cryptogram><CryptogramInformationData>40</CryptogramInformationData><IssuerApplicationData>0FB50194000000201400000000000859900000000898600000</IssuerApplicationData><TerminalCapabilities>000808</TerminalCapabilities><TerminalCountryCode>356</TerminalCountryCode><TerminalVerificationResult>0000000000</TerminalVerificationResult><TransactionCurrencyCode>356</TransactionCurrencyCode><TransactionType>00</TransactionType><UnpredictableNumber>A99DE363</UnpredictableNumber></IccRequest></IccData>","<?xml version=""1.0"" encoding=""ISO-8859-1""?><IccData><IccResponse/></IccData>",070,00,NULL,218Postilion:MetaData281213RGCS_FileName11113CRN111226Postilion:ActiveActiveData111216txnlocaldatetime111213RGCS_FileName221052AIRP7530006253600013CRN2191000000000004091252226Postilion:ActiveActiveData242223PostCard:PostedDateTime2131766826873000216txnlocaldatetime212251225094239,"218Postilion:MetaData3113213RGCS_FileName11113CRN111226Postilion:ValidationResult111226Postilion:ActiveActiveData111216txnlocaldatetime111213RGCS_FileName221052AIRP7530006253600013CRN2191000000000004091252226Postilion:ValidationResult3301<ValidationResult><Result validator=""PC_CVR"">PASS</Result><Result validator=""PC_ATC"">SKIP</Result><Result validator=""PC_TVR"">PASS</Result><Result validator=""PC_PIN_INTEGRITY"">SKIP</Result><Result validator=""PC_CARD_STATE"">PASS</Result><Result validator=""PC_CRYPTOGRAM"">FAIL</Result></ValidationResult>226Postilion:ActiveActiveData242223PostCard:PostedDateTime2131766826873000216txnlocaldatetime212251225094239",0,0,NULL,NULL,NULL,NULL,NULL,NULL,NULL,NULL,NULL,3,NULL,NULL,10010,NULL,0220:123431:1225094239:235281807,3,NULL,NULL,NULL,NULL,NULL,NULL,NULL,NULL,NULL,NULL,NULL,ACQAPIAIRTEL,0,818074******2352,000,NULL,NULL,5P949867,NULL,5PT000000731774,5PT000000731774,4111,Delhi Metro Rail Cor   New Delhi    DLIN,NULL,NULL,NULL,DebitGroup,DefaultCard,1,5,3,2,2,0,3,7,2,7,3,7,3,00,253200000,01G10E9BB4SQAJEN6B,02F0760D14E0C9C1732918BB204C079EBD17682D79,5P949867,NULL,NULL,NULL,NULL,NULL,NULL,NULL,NULL,NULL,NULL,NULL,NULL,NULL,NULL,NULL,,,,,,,,,,,,,,,,,,,,,,,,,,,,,,,,,
4963852006,2530640611,1870136,747,NULL,NULL,ISSWLAATM5,1,0200,01,2504922094,380494,NULL,00,NULL,434490,1,1,NULL,811464,1510,WLA     ,002504922094,2025-12-27 09:14:33.000,2025-12-27 14:44:33.000,2025-12-27 14:44:33.517,2025-12-27 14:44:33.807,2025-12-27 00:00:00.000,2025-12-27 00:00:00.000,20,00,*******************,NULL,10000,10000,-10000,10000,10000,356,0,0,356,0,0,356,10000,10000,10000,10000,0,0,0,0,356,"<?xml version=""1.0"" encoding=""ISO-8859-1""?><IccData><IccRequest><AmountAuthorized>000000010000</AmountAuthorized><AmountOther>000000000000</AmountOther><ApplicationIdentifier>A0000005241010</ApplicationIdentifier><ApplicationInterchangeProfile>1900</ApplicationInterchangeProfile><ApplicationTransactionCounter>011F</ApplicationTransactionCounter><ChipConditionCode>0</ChipConditionCode><Cryptogram>BEE503E4F569052C</Cryptogram><CryptogramInformationData>80</CryptogramInformationData><CvmResults>420300</CvmResults><InterfaceDeviceSerialNumber>60810012</InterfaceDeviceSerialNumber><IssuerApplicationData>0FB501A000000000000000000000000000000000000000000000000000000000</IssuerApplicationData><TerminalCapabilities>604000</TerminalCapabilities><TerminalCountryCode>356</TerminalCountryCode><TerminalType>14</TerminalType><TerminalVerificationResult>8080048000</TerminalVerificationResult><TransactionCurrencyCode>356</TransactionCurrencyCode><TransactionDate>251227</TransactionDate><TransactionType>01</TransactionType><UnpredictableNumber>02750279</UnpredictableNumber></IccRequest></IccData>","<?xml version=""1.0"" encoding=""ISO-8859-1""?><IccData><IccResponse><IssuerAuthenticationData>728A08FA808000000000000000000000</IssuerAuthenticationData></IccResponse></IccData>",051,00,NULL,211MediaTotals3120<MediaTotals><Totals><Amount>530000</Amount><Currency>356</Currency><MediaClass>Cash</MediaClass></Totals></MediaTotals>218Postilion:MetaData3107211MediaTotals111212MediaBatchNr111223ICC_DEDICATED_FILE_NAME111217AdditionalEmvTags111214AdditionalInfo111212MediaBatchNr1842401787223ICC_DEDICATED_FILE_NAME214A0000005241010217AdditionalEmvTags3569<AdditionalEmvTags><EmvTag><TagId>50</TagId><TagValue>5275506179204465626974</TagValue></EmvTag><EmvTag><TagId>9F21</TagId><TagValue>144351</TagValue></EmvTag><EmvTag><TagId>9F12</TagId><TagValue>5275506179204465626974</TagValue></EmvTag><EmvTag><TagId>5F34</TagId><TagValue>01</TagValue></EmvTag><EmvTag><TagId>9F40</TagId><TagValue>EE00B053FF</TagValue></EmvTag><EmvTag><TagId>87</TagId><TagValue>01</TagValue></EmvTag><EmvTag><TagId>84</TagId><TagValue>A0000005241010</TagValue></EmvTag><EmvTag><TagId>9B</TagId><TagValue>6800</TagValue></EmvTag></AdditionalEmvTags>214AdditionalInfo3257<AdditionalInfo><Transaction><OpCode>A  A  DA</OpCode></Transaction><Download><ATMConfigID>0011</ATMConfigID><AtmAppConfigID>0011</AtmAppConfigID><LoadsetGroup>English\Hindi_NEW</LoadsetGroup><DownloadApp>AppWLA_EMV</DownloadApp></Download></AdditionalInfo>,218Postilion:MetaData21217NFS_RRN11117NFS_RRN212536114380494,0,0,NULL,NULL,NULL,NULL,1,0,NULL,NULL,NULL,3,72,72,NULL,1,MPZ078470064595121444331227,3,01911477335   356,NULL,0,0,NULL,NULL,NULL,NULL,NULL,NULL,NULL,AAPWLA5,0,817406******2538,001,2806,620,MPZ07847,HITACHI_WLA5,MPZ07847       ,MPZ07847       ,6011,ACHALPURA REUN ZONE    ACHALPURA    MPIN,NULL,NULL,NULL,NFSWLATG,NFSWLA,8,1,0,2,0,1,5,1,3,3,4,6,0,02,835200000,01G108D3O60HQB9PIG,028876FBA52EB72AC03E40A8EBD12F6F05618E2DA6,MPZ07847,NULL,NULL,NULL,NULL,NULL,NULL,NULL,NULL,NULL,NULL,NULL,NULL,NULL,NULL,NULL,,,,,,,,,,,,,,,,,,,,,,,,,,,,,,,,,
4963852007,2530640613,1898855,0,NULL,NULL,ISSAIRTEL,0,0220,00,2504922096,056868,00,00,NULL,NULL,0,0,NULL,720532,1006,NULL,004778056868,2025-12-27 14:44:33.000,2025-12-25 08:00:40.000,2025-12-27 14:44:33.763,2025-12-27 14:44:33.880,2025-03-22 00:00:00.000,2024-03-22 00:00:00.000,30,00,1115292981,NULL,880,880,-880,0,0,356,0,0,356,0,0,356,880,880,0,0,0,0,0,0,356,"<?xml version=""1.0"" encoding=""ISO-8859-1""?><IccData><IccRequest><AmountAuthorized>000000000880</AmountAuthorized><AmountOther>000000000000</AmountOther><ApplicationInterchangeProfile>1900</ApplicationInterchangeProfile><ApplicationTransactionCounter>010F</ApplicationTransactionCounter><Cryptogram>D48BE03FA1485125</Cryptogram><CryptogramInformationData>40</CryptogramInformationData><IssuerApplicationData>0FB50194000000201400000000000019900000000028700000</IssuerApplicationData><TerminalCapabilities>000808</TerminalCapabilities><TerminalCountryCode>356</TerminalCountryCode><TerminalVerificationResult>0000000000</TerminalVerificationResult><TransactionCurrencyCode>356</TransactionCurrencyCode><TransactionType>00</TransactionType><UnpredictableNumber>4F1A2063</UnpredictableNumber></IccRequest></IccData>","<?xml version=""1.0"" encoding=""ISO-8859-1""?><IccData><IccResponse/></IccData>",070,00,NULL,218Postilion:MetaData281213RGCS_FileName11113CRN111226Postilion:ActiveActiveData111216txnlocaldatetime111213RGCS_FileName221052AIRP7530006253600013CRN2191000000000003220787226Postilion:ActiveActiveData242223PostCard:PostedDateTime2131766826873000216txnlocaldatetime212251225080040,"218Postilion:MetaData3113213RGCS_FileName11113CRN111226Postilion:ValidationResult111226Postilion:ActiveActiveData111216txnlocaldatetime111213RGCS_FileName221052AIRP7530006253600013CRN2191000000000003220787226Postilion:ValidationResult3301<ValidationResult><Result validator=""PC_CVR"">PASS</Result><Result validator=""PC_ATC"">SKIP</Result><Result validator=""PC_TVR"">PASS</Result><Result validator=""PC_PIN_INTEGRITY"">SKIP</Result><Result validator=""PC_CARD_STATE"">PASS</Result><Result validator=""PC_CRYPTOGRAM"">FAIL</Result></ValidationResult>226Postilion:ActiveActiveData242223PostCard:PostedDateTime2131766826873000216txnlocaldatetime212251225080040",0,0,NULL,NULL,NULL,NULL,NULL,NULL,NULL,NULL,NULL,3,NULL,NULL,10010,NULL,0220:056868:1225080040:811781807,3,NULL,NULL,NULL,NULL,NULL,NULL,NULL,NULL,NULL,NULL,NULL,ACQAPIAIRTEL,0,818074******8117,000,NULL,NULL,6P089675,NULL,5PT000000731774,5PT000000731774,4111,Delhi Metro Rail Cor   New Delhi    DLIN,NULL,NULL,NULL,DebitGroup,DefaultCard,1,5,3,2,2,0,3,7,2,7,3,7,3,00,711800000,01G107IN8BMQQ38OBS,02010D9A1FA19F008B824F36C5B4A35102D347D653,6P089675,NULL,NULL,NULL,NULL,NULL,NULL,NULL,NULL,NULL,NULL,NULL,NULL,NULL,NULL,NULL,,,,,,,,,,,,,,,,,,,,,,,,,,,,,,,,,
4963852008,2530640612,1898897,0,NULL,NULL,ISSAIRTEL,1,0220,00,2504922095,123431,00,00,NULL,NULL,0,0,NULL,720532,1006,NULL,004778123431,2025-12-27 14:44:33.000,2025-12-25 09:42:39.000,2025-12-27 14:44:33.697,2025-12-27 14:44:33.800,2025-03-22 00:00:00.000,2024-03-22 00:00:00.000,30,00,1116320136,NULL,3870,3870,-3870,0,0,356,0,0,356,0,0,356,3870,3870,0,0,0,0,0,0,356,"<?xml version=""1.0"" encoding=""ISO-8859-1""?><IccData><IccRequest><AmountAuthorized>000000003870</AmountAuthorized><AmountOther>000000000000</AmountOther><ApplicationInterchangeProfile>1900</ApplicationInterchangeProfile><ApplicationTransactionCounter>03A8</ApplicationTransactionCounter><Cryptogram>91857637FFC89D54</Cryptogram><CryptogramInformationData>40</CryptogramInformationData><IssuerApplicationData>0FB50194000000201400000000000859900000000898600000</IssuerApplicationData><TerminalCapabilities>000808</TerminalCapabilities><TerminalCountryCode>356</TerminalCountryCode><TerminalVerificationResult>0000000000</TerminalVerificationResult><TransactionCurrencyCode>356</TransactionCurrencyCode><TransactionType>00</TransactionType><UnpredictableNumber>A99DE363</UnpredictableNumber></IccRequest></IccData>","<?xml version=""1.0"" encoding=""ISO-8859-1""?><IccData><IccResponse/></IccData>",070,00,NULL,218Postilion:MetaData281213RGCS_FileName11113CRN111226Postilion:ActiveActiveData111216txnlocaldatetime111213RGCS_FileName221052AIRP7530006253600013CRN2191000000000004091252226Postilion:ActiveActiveData242223PostCard:PostedDateTime2131766826873000216txnlocaldatetime212251225094239,"218Postilion:MetaData3113213RGCS_FileName11113CRN111226Postilion:ValidationResult111226Postilion:ActiveActiveData111216txnlocaldatetime111213RGCS_FileName221052AIRP7530006253600013CRN2191000000000004091252226Postilion:ValidationResult3301<ValidationResult><Result validator=""PC_CVR"">PASS</Result><Result validator=""PC_ATC"">SKIP</Result><Result validator=""PC_TVR"">PASS</Result><Result validator=""PC_PIN_INTEGRITY"">SKIP</Result><Result validator=""PC_CARD_STATE"">PASS</Result><Result validator=""PC_CRYPTOGRAM"">FAIL</Result></ValidationResult>226Postilion:ActiveActiveData242223PostCard:PostedDateTime2131766826873000216txnlocaldatetime212251225094239",0,0,NULL,NULL,NULL,NULL,NULL,NULL,NULL,NULL,NULL,3,NULL,NULL,10010,NULL,0220:123431:1225094239:235281807,3,NULL,NULL,NULL,NULL,NULL,NULL,NULL,NULL,NULL,NULL,NULL,ACQAPIAIRTEL,0,818074******2352,000,NULL,NULL,5P949867,NULL,5PT000000731774,5PT000000731774,4111,Delhi Metro Rail Cor   New Delhi    DLIN,NULL,NULL,NULL,DebitGroup,DefaultCard,1,5,3,2,2,0,3,7,2,7,3,7,3,00,253200000,01G10E9BB4SQAJEN6B,02F0760D14E0C9C1732918BB204C079EBD17682D79,5P949867,NULL,NULL,NULL,NULL,NULL,NULL,NULL,NULL,NULL,NULL,NULL,NULL,NULL,NULL,NULL,,,,,,,,,,,,,,,,,,,,,,,,,,,,,,,,,
4963852009,2530640614,1898855,0,NULL,NULL,ISSAIRTEL,0,0220,00,2504922097,079963,00,00,NULL,NULL,0,0,NULL,720532,1006,NULL,004778079963,2025-12-27 14:44:33.000,2025-12-25 08:39:16.000,2025-12-27 14:44:33.923,2025-12-27 14:44:34.013,2025-03-22 00:00:00.000,2024-03-22 00:00:00.000,30,00,1286762236,NULL,3870,3870,-3870,0,0,356,0,0,356,0,0,356,3870,3870,0,0,0,0,0,0,356,"<?xml version=""1.0"" encoding=""ISO-8859-1""?><IccData><IccRequest><AmountAuthorized>000000003870</AmountAuthorized><AmountOther>000000000000</AmountOther><ApplicationInterchangeProfile>1900</ApplicationInterchangeProfile><ApplicationTransactionCounter>002B</ApplicationTransactionCounter><Cryptogram>15CEB8A0A381F446</Cryptogram><CryptogramInformationData>40</CryptogramInformationData><IssuerApplicationData>0FB50194000000201400000000000169100000000207800000</IssuerApplicationData><TerminalCapabilities>000808</TerminalCapabilities><TerminalCountryCode>356</TerminalCountryCode><TerminalVerificationResult>0000000000</TerminalVerificationResult><TransactionCurrencyCode>356</TransactionCurrencyCode><TransactionType>00</TransactionType><UnpredictableNumber>7859682B</UnpredictableNumber></IccRequest></IccData>","<?xml version=""1.0"" encoding=""ISO-8859-1""?><IccData><IccResponse/></IccData>",070,00,NULL,218Postilion:MetaData281213RGCS_FileName11113CRN111226Postilion:ActiveActiveData111216txnlocaldatetime111213RGCS_FileName221052AIRP7530006253600013CRN2191000000000005716370226Postilion:ActiveActiveData242223PostCard:PostedDateTime2131766826873000216txnlocaldatetime212251225083916,"218Postilion:MetaData3113213RGCS_FileName11113CRN111226Postilion:ValidationResult111226Postilion:ActiveActiveData111216txnlocaldatetime111213RGCS_FileName221052AIRP7530006253600013CRN2191000000000005716370226Postilion:ValidationResult3301<ValidationResult><Result validator=""PC_CVR"">PASS</Result><Result validator=""PC_ATC"">SKIP</Result><Result validator=""PC_TVR"">PASS</Result><Result validator=""PC_PIN_INTEGRITY"">SKIP</Result><Result validator=""PC_CARD_STATE"">PASS</Result><Result validator=""PC_CRYPTOGRAM"">FAIL</Result></ValidationResult>226Postilion:ActiveActiveData242223PostCard:PostedDateTime2131766826873000216txnlocaldatetime212251225083916",0,0,NULL,NULL,NULL,NULL,NULL,NULL,NULL,NULL,NULL,3,NULL,NULL,10010,NULL,0220:079963:1225083916:545081807,3,NULL,NULL,NULL,NULL,NULL,NULL,NULL,NULL,NULL,NULL,NULL,ACQAPIAIRTEL,0,818074******5450,000,NULL,NULL,AIRT4357,NULL,AIRT00000000003,AIRT00000000003,4111,DELHI METRO RAIL COR   CENTRAL DELH DLIN,NULL,NULL,NULL,DebitGroup,DefaultCard,1,5,3,2,2,0,3,7,2,7,3,7,3,00,54500000,01G10UG1DQ0CUF5I0 ,02749139DADF3A49EED2A9ACC507DD24CFAF4BFE7C,AIRT4357,NULL,NULL,NULL,NULL,NULL,NULL,NULL,NULL,NULL,NULL,NULL,NULL,NULL,NULL,NULL,,,,,,,,,,,,,,,,,,,,,,,,,,,,,,,,,
4963852010,2530640613,1898897,0,NULL,NULL,ISSAIRTEL,1,0220,00,2504922096,056868,00,00,NULL,NULL,0,0,NULL,720532,1006,NULL,004778056868,2025-12-27 14:44:33.000,2025-12-25 08:00:40.000,2025-12-27 14:44:33.880,2025-12-27 14:44:33.977,2025-03-22 00:00:00.000,2024-03-22 00:00:00.000,30,00,1115292981,NULL,880,880,-880,0,0,356,0,0,356,0,0,356,880,880,0,0,0,0,0,0,356,"<?xml version=""1.0"" encoding=""ISO-8859-1""?><IccData><IccRequest><AmountAuthorized>000000000880</AmountAuthorized><AmountOther>000000000000</AmountOther><ApplicationInterchangeProfile>1900</ApplicationInterchangeProfile><ApplicationTransactionCounter>010F</ApplicationTransactionCounter><Cryptogram>D48BE03FA1485125</Cryptogram><CryptogramInformationData>40</CryptogramInformationData><IssuerApplicationData>0FB50194000000201400000000000019900000000028700000</IssuerApplicationData><TerminalCapabilities>000808</TerminalCapabilities><TerminalCountryCode>356</TerminalCountryCode><TerminalVerificationResult>0000000000</TerminalVerificationResult><TransactionCurrencyCode>356</TransactionCurrencyCode><TransactionType>00</TransactionType><UnpredictableNumber>4F1A2063</UnpredictableNumber></IccRequest></IccData>","<?xml version=""1.0"" encoding=""ISO-8859-1""?><IccData><IccResponse/></IccData>",070,00,NULL,218Postilion:MetaData281213RGCS_FileName11113CRN111226Postilion:ActiveActiveData111216txnlocaldatetime111213RGCS_FileName221052AIRP7530006253600013CRN2191000000000003220787226Postilion:ActiveActiveData242223PostCard:PostedDateTime2131766826873000216txnlocaldatetime212251225080040,"218Postilion:MetaData3113213RGCS_FileName11113CRN111226Postilion:ValidationResult111226Postilion:ActiveActiveData111216txnlocaldatetime111213RGCS_FileName221052AIRP7530006253600013CRN2191000000000003220787226Postilion:ValidationResult3301<ValidationResult><Result validator=""PC_CVR"">PASS</Result><Result validator=""PC_ATC"">SKIP</Result><Result validator=""PC_TVR"">PASS</Result><Result validator=""PC_PIN_INTEGRITY"">SKIP</Result><Result validator=""PC_CARD_STATE"">PASS</Result><Result validator=""PC_CRYPTOGRAM"">FAIL</Result></ValidationResult>226Postilion:ActiveActiveData242223PostCard:PostedDateTime2131766826873000216txnlocaldatetime212251225080040",0,0,NULL,NULL,NULL,NULL,NULL,NULL,NULL,NULL,NULL,3,NULL,NULL,10010,NULL,0220:056868:1225080040:811781807,3,NULL,NULL,NULL,NULL,NULL,NULL,NULL,NULL,NULL,NULL,NULL,ACQAPIAIRTEL,0,818074******8117,000,NULL,NULL,6P089675,NULL,5PT000000731774,5PT000000731774,4111,Delhi Metro Rail Cor   New Delhi    DLIN,NULL,NULL,NULL,DebitGroup,DefaultCard,1,5,3,2,2,0,3,7,2,7,3,7,3,00,711800000,01G107IN8BMQQ38OBS,02010D9A1FA19F008B824F36C5B4A35102D347D653,6P089675,NULL,NULL,NULL,NULL,NULL,NULL,NULL,NULL,NULL,NULL,NULL,NULL,NULL,NULL,NULL,,,,,,,,,,,,,,,,,,,,,,,,,,,,,,,,,
4963852011,2530640615,1869601,745,NULL,NULL,ISSWLAATM6,0,0200,01,2504922098,004563,NULL,U2,NULL,NULL,1,1,NULL,NULL,NULL,WLA     ,002504922098,2025-12-27 09:14:33.000,2025-12-27 14:44:33.000,2025-12-27 14:44:33.933,2025-12-27 14:44:34.517,2025-12-27 00:00:00.000,2025-12-27 00:00:00.000,00,00,NULL,NULL,500000,0,0,500000,0,356,0,0,356,0,0,356,500000,0,500000,0,0,0,0,0,356,NULL,NULL,901,00,NULL,218Postilion:MetaData297211MediaTotals111212Postilion:TM111212MediaBatchNr111218ORIG_EXT_TRAN_TYPE111214AdditionalInfo111211MediaTotals3122<MediaTotals><Totals><Amount>65180000</Amount><Currency>356</Currency><MediaClass>Cash</MediaClass></Totals></MediaTotals>212Postilion:TM217211ForeignCard111212MediaBatchNr1842357079218ORIG_EXT_TRAN_TYPE149960214AdditionalInfo3376<AdditionalInfo><Transaction><OpCode>DDDDC   </OpCode><BufferB>536114813796</BufferB><BufferC>03b8e42eb5c748b2af416f6a099111d4</BufferC><CfgExtendedTrxType>9960</CfgExtendedTrxType></Transaction><Download><ATMConfigID>0016</ATMConfigID><AtmAppConfigID>0016</AtmAppConfigID><LoadsetGroup>NO_RP_2LG</LoadsetGroup><DownloadApp>AppWLA_EMV</DownloadApp></Download></AdditionalInfo>,213UPI_reference235HPZ03b8e42eb5c748b2af416f6a099111d4218Postilion:MetaData270213UPI_reference11117NFS_RRN11113VPA111225Extended_Transaction_Type11117NFS_RRN21253611481379613VPA213hpz01.atm@hpy225Extended_Transaction_Type149960,0,0,NULL,NULL,9960,NULL,1,0,NULL,NULL,NULL,3,73,NULL,NULL,1,MPZ097860045635121444331227,3,01911248001   356,NULL,1,0,NULL,NULL,NULL,NULL,NULL,NULL,NULL,AAPWLA6,0,999999******9999,NULL,4912,121,MPZ09786,HITACHI_WLA6,MPZ09786       ,MPZ09786       ,6011,PREAMNAGAR CHOWK       DEHRADUN     UKIN,NULL,NULL,NULL,QRCODE_TG,WLAQRCODE,8,1,0,2,0,1,2,0,3,3,4,6,0,02,999900000,01G10EPOHFLKNRSLBH,02B6D7AEF44132001AD68150180F4393D1E2E2BD5E,MPZ09786,NULL,NULL,NULL,NULL,NULL,NULL,NULL,NULL,NULL,NULL,NULL,NULL,NULL,NULL,NULL,,,,,,,,,,,,,,,,,,,,,,,,,,,,,,,,,
4963852012,2530640615,1869440,750,NULL,NULL,ISSWLAATM6,1,0200,01,2504922098,394060,NULL,U2,NULL,NULL,1,1,NULL,811464,1510,WLA     ,002504922098,2025-12-27 09:14:33.000,2025-12-27 14:44:33.000,2025-12-27 14:44:33.937,2025-12-27 14:44:34.517,2025-12-27 00:00:00.000,2025-12-27 00:00:00.000,00,00,NULL,NULL,500000,0,0,500000,0,356,0,0,356,0,0,356,500000,0,500000,0,0,0,0,0,356,NULL,NULL,901,00,NULL,218Postilion:MetaData297211MediaTotals111212Postilion:TM111212MediaBatchNr111218ORIG_EXT_TRAN_TYPE111214AdditionalInfo111211MediaTotals3122<MediaTotals><Totals><Amount>65180000</Amount><Currency>356</Currency><MediaClass>Cash</MediaClass></Totals></MediaTotals>212Postilion:TM217211ForeignCard111212MediaBatchNr1842357079218ORIG_EXT_TRAN_TYPE149960214AdditionalInfo3376<AdditionalInfo><Transaction><OpCode>DDDDC   </OpCode><BufferB>536114813796</BufferB><BufferC>03b8e42eb5c748b2af416f6a099111d4</BufferC><CfgExtendedTrxType>9960</CfgExtendedTrxType></Transaction><Download><ATMConfigID>0016</ATMConfigID><AtmAppConfigID>0016</AtmAppConfigID><LoadsetGroup>NO_RP_2LG</LoadsetGroup><DownloadApp>AppWLA_EMV</DownloadApp></Download></AdditionalInfo>,213UPI_reference235HPZ03b8e42eb5c748b2af416f6a099111d4218Postilion:MetaData270213UPI_reference11117NFS_RRN11113VPA111225Extended_Transaction_Type11117NFS_RRN21253611481379613VPA213hpz01.atm@hpy225Extended_Transaction_Type149960,0,0,NULL,NULL,9960,NULL,1,0,NULL,NULL,NULL,3,73,73,NULL,1,MPZ097860045635121444331227,3,01911248001   356,NULL,1,0,NULL,NULL,NULL,NULL,NULL,NULL,NULL,AAPWLA6,0,999999******9999,NULL,4912,121,MPZ09786,HITACHI_WLA6,MPZ09786       ,MPZ09786       ,6011,PREAMNAGAR CHOWK       DEHRADUN     UKIN,NULL,NULL,NULL,QRCODE_TG,WLAQRCODE,8,1,0,2,0,1,2,0,3,3,4,6,0,02,999900000,01G10EPOHFLKNRSLBH,02B6D7AEF44132001AD68150180F4393D1E2E2BD5E,MPZ09786,NULL,NULL,NULL,NULL,NULL,NULL,NULL,NULL,NULL,NULL,NULL,NULL,NULL,NULL,NULL,,,,,,,,,,,,,,,,,,,,,,,,,,,,,,,,,
4963852013,2530640614,1898897,0,NULL,NULL,ISSAIRTEL,1,0220,00,2504922097,079963,00,00,NULL,NULL,0,0,NULL,720532,1006,NULL,004778079963,2025-12-27 14:44:33.000,2025-12-25 08:39:16.000,2025-12-27 14:44:34.013,2025-12-27 14:44:34.110,2025-03-22 00:00:00.000,2024-03-22 00:00:00.000,30,00,1286762236,NULL,3870,3870,-3870,0,0,356,0,0,356,0,0,356,3870,3870,0,0,0,0,0,0,356,"<?xml version=""1.0"" encoding=""ISO-8859-1""?><IccData><IccRequest><AmountAuthorized>000000003870</AmountAuthorized><AmountOther>000000000000</AmountOther><ApplicationInterchangeProfile>1900</ApplicationInterchangeProfile><ApplicationTransactionCounter>002B</ApplicationTransactionCounter><Cryptogram>15CEB8A0A381F446</Cryptogram><CryptogramInformationData>40</CryptogramInformationData><IssuerApplicationData>0FB50194000000201400000000000169100000000207800000</IssuerApplicationData><TerminalCapabilities>000808</TerminalCapabilities><TerminalCountryCode>356</TerminalCountryCode><TerminalVerificationResult>0000000000</TerminalVerificationResult><TransactionCurrencyCode>356</TransactionCurrencyCode><TransactionType>00</TransactionType><UnpredictableNumber>7859682B</UnpredictableNumber></IccRequest></IccData>","<?xml version=""1.0"" encoding=""ISO-8859-1""?><IccData><IccResponse/></IccData>",070,00,NULL,218Postilion:MetaData281213RGCS_FileName11113CRN111226Postilion:ActiveActiveData111216txnlocaldatetime111213RGCS_FileName221052AIRP7530006253600013CRN2191000000000005716370226Postilion:ActiveActiveData242223PostCard:PostedDateTime2131766826873000216txnlocaldatetime212251225083916,"218Postilion:MetaData3113213RGCS_FileName11113CRN111226Postilion:ValidationResult111226Postilion:ActiveActiveData111216txnlocaldatetime111213RGCS_FileName221052AIRP7530006253600013CRN2191000000000005716370226Postilion:ValidationResult3301<ValidationResult><Result validator=""PC_CVR"">PASS</Result><Result validator=""PC_ATC"">SKIP</Result><Result validator=""PC_TVR"">PASS</Result><Result validator=""PC_PIN_INTEGRITY"">SKIP</Result><Result validator=""PC_CARD_STATE"">PASS</Result><Result validator=""PC_CRYPTOGRAM"">FAIL</Result></ValidationResult>226Postilion:ActiveActiveData242223PostCard:PostedDateTime2131766826873000216txnlocaldatetime212251225083916",0,0,NULL,NULL,NULL,NULL,NULL,NULL,NULL,NULL,NULL,3,NULL,NULL,10010,NULL,0220:079963:1225083916:545081807,3,NULL,NULL,NULL,NULL,NULL,NULL,NULL,NULL,NULL,NULL,NULL,ACQAPIAIRTEL,0,818074******5450,000,NULL,NULL,AIRT4357,NULL,AIRT00000000003,AIRT00000000003,4111,DELHI METRO RAIL COR   CENTRAL DELH DLIN,NULL,NULL,NULL,DebitGroup,DefaultCard,1,5,3,2,2,0,3,7,2,7,3,7,3,00,54500000,01G10UG1DQ0CUF5I0 ,02749139DADF3A49EED2A9ACC507DD24CFAF4BFE7C,AIRT4357,NULL,NULL,NULL,NULL,NULL,NULL,NULL,NULL,NULL,NULL,NULL,NULL,NULL,NULL,NULL,,,,,,,,,,,,,,,,,,,,,,,,,,,,,,,,,
4963852014,2530640616,1899795,639,NULL,NULL,ISSAIRTEL,0,0100,29,2504922099,373353,NULL,00,NULL,373353,1,1,NULL,720532,NULL,NULL,536114373353,2025-12-27 09:14:32.000,2025-12-27 14:44:32.000,2025-12-27 14:44:33.947,2025-12-27 14:44:34.013,2025-12-27 00:00:00.000,2025-12-27 00:00:00.000,00,30,NULL,1109421766,0,0,0,0,0,356,0,0,356,0,0,356,0,0,0,0,0,0,0,0,356,"<?xml version=""1.0"" encoding=""ISO-8859-1""?><IccData><IccRequest><AmountAuthorized>000000000000</AmountAuthorized><AmountOther>000000000000</AmountOther><ApplicationIdentifier>A0000005241010</ApplicationIdentifier><ApplicationInterchangeProfile>1900</ApplicationInterchangeProfile><ApplicationTransactionCounter>01C9</ApplicationTransactionCounter><Cryptogram>36CFD7C030761712</Cryptogram><CryptogramInformationData>80</CryptogramInformationData><CvmResults>1F0302</CvmResults><InterfaceDeviceSerialNumber>14932168</InterfaceDeviceSerialNumber><IssuerApplicationData>0FB501A4000000801400000000000006600000000006600000FF019100000000</IssuerApplicationData><TerminalApplicationVersionNumber>0002</TerminalApplicationVersionNumber><TerminalCapabilities>E068C8</TerminalCapabilities><TerminalCountryCode>356</TerminalCountryCode><TerminalType>92</TerminalType><TerminalVerificationResult>0000008000</TerminalVerificationResult><TransactionCurrencyCode>356</TransactionCurrencyCode><TransactionDate>251227</TransactionDate><TransactionSequenceCounter>00183976</TransactionSequenceCounter><TransactionType>29</TransactionType><UnpredictableNumber>682C7B0B</UnpredictableNumber></IccRequest></IccData>","<?xml version=""1.0"" encoding=""ISO-8859-1""?><IccData><IccResponse><ApplicationTransactionCounter>01C9</ApplicationTransactionCounter><IssuerAuthenticationData>BB3E23DA80C400000000000000000000</IssuerAuthenticationData><PostilionPrivateIccResponseData><ResponseCode>00</ResponseCode></PostilionPrivateIccResponseData></IccResponse></IccData>",071,00,NULL,13RFU140000218Postilion:MetaData311913RFU111228DF15_SERVICE_MANAGEMENT_INFO111215DF16_SERVICE_ID111211service_bal111210global_bal111217Bck37|22|13|12|13111228DF15_SERVICE_MANAGEMENT_INFO149100215DF16_SERVICE_ID14FF01211service_bal212000000000660210global_bal212000000000660217Bck37|22|13|12|132168180740000704581,218Postilion:MetaData312713RFU111228DF15_SERVICE_MANAGEMENT_INFO11113CRN111215DF16_SERVICE_ID111211service_bal111210global_bal111217Bck37|22|13|12|1311113RFU140000228DF15_SERVICE_MANAGEMENT_INFO14910013CRN2191000000000000099675215DF16_SERVICE_ID14FF01211service_bal212000000000660210global_bal212000000000660217Bck37|22|13|12|132168180740000704581,0,0,NULL,NULL,NULL,NULL,NULL,NULL,NULL,NULL,X,3,NULL,NULL,NULL,NULL,13733531227144432,3,00356         356,NULL,1,0,NULL,NULL,NULL,NULL,NULL,NULL,NULL,ACQPOSAIRTEL,0,818074******4581,000,2905,620,5P975816,NULL,5PT000000731774,5PT000000731774,4111,Delhi Metro Rail CorporNew Delhi    DLIN,NULL,NULL,NULL,AIRTEL_TG,AIRTEL CARDS,8,1,0,1,0,1,7,0,1,3,4,3,0,01,185400000,01G10E483OBHV1N2DR,0264DD5A94FD451D6C0D2944A2F488B1066E7636CE,5P975816,NULL,NULL,NULL,NULL,NULL,NULL,NULL,NULL,NULL,NULL,NULL,NULL,NULL,NULL,NULL,,,,,,,,,,,,,,,,,,,,,,,,,,,,,,,,,
4963852015,2530640617,1898855,0,NULL,NULL,ISSAIRTEL,0,0220,00,2504922100,080421,00,00,NULL,NULL,0,0,NULL,720532,1006,NULL,004778080421,2025-12-27 14:44:34.000,2025-12-25 08:45:20.000,2025-12-27 14:44:34.060,2025-12-27 14:44:34.117,2025-03-22 00:00:00.000,2024-03-22 00:00:00.000,30,00,1287320771,NULL,1890,1890,-1890,0,0,356,0,0,356,0,0,356,1890,1890,0,0,0,0,0,0,356,"<?xml version=""1.0"" encoding=""ISO-8859-1""?><IccData><IccRequest><AmountAuthorized>000000001890</AmountAuthorized><AmountOther>000000000000</AmountOther><ApplicationInterchangeProfile>1900</ApplicationInterchangeProfile><ApplicationTransactionCounter>0007</ApplicationTransactionCounter><Cryptogram>C4CC5B301E2CC33F</Cryptogram><CryptogramInformationData>40</CryptogramInformationData><IssuerApplicationData>0FB50194000000201400000000000002500000000021400000</IssuerApplicationData><TerminalCapabilities>000808</TerminalCapabilities><TerminalCountryCode>356</TerminalCountryCode><TerminalVerificationResult>0000000000</TerminalVerificationResult><TransactionCurrencyCode>356</TransactionCurrencyCode><TransactionType>00</TransactionType><UnpredictableNumber>EEDFE5A5</UnpredictableNumber></IccRequest></IccData>","<?xml version=""1.0"" encoding=""ISO-8859-1""?><IccData><IccResponse/></IccData>",070,00,NULL,218Postilion:MetaData281213RGCS_FileName11113CRN111226Postilion:ActiveActiveData111216txnlocaldatetime111213RGCS_FileName221052AIRP7530006253600013CRN2191000000000006288879226Postilion:ActiveActiveData242223PostCard:PostedDateTime2131766826874000216txnlocaldatetime212251225084520,"218Postilion:MetaData3113213RGCS_FileName11113CRN111226Postilion:ValidationResult111226Postilion:ActiveActiveData111216txnlocaldatetime111213RGCS_FileName221052AIRP7530006253600013CRN2191000000000006288879226Postilion:ValidationResult3301<ValidationResult><Result validator=""PC_CVR"">PASS</Result><Result validator=""PC_ATC"">SKIP</Result><Result validator=""PC_TVR"">PASS</Result><Result validator=""PC_PIN_INTEGRITY"">SKIP</Result><Result validator=""PC_CARD_STATE"">PASS</Result><Result validator=""PC_CRYPTOGRAM"">FAIL</Result></ValidationResult>226Postilion:ActiveActiveData242223PostCard:PostedDateTime2131766826874000216txnlocaldatetime212251225084520",0,0,NULL,NULL,NULL,NULL,NULL,NULL,NULL,NULL,NULL,3,NULL,NULL,10010,NULL,0220:080421:1225084520:694281807,3,NULL,NULL,NULL,NULL,NULL,NULL,NULL,NULL,NULL,NULL,NULL,ACQAPIAIRTEL,0,818074******6942,000,NULL,NULL,5P948504,NULL,5PT000000731774,5PT000000731774,4111,Delhi Metro Rail Cor   New Delhi    DLIN,NULL,NULL,NULL,DebitGroup,DefaultCard,1,5,3,2,2,0,3,7,2,7,3,7,3,00,249600000,01G10AM9HKPNNTL3A0,02435202DFD8EF6E359622B62A1412C0200D70C9A9,5P948504,NULL,NULL,NULL,NULL,NULL,NULL,NULL,NULL,NULL,NULL,NULL,NULL,NULL,NULL,NULL,,,,,,,,,,,,,,,,,,,,,,,,,,,,,,,,,
4963852016,2530640617,1898897,0,NULL,NULL,ISSAIRTEL,1,0220,00,2504922100,080421,00,00,NULL,NULL,0,0,NULL,720532,1006,NULL,004778080421,2025-12-27 14:44:34.000,2025-12-25 08:45:20.000,2025-12-27 14:44:34.117,2025-12-27 14:44:34.217,2025-03-22 00:00:00.000,2024-03-22 00:00:00.000,30,00,1287320771,NULL,1890,1890,-1890,0,0,356,0,0,356,0,0,356,1890,1890,0,0,0,0,0,0,356,"<?xml version=""1.0"" encoding=""ISO-8859-1""?><IccData><IccRequest><AmountAuthorized>000000001890</AmountAuthorized><AmountOther>000000000000</AmountOther><ApplicationInterchangeProfile>1900</ApplicationInterchangeProfile><ApplicationTransactionCounter>0007</ApplicationTransactionCounter><Cryptogram>C4CC5B301E2CC33F</Cryptogram><CryptogramInformationData>40</CryptogramInformationData><IssuerApplicationData>0FB50194000000201400000000000002500000000021400000</IssuerApplicationData><TerminalCapabilities>000808</TerminalCapabilities><TerminalCountryCode>356</TerminalCountryCode><TerminalVerificationResult>0000000000</TerminalVerificationResult><TransactionCurrencyCode>356</TransactionCurrencyCode><TransactionType>00</TransactionType><UnpredictableNumber>EEDFE5A5</UnpredictableNumber></IccRequest></IccData>","<?xml version=""1.0"" encoding=""ISO-8859-1""?><IccData><IccResponse/></IccData>",070,00,NULL,218Postilion:MetaData281213RGCS_FileName11113CRN111226Postilion:ActiveActiveData111216txnlocaldatetime111213RGCS_FileName221052AIRP7530006253600013CRN2191000000000006288879226Postilion:ActiveActiveData242223PostCard:PostedDateTime2131766826874000216txnlocaldatetime212251225084520,"218Postilion:MetaData3113213RGCS_FileName11113CRN111226Postilion:ValidationResult111226Postilion:ActiveActiveData111216txnlocaldatetime111213RGCS_FileName221052AIRP7530006253600013CRN2191000000000006288879226Postilion:ValidationResult3301<ValidationResult><Result validator=""PC_CVR"">PASS</Result><Result validator=""PC_ATC"">SKIP</Result><Result validator=""PC_TVR"">PASS</Result><Result validator=""PC_PIN_INTEGRITY"">SKIP</Result><Result validator=""PC_CARD_STATE"">PASS</Result><Result validator=""PC_CRYPTOGRAM"">FAIL</Result></ValidationResult>226Postilion:ActiveActiveData242223PostCard:PostedDateTime2131766826874000216txnlocaldatetime212251225084520",0,0,NULL,NULL,NULL,NULL,NULL,NULL,NULL,NULL,NULL,3,NULL,NULL,10010,NULL,0220:080421:1225084520:694281807,3,NULL,NULL,NULL,NULL,NULL,NULL,NULL,NULL,NULL,NULL,NULL,ACQAPIAIRTEL,0,818074******6942,000,NULL,NULL,5P948504,NULL,5PT000000731774,5PT000000731774,4111,Delhi Metro Rail Cor   New Delhi    DLIN,NULL,NULL,NULL,DebitGroup,DefaultCard,1,5,3,2,2,0,3,7,2,7,3,7,3,00,249600000,01G10AM9HKPNNTL3A0,02435202DFD8EF6E359622B62A1412C0200D70C9A9,5P948504,NULL,NULL,NULL,NULL,NULL,NULL,NULL,NULL,NULL,NULL,NULL,NULL,NULL,NULL,NULL,,,,,,,,,,,,,,,,,,,,,,,,,,,,,,,,,
4963852017,2530640618,1927533,524,NULL,NULL,ISSWLAATM2,0,0200,01,2504922101,008053,NULL,00,NULL,666523,1,1,NULL,NULL,NULL,WLA     ,002504922101,2025-12-27 09:14:34.000,2025-12-27 14:44:34.000,2025-12-27 14:44:34.060,2025-12-27 14:44:34.640,2025-12-27 00:00:00.000,2025-12-27 00:00:00.000,10,00,0000000629038333,NULL,250000,250000,-250000,250000,250000,356,0,0,356,0,0,356,250000,250000,250000,250000,0,0,0,0,356,"<?xml version=""1.0"" encoding=""ISO-8859-1""?><IccData><IccRequest><AmountAuthorized>000000250000</AmountAuthorized><AmountOther>000000000000</AmountOther><ApplicationIdentifier>A0000005241010</ApplicationIdentifier><ApplicationInterchangeProfile>1900</ApplicationInterchangeProfile><ApplicationTransactionCounter>0151</ApplicationTransactionCounter><ChipConditionCode>0</ChipConditionCode><Cryptogram>AC246380A3ADF702</Cryptogram><CryptogramInformationData>80</CryptogramInformationData><CvmResults>420300</CvmResults><InterfaceDeviceSerialNumber>ICT3    </InterfaceDeviceSerialNumber><IssuerApplicationData>0FB501A000000400000000000000000000000000000000000000000000000000</IssuerApplicationData><TerminalCapabilities>604000</TerminalCapabilities><TerminalCountryCode>356</TerminalCountryCode><TerminalType>14</TerminalType><TerminalVerificationResult>8080048000</TerminalVerificationResult><TransactionCurrencyCode>356</TransactionCurrencyCode><TransactionDate>251227</TransactionDate><TransactionType>01</TransactionType><UnpredictableNumber>3804F880</UnpredictableNumber></IccRequest></IccData>","<?xml version=""1.0"" encoding=""ISO-8859-1""?><IccData><IccResponse><IssuerAuthenticationData>A0438E3880C400000000000000000000</IssuerAuthenticationData></IccResponse></IccData>",051,00,NULL,211MediaTotals3212<MediaTotals><Totals><Amount>-67920000</Amount><Currency>356</Currency><MediaClass>Cash</MediaClass></Totals><Totals><Amount>0</Amount><Currency>000</Currency><MediaClass>Cards</MediaClass></Totals></MediaTotals>218Postilion:MetaData3107211MediaTotals111212MediaBatchNr111223ICC_DEDICATED_FILE_NAME111217AdditionalEmvTags111214AdditionalInfo111212MediaBatchNr110223ICC_DEDICATED_FILE_NAME214A0000005241010217AdditionalEmvTags3642<AdditionalEmvTags><EmvTag><TagId>50</TagId><TagValue>5275506179204465626974</TagValue></EmvTag><EmvTag><TagId>9F21</TagId><TagValue>144258</TagValue></EmvTag><EmvTag><TagId>9F1C</TagId><TagValue>4D43524D36373334</TagValue></EmvTag><EmvTag><TagId>9F12</TagId><TagValue>5275506179204465626974</TagValue></EmvTag><EmvTag><TagId>5F34</TagId><TagValue>01</TagValue></EmvTag><EmvTag><TagId>9F40</TagId><TagValue>8E80B053FF</TagValue></EmvTag><EmvTag><TagId>87</TagId><TagValue>01</TagValue></EmvTag><EmvTag><TagId>84</TagId><TagValue>A0000005241010</TagValue></EmvTag><EmvTag><TagId>9B</TagId><TagValue>6800</TagValue></EmvTag></AdditionalEmvTags>214AdditionalInfo3259<AdditionalInfo><Transaction><OpCode>A  B  CA</OpCode></Transaction><Download><ATMConfigID>0025</ATMConfigID><AtmAppConfigID>0025</AtmAppConfigID><LoadsetGroup>ICCW_ICD_3LG</LoadsetGroup><DownloadApp>AppWLA_CRM_VS_EMV</DownloadApp></Download></AdditionalInfo>,218Postilion:MetaData21217NFS_RRN11117NFS_RRN212536114921995,0,0,NULL,NULL,NULL,NULL,1,0,NULL,NULL,NULL,3,69,NULL,NULL,1,MCRM67340080535121444341227,3,01911637406   356,NULL,0,0,NULL,NULL,NULL,NULL,NULL,NULL,NULL,AAPWLA2,0,817335******9202,001,3001,620,MCRM6734,HITACHI_WLA2,MCRM6734       ,MCRM6734       ,6011,MURUGAN KOVIL BACK SIR RASIPURAM    TNIN,NULL,NULL,NULL,NFSWLATG,NFSWLA,8,1,0,2,0,1,5,1,3,3,4,6,0,02,202900000,01G10F9G6KM0HEAKJ1,025A4E35A8F2A107BC1B9BE8FF8E650FBDCBD2A651,MCRM6734,NULL,NULL,NULL,NULL,NULL,NULL,NULL,NULL,NULL,NULL,NULL,NULL,NULL,NULL,NULL,,,,,,,,,,,,,,,,,,,,,,,,,,,,,,,,,
4963852018,2530640618,1870119,747,NULL,NULL,ISSWLAATM2,1,0200,01,2504922101,921995,NULL,00,NULL,666523,1,1,NULL,811464,1510,WLA     ,002504922101,2025-12-27 09:14:34.000,2025-12-27 14:44:34.000,2025-12-27 14:44:34.067,2025-12-27 14:44:34.637,2025-12-27 00:00:00.000,2025-12-27 00:00:00.000,10,00,0000000629038333,NULL,250000,250000,-250000,250000,250000,356,0,0,356,0,0,356,250000,250000,250000,250000,0,0,0,0,356,"<?xml version=""1.0"" encoding=""ISO-8859-1""?><IccData><IccRequest><AmountAuthorized>000000250000</AmountAuthorized><AmountOther>000000000000</AmountOther><ApplicationIdentifier>A0000005241010</ApplicationIdentifier><ApplicationInterchangeProfile>1900</ApplicationInterchangeProfile><ApplicationTransactionCounter>0151</ApplicationTransactionCounter><ChipConditionCode>0</ChipConditionCode><Cryptogram>AC246380A3ADF702</Cryptogram><CryptogramInformationData>80</CryptogramInformationData><CvmResults>420300</CvmResults><InterfaceDeviceSerialNumber>ICT3    </InterfaceDeviceSerialNumber><IssuerApplicationData>0FB501A000000400000000000000000000000000000000000000000000000000</IssuerApplicationData><TerminalCapabilities>604000</TerminalCapabilities><TerminalCountryCode>356</TerminalCountryCode><TerminalType>14</TerminalType><TerminalVerificationResult>8080048000</TerminalVerificationResult><TransactionCurrencyCode>356</TransactionCurrencyCode><TransactionDate>251227</TransactionDate><TransactionType>01</TransactionType><UnpredictableNumber>3804F880</UnpredictableNumber></IccRequest></IccData>","<?xml version=""1.0"" encoding=""ISO-8859-1""?><IccData><IccResponse><IssuerAuthenticationData>A0438E3880C400000000000000000000</IssuerAuthenticationData></IccResponse></IccData>",051,00,NULL,211MediaTotals3212<MediaTotals><Totals><Amount>-67920000</Amount><Currency>356</Currency><MediaClass>Cash</MediaClass></Totals><Totals><Amount>0</Amount><Currency>000</Currency><MediaClass>Cards</MediaClass></Totals></MediaTotals>218Postilion:MetaData3107211MediaTotals111212MediaBatchNr111223ICC_DEDICATED_FILE_NAME111217AdditionalEmvTags111214AdditionalInfo111212MediaBatchNr110223ICC_DEDICATED_FILE_NAME214A0000005241010217AdditionalEmvTags3642<AdditionalEmvTags><EmvTag><TagId>50</TagId><TagValue>5275506179204465626974</TagValue></EmvTag><EmvTag><TagId>9F21</TagId><TagValue>144258</TagValue></EmvTag><EmvTag><TagId>9F1C</TagId><TagValue>4D43524D36373334</TagValue></EmvTag><EmvTag><TagId>9F12</TagId><TagValue>5275506179204465626974</TagValue></EmvTag><EmvTag><TagId>5F34</TagId><TagValue>01</TagValue></EmvTag><EmvTag><TagId>9F40</TagId><TagValue>8E80B053FF</TagValue></EmvTag><EmvTag><TagId>87</TagId><TagValue>01</TagValue></EmvTag><EmvTag><TagId>84</TagId><TagValue>A0000005241010</TagValue></EmvTag><EmvTag><TagId>9B</TagId><TagValue>6800</TagValue></EmvTag></AdditionalEmvTags>214AdditionalInfo3259<AdditionalInfo><Transaction><OpCode>A  B  CA</OpCode></Transaction><Download><ATMConfigID>0025</ATMConfigID><AtmAppConfigID>0025</AtmAppConfigID><LoadsetGroup>ICCW_ICD_3LG</LoadsetGroup><DownloadApp>AppWLA_CRM_VS_EMV</DownloadApp></Download></AdditionalInfo>,218Postilion:MetaData21217NFS_RRN11117NFS_RRN212536114921995,0,0,NULL,NULL,NULL,NULL,1,0,NULL,NULL,NULL,3,69,69,NULL,1,MCRM67340080535121444341227,3,01911637406   356,NULL,0,0,NULL,NULL,NULL,NULL,NULL,NULL,NULL,AAPWLA2,0,817335******9202,001,3001,620,MCRM6734,HITACHI_WLA2,MCRM6734       ,MCRM6734       ,6011,MURUGAN KOVIL BACK SIR RASIPURAM    TNIN,NULL,NULL,NULL,NFSWLATG,NFSWLA,8,1,0,2,0,1,5,1,3,3,4,6,0,02,202900000,01G10F9G6KM0HEAKJ1,025A4E35A8F2A107BC1B9BE8FF8E650FBDCBD2A651,MCRM6734,NULL,NULL,NULL,NULL,NULL,NULL,NULL,NULL,NULL,NULL,NULL,NULL,NULL,NULL,NULL,,,,,,,,,,,,,,,,,,,,,,,,,,,,,,,,,
4963852019,2530640619,1898855,0,NULL,NULL,ISSAIRTEL,0,0220,00,2504922102,098640,00,00,NULL,NULL,0,0,NULL,720532,1006,NULL,004778098640,2025-12-27 14:44:34.000,2025-12-25 09:11:18.000,2025-12-27 14:44:34.187,2025-12-27 14:44:34.247,2025-03-22 00:00:00.000,2024-03-22 00:00:00.000,30,00,1284401222,NULL,2880,2880,-2880,0,0,356,0,0,356,0,0,356,2880,2880,0,0,0,0,0,0,356,"<?xml version=""1.0"" encoding=""ISO-8859-1""?><IccData><IccRequest><AmountAuthorized>000000002880</AmountAuthorized><AmountOther>000000000000</AmountOther><ApplicationInterchangeProfile>1900</ApplicationInterchangeProfile><ApplicationTransactionCounter>0238</ApplicationTransactionCounter><Cryptogram>922970E962DB8D93</Cryptogram><CryptogramInformationData>40</CryptogramInformationData><IssuerApplicationData>0FB50194000000201400000000000066300000000095100000</IssuerApplicationData><TerminalCapabilities>000808</TerminalCapabilities><TerminalCountryCode>356</TerminalCountryCode><TerminalVerificationResult>0000000000</TerminalVerificationResult><TransactionCurrencyCode>356</TransactionCurrencyCode><TransactionType>00</TransactionType><UnpredictableNumber>4321B03A</UnpredictableNumber></IccRequest></IccData>","<?xml version=""1.0"" encoding=""ISO-8859-1""?><IccData><IccResponse/></IccData>",070,00,NULL,218Postilion:MetaData281213RGCS_FileName11113CRN111226Postilion:ActiveActiveData111216txnlocaldatetime111213RGCS_FileName221052AIRP7530006253600013CRN2191000000000004855813226Postilion:ActiveActiveData242223PostCard:PostedDateTime2131766826874000216txnlocaldatetime212251225091118,"218Postilion:MetaData3113213RGCS_FileName11113CRN111226Postilion:ValidationResult111226Postilion:ActiveActiveData111216txnlocaldatetime111213RGCS_FileName221052AIRP7530006253600013CRN2191000000000004855813226Postilion:ValidationResult3301<ValidationResult><Result validator=""PC_CVR"">PASS</Result><Result validator=""PC_ATC"">SKIP</Result><Result validator=""PC_TVR"">PASS</Result><Result validator=""PC_PIN_INTEGRITY"">SKIP</Result><Result validator=""PC_CARD_STATE"">PASS</Result><Result validator=""PC_CRYPTOGRAM"">FAIL</Result></ValidationResult>226Postilion:ActiveActiveData242223PostCard:PostedDateTime2131766826874000216txnlocaldatetime212251225091118",0,0,NULL,NULL,NULL,NULL,NULL,NULL,NULL,NULL,NULL,3,NULL,NULL,10010,NULL,0220:098640:1225091118:931481807,3,NULL,NULL,NULL,NULL,NULL,NULL,NULL,NULL,NULL,NULL,NULL,ACQAPIAIRTEL,0,818074******9314,000,NULL,NULL,6P089519,NULL,5PT000000731774,5PT000000731774,4111,Delhi Metro Rail Cor   New Delhi    DLIN,NULL,NULL,NULL,DebitGroup,DefaultCard,1,5,3,2,2,0,3,7,2,7,3,7,3,00,413900000,01G1092EPSVCROU1BM,02DA98C76B375196BF8087C7935A502F579400225E,6P089519,NULL,NULL,NULL,NULL,NULL,NULL,NULL,NULL,NULL,NULL,NULL,NULL,NULL,NULL,NULL,,,,,,,,,,,,,,,,,,,,,,,,,,,,,,,,,
4963852020,2530640609,1898897,0,NULL,NULL,ISSAIRTEL,1,0100,29,2504922092,216421,NULL,00,NULL,216421,1,1,NULL,720201,1510,NULL,536114216421,2025-12-27 09:14:32.000,2025-12-27 14:44:32.000,2025-12-27 14:44:33.517,2025-12-27 14:44:33.547,2025-03-22 00:00:00.000,2024-03-22 00:00:00.000,00,10,NULL,9943418451,0,0,0,0,0,356,0,0,356,0,0,356,0,0,0,0,0,0,0,0,356,"<?xml version=""1.0"" encoding=""ISO-8859-1""?><IccData><IccRequest><AmountAuthorized>000000000000</AmountAuthorized><AmountOther>000000000000</AmountOther><ApplicationIdentifier>A0000005241010</ApplicationIdentifier><ApplicationInterchangeProfile>1900</ApplicationInterchangeProfile><ApplicationTransactionCounter>006D</ApplicationTransactionCounter><Cryptogram>F72C80906FF2BF0E</Cryptogram><CryptogramInformationData>80</CryptogramInformationData><CvmResults>1F0302</CvmResults><InterfaceDeviceSerialNumber>91571212</InterfaceDeviceSerialNumber><IssuerApplicationData>0FB501A4000000801400000000000003000000000003000000FF019100000000</IssuerApplicationData><TerminalApplicationVersionNumber>0002</TerminalApplicationVersionNumber><TerminalCapabilities>E068C8</TerminalCapabilities><TerminalCountryCode>356</TerminalCountryCode><TerminalType>92</TerminalType><TerminalVerificationResult>0000000800</TerminalVerificationResult><TransactionCurrencyCode>356</TransactionCurrencyCode><TransactionDate>251227</TransactionDate><TransactionSequenceCounter>000155</TransactionSequenceCounter><TransactionType>29</TransactionType><UnpredictableNumber>50CA99B7</UnpredictableNumber></IccRequest></IccData>","<?xml version=""1.0"" encoding=""ISO-8859-1""?><IccData><IccResponse><ApplicationTransactionCounter>006D</ApplicationTransactionCounter><IssuerAuthenticationData>1DF65C9E80C400000000000000000000</IssuerAuthenticationData><PostilionPrivateIccResponseData><ResponseCode>00</ResponseCode></PostilionPrivateIccResponseData></IccResponse></IccData>",071,00,NULL,13RFU140000218Postilion:MetaData311913RFU111228DF15_SERVICE_MANAGEMENT_INFO111215DF16_SERVICE_ID111211service_bal111210global_bal111217Bck37|22|13|12|13111228DF15_SERVICE_MANAGEMENT_INFO149100215DF16_SERVICE_ID14FF01211service_bal212000000000300210global_bal212000000000300217Bck37|22|13|12|132168177769800128209,218Postilion:MetaData312713RFU111228DF15_SERVICE_MANAGEMENT_INFO11113CRN111215DF16_SERVICE_ID111211service_bal111210global_bal111217Bck37|22|13|12|1311113RFU140000228DF15_SERVICE_MANAGEMENT_INFO14910013CRN2191000000000006094888215DF16_SERVICE_ID14FF01211service_bal212000000000300210global_bal212000000000300217Bck37|22|13|12|132168177769800128209,0,0,NULL,NULL,NULL,NULL,NULL,NULL,NULL,NULL,X,3,NULL,NULL,NULL,NULL,12164211227144432,3,00356         356,NULL,1,0,NULL,NULL,NULL,NULL,NULL,NULL,NULL,ACQPOSAIRTEL,0,817776******8209,000,3011,620,21447533,NULL,02PLE0000037173,02PLE0000037173,4131,MTC CH LTDADYAR        CHENNAI      TNIN,NULL,NULL,NULL,AIRTEL_TG,AIRTEL CARDS,8,1,0,1,0,1,7,0,1,3,4,3,0,01,902800000,01G10C2VKT4J0KNCB0,026578BD2394EF3F1C8377BF46BA0E7A2F58CA25D3,21447533,NULL,NULL,NULL,NULL,NULL,NULL,NULL,NULL,NULL,NULL,NULL,NULL,NULL,NULL,NULL,,,,,,,,,,,,,,,,,,,,,,,,,,,,,,,,,
4963852021,2530640620,2354434,103,NULL,NULL,ISSAIRTEL,0,0100,29,2504922103,373360,NULL,00,NULL,373360,1,1,NULL,720532,NULL,NULL,536114373360,2025-12-27 09:14:33.000,2025-12-27 14:44:33.000,2025-12-27 14:44:34.253,2025-12-27 14:44:34.290,2025-12-27 00:00:00.000,2025-12-27 00:00:00.000,00,30,NULL,1111350913,0,0,0,0,0,356,0,0,356,0,0,356,0,0,0,0,0,0,0,0,356,"<?xml version=""1.0"" encoding=""ISO-8859-1""?><IccData><IccRequest><AmountAuthorized>000000000000</AmountAuthorized><AmountOther>000000000000</AmountOther><ApplicationIdentifier>A0000005241010</ApplicationIdentifier><ApplicationInterchangeProfile>1900</ApplicationInterchangeProfile><ApplicationTransactionCounter>0185</ApplicationTransactionCounter><Cryptogram>F2B4555C4BE7C376</Cryptogram><CryptogramInformationData>80</CryptogramInformationData><CvmResults>1F0302</CvmResults><IssuerApplicationData>0FB501A4000000001400000000000032300000000032300000FF019100000000</IssuerApplicationData><TerminalApplicationVersionNumber>0002</TerminalApplicationVersionNumber><TerminalCapabilities>E06848</TerminalCapabilities><TerminalCountryCode>356</TerminalCountryCode><TerminalType>97</TerminalType><TerminalVerificationResult>0000008000</TerminalVerificationResult><TransactionCurrencyCode>356</TransactionCurrencyCode><TransactionDate>251227</TransactionDate><TransactionType>28</TransactionType><UnpredictableNumber>F4ED0364</UnpredictableNumber></IccRequest></IccData>","<?xml version=""1.0"" encoding=""ISO-8859-1""?><IccData><IccResponse><ApplicationTransactionCounter>0185</ApplicationTransactionCounter><IssuerAuthenticationData>B8AECF6C80C44000FFFE000000020000</IssuerAuthenticationData><PostilionPrivateIccResponseData><ResponseCode>00</ResponseCode></PostilionPrivateIccResponseData></IccResponse></IccData>",072,02,NULL,215DF16_SERVICE_ID14FF01218Postilion:MetaData3267215DF16_SERVICE_ID111217Bck37|22|13|12|13111211service_bal111221IssuerProprietaryData111212BalUpdateRRN111214Bck37|22|13|12111217BalUpdateDateTime111220UpdateOfflineBalance111228DF15_SERVICE_MANAGEMENT_INFO111215OfflineAmountCr111210global_bal11113RFU11118Auto_Bal111217Bck37|22|13|12|132168180745044642309211service_bal212000000003230221IssuerProprietaryData216FFFE000000020000212BalUpdateRRN212536114224040214Bck37|22|13|12252536114373360|072|1227|144433|144433|8180745044642309217BalUpdateDateTime2101227142607220UpdateOfflineBalance111228DF15_SERVICE_MANAGEMENT_INFO149100215OfflineAmountCr12CR210global_bal21200000000323013RFU14000018Auto_Bal1520000,215DF16_SERVICE_ID14FF01218Postilion:MetaData3275215DF16_SERVICE_ID111217Bck37|22|13|12|13111211service_bal111221IssuerProprietaryData111212BalUpdateRRN111214Bck37|22|13|12111217BalUpdateDateTime111220UpdateOfflineBalance111228DF15_SERVICE_MANAGEMENT_INFO111215OfflineAmountCr11113CRN111210global_bal11113RFU11118Auto_Bal111217Bck37|22|13|12|132168180745044642309211service_bal212000000003230221IssuerProprietaryData216FFFE000000020000212BalUpdateRRN212536114224040214Bck37|22|13|12252536114373360|072|1227|144433|144433|8180745044642309217BalUpdateDateTime2101227142607220UpdateOfflineBalance111228DF15_SERVICE_MANAGEMENT_INFO149100215OfflineAmountCr12CR13CRN2191000000000005137026210global_bal21200000000323013RFU14000018Auto_Bal1520000,0,0,NULL,NULL,NULL,NULL,NULL,NULL,NULL,NULL,X,3,NULL,NULL,NULL,NULL,13733601227144433,3,00356         356,NULL,1,0,NULL,NULL,NULL,NULL,NULL,NULL,NULL,ACQPOSAIRTEL,0,818074******2309,000,3008,620,6P456527,NULL,5PT000000731774,5PT000000731774,4111,Delhi Metro Rail CorporNew Delhi    DLIN,NULL,NULL,NULL,AIRTEL_TG,AIRTEL CARDS,8,1,0,1,0,1,7,0,1,3,4,3,0,01,903200000,01G10DHJN0PC9TIDLE,02BD7449DEBE54DCFEE213E13B337B61CE11F8B51A,6P456527,NULL,NULL,NULL,NULL,NULL,NULL,NULL,NULL,NULL,NULL,NULL,NULL,NULL,NULL,NULL,,,,,,,,,,,,,,,,,,,,,,,,,,,,,,,,,
4963852022,2530640620,1898897,0,NULL,NULL,ISSAIRTEL,1,0100,29,2504922103,373360,NULL,00,NULL,373360,1,1,NULL,720532,1510,NULL,536114373360,2025-12-27 09:14:33.000,2025-12-27 14:44:33.000,2025-12-27 14:44:34.273,2025-12-27 14:44:34.287,2025-03-22 00:00:00.000,2024-03-22 00:00:00.000,00,30,NULL,1111350913,0,0,0,0,0,356,0,0,356,0,0,356,0,0,0,0,0,0,0,0,356,"<?xml version=""1.0"" encoding=""ISO-8859-1""?><IccData><IccRequest><AmountAuthorized>000000000000</AmountAuthorized><AmountOther>000000000000</AmountOther><ApplicationIdentifier>A0000005241010</ApplicationIdentifier><ApplicationInterchangeProfile>1900</ApplicationInterchangeProfile><ApplicationTransactionCounter>0185</ApplicationTransactionCounter><Cryptogram>F2B4555C4BE7C376</Cryptogram><CryptogramInformationData>80</CryptogramInformationData><CvmResults>1F0302</CvmResults><IssuerApplicationData>0FB501A4000000001400000000000032300000000032300000FF019100000000</IssuerApplicationData><TerminalApplicationVersionNumber>0002</TerminalApplicationVersionNumber><TerminalCapabilities>E06848</TerminalCapabilities><TerminalCountryCode>356</TerminalCountryCode><TerminalType>97</TerminalType><TerminalVerificationResult>0000008000</TerminalVerificationResult><TransactionCurrencyCode>356</TransactionCurrencyCode><TransactionDate>251227</TransactionDate><TransactionType>28</TransactionType><UnpredictableNumber>F4ED0364</UnpredictableNumber></IccRequest></IccData>","<?xml version=""1.0"" encoding=""ISO-8859-1""?><IccData><IccResponse><ApplicationTransactionCounter>0185</ApplicationTransactionCounter><IssuerAuthenticationData>B8AECF6C80C44000FFFE000000020000</IssuerAuthenticationData><PostilionPrivateIccResponseData><ResponseCode>00</ResponseCode></PostilionPrivateIccResponseData></IccResponse></IccData>",072,02,NULL,215DF16_SERVICE_ID14FF01218Postilion:MetaData3267215DF16_SERVICE_ID111217Bck37|22|13|12|13111211service_bal111221IssuerProprietaryData111212BalUpdateRRN111214Bck37|22|13|12111217BalUpdateDateTime111220UpdateOfflineBalance111228DF15_SERVICE_MANAGEMENT_INFO111215OfflineAmountCr111210global_bal11113RFU11118Auto_Bal111217Bck37|22|13|12|132168180745044642309211service_bal212000000003230221IssuerProprietaryData216FFFE000000020000212BalUpdateRRN212536114224040214Bck37|22|13|12252536114373360|072|1227|144433|144433|8180745044642309217BalUpdateDateTime2101227142607220UpdateOfflineBalance111228DF15_SERVICE_MANAGEMENT_INFO149100215OfflineAmountCr12CR210global_bal21200000000323013RFU14000018Auto_Bal1520000,215DF16_SERVICE_ID14FF01218Postilion:MetaData3275215DF16_SERVICE_ID111217Bck37|22|13|12|13111211service_bal111221IssuerProprietaryData111212BalUpdateRRN111214Bck37|22|13|12111217BalUpdateDateTime111220UpdateOfflineBalance111228DF15_SERVICE_MANAGEMENT_INFO111215OfflineAmountCr11113CRN111210global_bal11113RFU11118Auto_Bal111217Bck37|22|13|12|132168180745044642309211service_bal212000000003230221IssuerProprietaryData216FFFE000000020000212BalUpdateRRN212536114224040214Bck37|22|13|12252536114373360|072|1227|144433|144433|8180745044642309217BalUpdateDateTime2101227142607220UpdateOfflineBalance111228DF15_SERVICE_MANAGEMENT_INFO149100215OfflineAmountCr12CR13CRN2191000000000005137026210global_bal21200000000323013RFU14000018Auto_Bal1520000,0,0,NULL,NULL,NULL,NULL,NULL,NULL,NULL,NULL,X,3,NULL,NULL,NULL,NULL,13733601227144433,3,00356         356,NULL,1,0,NULL,NULL,NULL,NULL,NULL,NULL,NULL,ACQPOSAIRTEL,0,818074******2309,000,3008,620,6P456527,NULL,5PT000000731774,5PT000000731774,4111,Delhi Metro Rail CorporNew Delhi    DLIN,NULL,NULL,NULL,AIRTEL_TG,AIRTEL CARDS,8,1,0,1,0,1,7,0,1,3,4,3,0,01,903200000,01G10DHJN0PC9TIDLE,02BD7449DEBE54DCFEE213E13B337B61CE11F8B51A,6P456527,NULL,NULL,NULL,NULL,NULL,NULL,NULL,NULL,NULL,NULL,NULL,NULL,NULL,NULL,NULL,,,,,,,,,,,,,,,,,,,,,,,,,,,,,,,,,
4963852023,2530640621,1880442,735,NULL,NULL,ISSWLAATM3,0,0200,31,2504922104,002383,NULL,75,NULL,NULL,1,1,NULL,NULL,NULL,WLA     ,002504922104,2025-12-27 09:14:34.000,2025-12-27 14:44:34.000,2025-12-27 14:44:34.267,2025-12-27 14:44:34.460,2025-12-27 00:00:00.000,2025-12-27 00:00:00.000,10,00,NULL,NULL,0,0,0,0,0,356,0,0,356,0,0,356,0,0,0,0,0,0,0,0,356,"<?xml version=""1.0"" encoding=""ISO-8859-1""?><IccData><IccRequest><AmountAuthorized>000000000000</AmountAuthorized><AmountOther>000000000000</AmountOther><ApplicationIdentifier>A0000000031010</ApplicationIdentifier><ApplicationInterchangeProfile>3800</ApplicationInterchangeProfile><ApplicationTransactionCounter>0023</ApplicationTransactionCounter><ChipConditionCode>0</ChipConditionCode><Cryptogram>C015E48C1A6B6F0C</Cryptogram><CryptogramInformationData>80</CryptogramInformationData><CvmResults>420300</CvmResults><InterfaceDeviceSerialNumber>60809655</InterfaceDeviceSerialNumber><IssuerApplicationData>06020A03A0A800</IssuerApplicationData><TerminalCapabilities>604000</TerminalCapabilities><TerminalCountryCode>356</TerminalCountryCode><TerminalType>14</TerminalType><TerminalVerificationResult>8000048000</TerminalVerificationResult><TransactionCurrencyCode>356</TransactionCurrencyCode><TransactionDate>251227</TransactionDate><TransactionType>31</TransactionType><UnpredictableNumber>DE798D78</UnpredictableNumber></IccRequest></IccData>","<?xml version=""1.0"" encoding=""ISO-8859-1""?><IccData><IccResponse><IssuerAuthenticationData>908014266142A3D33035</IssuerAuthenticationData></IccResponse></IccData>",051,00,NULL,211MediaTotals3122<MediaTotals><Totals><Amount>54140000</Amount><Currency>356</Currency><MediaClass>Cash</MediaClass></Totals></MediaTotals>218Postilion:MetaData3107211MediaTotals111212MediaBatchNr111223ICC_DEDICATED_FILE_NAME111217AdditionalEmvTags111214AdditionalInfo111212MediaBatchNr1842402237223ICC_DEDICATED_FILE_NAME214A0000000031010217AdditionalEmvTags3502<AdditionalEmvTags><EmvTag><TagId>50</TagId><TagValue>56697361204465626974</TagValue></EmvTag><EmvTag><TagId>9F12</TagId><TagValue>56697361204465626974</TagValue></EmvTag><EmvTag><TagId>5F34</TagId><TagValue>01</TagValue></EmvTag><EmvTag><TagId>9F40</TagId><TagValue>EE00B053FF</TagValue></EmvTag><EmvTag><TagId>87</TagId><TagValue>01</TagValue></EmvTag><EmvTag><TagId>84</TagId><TagValue>A0000000031010</TagValue></EmvTag><EmvTag><TagId>9B</TagId><TagValue>6800</TagValue></EmvTag></AdditionalEmvTags>214AdditionalInfo3268<AdditionalInfo><Transaction><OpCode>C  B  DB</OpCode></Transaction><Download><ATMConfigID>0005</ATMConfigID><AtmAppConfigID>0005</AtmAppConfigID><LoadsetGroup>English\Hindi\Marathi_EMV_VG</LoadsetGroup><DownloadApp>AppWLA_EMV</DownloadApp></Download></AdditionalInfo>,218Postilion:MetaData21217NFS_RRN11117NFS_RRN212536114839682,0,0,NULL,NULL,NULL,NULL,1,0,NULL,NULL,NULL,3,70,NULL,NULL,1,MPB004470023835121444341227,3,01911416306   356,NULL,0,0,NULL,NULL,NULL,NULL,NULL,NULL,NULL,AAPWLA3,0,434658******9057,001,3109,226,MPB00447,HITACHI_WLA3,MPB00447       ,MPB00447       ,6011,SANGALI TASGAON ROAD NRKAVALAPUR    MHIN,NULL,NULL,NULL,NFSWLATG,NFSWLA,8,1,0,2,0,1,5,1,3,3,4,6,0,02,750900000,01G1016L0QSCGHDGOS,024AFDB25BD87FAE931DF59BD07475E9DD130D786E,MPB00447,NULL,NULL,NULL,NULL,NULL,NULL,NULL,NULL,NULL,NULL,NULL,NULL,NULL,NULL,NULL,,,,,,,,,,,,,,,,,,,,,,,,,,,,,,,,,
4963852024,2530640616,1898897,0,NULL,NULL,ISSAIRTEL,1,0100,29,2504922099,373353,NULL,00,NULL,373353,1,1,NULL,720532,1510,NULL,536114373353,2025-12-27 09:14:32.000,2025-12-27 14:44:32.000,2025-12-27 14:44:33.990,2025-12-27 14:44:34.010,2025-03-22 00:00:00.000,2024-03-22 00:00:00.000,00,30,NULL,1109421766,0,0,0,0,0,356,0,0,356,0,0,356,0,0,0,0,0,0,0,0,356,"<?xml version=""1.0"" encoding=""ISO-8859-1""?><IccData><IccRequest><AmountAuthorized>000000000000</AmountAuthorized><AmountOther>000000000000</AmountOther><ApplicationIdentifier>A0000005241010</ApplicationIdentifier><ApplicationInterchangeProfile>1900</ApplicationInterchangeProfile><ApplicationTransactionCounter>01C9</ApplicationTransactionCounter><Cryptogram>36CFD7C030761712</Cryptogram><CryptogramInformationData>80</CryptogramInformationData><CvmResults>1F0302</CvmResults><InterfaceDeviceSerialNumber>14932168</InterfaceDeviceSerialNumber><IssuerApplicationData>0FB501A4000000801400000000000006600000000006600000FF019100000000</IssuerApplicationData><TerminalApplicationVersionNumber>0002</TerminalApplicationVersionNumber><TerminalCapabilities>E068C8</TerminalCapabilities><TerminalCountryCode>356</TerminalCountryCode><TerminalType>92</TerminalType><TerminalVerificationResult>0000008000</TerminalVerificationResult><TransactionCurrencyCode>356</TransactionCurrencyCode><TransactionDate>251227</TransactionDate><TransactionSequenceCounter>00183976</TransactionSequenceCounter><TransactionType>29</TransactionType><UnpredictableNumber>682C7B0B</UnpredictableNumber></IccRequest></IccData>","<?xml version=""1.0"" encoding=""ISO-8859-1""?><IccData><IccResponse><ApplicationTransactionCounter>01C9</ApplicationTransactionCounter><IssuerAuthenticationData>BB3E23DA80C400000000000000000000</IssuerAuthenticationData><PostilionPrivateIccResponseData><ResponseCode>00</ResponseCode></PostilionPrivateIccResponseData></IccResponse></IccData>",071,00,NULL,13RFU140000218Postilion:MetaData311913RFU111228DF15_SERVICE_MANAGEMENT_INFO111215DF16_SERVICE_ID111211service_bal111210global_bal111217Bck37|22|13|12|13111228DF15_SERVICE_MANAGEMENT_INFO149100215DF16_SERVICE_ID14FF01211service_bal212000000000660210global_bal212000000000660217Bck37|22|13|12|132168180740000704581,218Postilion:MetaData312713RFU111228DF15_SERVICE_MANAGEMENT_INFO11113CRN111215DF16_SERVICE_ID111211service_bal111210global_bal111217Bck37|22|13|12|1311113RFU140000228DF15_SERVICE_MANAGEMENT_INFO14910013CRN2191000000000000099675215DF16_SERVICE_ID14FF01211service_bal212000000000660210global_bal212000000000660217Bck37|22|13|12|132168180740000704581,0,0,NULL,NULL,NULL,NULL,NULL,NULL,NULL,NULL,X,3,NULL,NULL,NULL,NULL,13733531227144432,3,00356         356,NULL,1,0,NULL,NULL,NULL,NULL,NULL,NULL,NULL,ACQPOSAIRTEL,0,818074******4581,000,2905,620,5P975816,NULL,5PT000000731774,5PT000000731774,4111,Delhi Metro Rail CorporNew Delhi    DLIN,NULL,NULL,NULL,AIRTEL_TG,AIRTEL CARDS,8,1,0,1,0,1,7,0,1,3,4,3,0,01,185400000,01G10E483OBHV1N2DR,0264DD5A94FD451D6C0D2944A2F488B1066E7636CE,5P975816,NULL,NULL,NULL,NULL,NULL,NULL,NULL,NULL,NULL,NULL,NULL,NULL,NULL,NULL,NULL,,,,,,,,,,,,,,,,,,,,,,,,,,,,,,,,,
4963852025,2530640621,1869428,750,NULL,NULL,ISSWLAATM3,1,0200,31,2504922104,839682,NULL,75,NULL,NULL,1,1,NULL,811464,1510,WLA     ,002504922104,2025-12-27 09:14:34.000,2025-12-27 14:44:34.000,2025-12-27 14:44:34.277,2025-12-27 14:44:34.460,2025-12-27 00:00:00.000,2025-12-27 00:00:00.000,10,00,NULL,NULL,0,0,0,0,0,356,0,0,356,0,0,356,0,0,0,0,0,0,0,0,356,"<?xml version=""1.0"" encoding=""ISO-8859-1""?><IccData><IccRequest><AmountAuthorized>000000000000</AmountAuthorized><AmountOther>000000000000</AmountOther><ApplicationIdentifier>A0000000031010</ApplicationIdentifier><ApplicationInterchangeProfile>3800</ApplicationInterchangeProfile><ApplicationTransactionCounter>0023</ApplicationTransactionCounter><ChipConditionCode>0</ChipConditionCode><Cryptogram>C015E48C1A6B6F0C</Cryptogram><CryptogramInformationData>80</CryptogramInformationData><CvmResults>420300</CvmResults><InterfaceDeviceSerialNumber>60809655</InterfaceDeviceSerialNumber><IssuerApplicationData>06020A03A0A800</IssuerApplicationData><TerminalCapabilities>604000</TerminalCapabilities><TerminalCountryCode>356</TerminalCountryCode><TerminalType>14</TerminalType><TerminalVerificationResult>8000048000</TerminalVerificationResult><TransactionCurrencyCode>356</TransactionCurrencyCode><TransactionDate>251227</TransactionDate><TransactionType>31</TransactionType><UnpredictableNumber>DE798D78</UnpredictableNumber></IccRequest></IccData>","<?xml version=""1.0"" encoding=""ISO-8859-1""?><IccData><IccResponse><IssuerAuthenticationData>908014266142A3D33035</IssuerAuthenticationData></IccResponse></IccData>",051,00,NULL,211MediaTotals3122<MediaTotals><Totals><Amount>54140000</Amount><Currency>356</Currency><MediaClass>Cash</MediaClass></Totals></MediaTotals>218Postilion:MetaData3107211MediaTotals111212MediaBatchNr111223ICC_DEDICATED_FILE_NAME111217AdditionalEmvTags111214AdditionalInfo111212MediaBatchNr1842402237223ICC_DEDICATED_FILE_NAME214A0000000031010217AdditionalEmvTags3502<AdditionalEmvTags><EmvTag><TagId>50</TagId><TagValue>56697361204465626974</TagValue></EmvTag><EmvTag><TagId>9F12</TagId><TagValue>56697361204465626974</TagValue></EmvTag><EmvTag><TagId>5F34</TagId><TagValue>01</TagValue></EmvTag><EmvTag><TagId>9F40</TagId><TagValue>EE00B053FF</TagValue></EmvTag><EmvTag><TagId>87</TagId><TagValue>01</TagValue></EmvTag><EmvTag><TagId>84</TagId><TagValue>A0000000031010</TagValue></EmvTag><EmvTag><TagId>9B</TagId><TagValue>6800</TagValue></EmvTag></AdditionalEmvTags>214AdditionalInfo3268<AdditionalInfo><Transaction><OpCode>C  B  DB</OpCode></Transaction><Download><ATMConfigID>0005</ATMConfigID><AtmAppConfigID>0005</AtmAppConfigID><LoadsetGroup>English\Hindi\Marathi_EMV_VG</LoadsetGroup><DownloadApp>AppWLA_EMV</DownloadApp></Download></AdditionalInfo>,218Postilion:MetaData21217NFS_RRN11117NFS_RRN212536114839682,0,0,NULL,NULL,NULL,NULL,1,0,NULL,NULL,NULL,3,70,70,NULL,1,MPB004470023835121444341227,3,01911416306   356,NULL,0,0,NULL,NULL,NULL,NULL,NULL,NULL,NULL,AAPWLA3,0,434658******9057,001,3109,226,MPB00447,HITACHI_WLA3,MPB00447       ,MPB00447       ,6011,SANGALI TASGAON ROAD NRKAVALAPUR    MHIN,NULL,NULL,NULL,NFSWLATG,NFSWLA,8,1,0,2,0,1,5,1,3,3,4,6,0,02,750900000,01G1016L0QSCGHDGOS,024AFDB25BD87FAE931DF59BD07475E9DD130D786E,MPB00447,NULL,NULL,NULL,NULL,NULL,NULL,NULL,NULL,NULL,NULL,NULL,NULL,NULL,NULL,NULL,,,,,,,,,,,,,,,,,,,,,,,,,,,,,,,,,
4963852026,2530640622,1884861,718,NULL,NULL,ISSWLAATM4,0,0200,01,2504922105,000042,NULL,00,NULL,110510,1,1,NULL,NULL,NULL,WLA     ,002504922105,2025-12-27 09:14:34.000,2025-12-27 14:44:34.000,2025-12-27 14:44:34.297,2025-12-27 14:44:34.800,2025-12-27 00:00:00.000,2025-12-27 00:00:00.000,10,00,110046522374,NULL,80000,80000,-80000,80000,80000,356,0,0,356,0,0,356,80000,80000,80000,80000,0,0,0,0,356,"<?xml version=""1.0"" encoding=""ISO-8859-1""?><IccData><IccRequest><AmountAuthorized>000000080000</AmountAuthorized><AmountOther>000000000000</AmountOther><ApplicationIdentifier>A0000005241010</ApplicationIdentifier><ApplicationInterchangeProfile>1900</ApplicationInterchangeProfile><ApplicationTransactionCounter>000E</ApplicationTransactionCounter><ChipConditionCode>0</ChipConditionCode><Cryptogram>AA51C6CE7DA8A8D2</Cryptogram><CryptogramInformationData>80</CryptogramInformationData><CvmResults>420300</CvmResults><InterfaceDeviceSerialNumber>ICT3    </InterfaceDeviceSerialNumber><IssuerApplicationData>0FB501A000000400000000000000000000000000000000000000000000000000</IssuerApplicationData><TerminalCapabilities>604000</TerminalCapabilities><TerminalCountryCode>356</TerminalCountryCode><TerminalType>14</TerminalType><TerminalVerificationResult>8080048000</TerminalVerificationResult><TransactionCurrencyCode>356</TransactionCurrencyCode><TransactionDate>251227</TransactionDate><TransactionType>01</TransactionType><UnpredictableNumber>3ECC9CB5</UnpredictableNumber></IccRequest></IccData>","<?xml version=""1.0"" encoding=""ISO-8859-1""?><IccData><IccResponse><IssuerAuthenticationData>AFBD36A080C400000000000000000000</IssuerAuthenticationData></IccResponse></IccData>",051,00,NULL,211MediaTotals3214<MediaTotals><Totals><Amount>-1249800000</Amount><Currency>356</Currency><MediaClass>Cash</MediaClass></Totals><Totals><Amount>0</Amount><Currency>000</Currency><MediaClass>Cards</MediaClass></Totals></MediaTotals>218Postilion:MetaData3107211MediaTotals111212MediaBatchNr111223ICC_DEDICATED_FILE_NAME111217AdditionalEmvTags111214AdditionalInfo111212MediaBatchNr110223ICC_DEDICATED_FILE_NAME214A0000005241010217AdditionalEmvTags3642<AdditionalEmvTags><EmvTag><TagId>50</TagId><TagValue>5275506179204465626974</TagValue></EmvTag><EmvTag><TagId>9F21</TagId><TagValue>144355</TagValue></EmvTag><EmvTag><TagId>9F1C</TagId><TagValue>4D43524D36313830</TagValue></EmvTag><EmvTag><TagId>9F12</TagId><TagValue>5275506179204465626974</TagValue></EmvTag><EmvTag><TagId>5F34</TagId><TagValue>01</TagValue></EmvTag><EmvTag><TagId>9F40</TagId><TagValue>8E80B053FF</TagValue></EmvTag><EmvTag><TagId>87</TagId><TagValue>01</TagValue></EmvTag><EmvTag><TagId>84</TagId><TagValue>A0000005241010</TagValue></EmvTag><EmvTag><TagId>9B</TagId><TagValue>6800</TagValue></EmvTag></AdditionalEmvTags>214AdditionalInfo3259<AdditionalInfo><Transaction><OpCode>A  B  CA</OpCode></Transaction><Download><ATMConfigID>0025</ATMConfigID><AtmAppConfigID>0025</AtmAppConfigID><LoadsetGroup>ICCW_ICD_3LG</LoadsetGroup><DownloadApp>AppWLA_CRM_VS_EMV</DownloadApp></Download></AdditionalInfo>,218Postilion:MetaData21217NFS_RRN11117NFS_RRN212536114606457,0,0,NULL,NULL,NULL,NULL,1,0,NULL,NULL,NULL,3,71,NULL,NULL,1,MCRM61800000425121444341227,3,01911524003   356,NULL,0,0,NULL,NULL,NULL,NULL,NULL,NULL,NULL,AAPWLA4,0,817509******1549,001,3011,620,MCRM6180,HITACHI_WLA4,MCRM6180       ,MCRM6180       ,6011,MUTHUKUR ROAD          NELLORE      APIN,NULL,NULL,NULL,NFSWLATG,NFSWLA,8,1,0,2,0,1,5,1,3,3,4,6,0,02,945100000,01G108E15JAIQF76HD,0235F8B0D2A3E84313321ECDB019F586C7331F29C5,MCRM6180,NULL,NULL,NULL,NULL,NULL,NULL,NULL,NULL,NULL,NULL,NULL,NULL,NULL,NULL,NULL,,,,,,,,,,,,,,,,,,,,,,,,,,,,,,,,,
4963852027,2530640623,1898855,0,NULL,NULL,ISSAIRTEL,0,0220,00,2504922106,049424,00,00,NULL,NULL,0,0,NULL,720532,1006,NULL,004778049424,2025-12-27 14:44:34.000,2025-12-25 07:42:40.000,2025-12-27 14:44:34.300,2025-12-27 14:44:34.347,2025-03-22 00:00:00.000,2024-03-22 00:00:00.000,30,00,1283600304,NULL,4320,4320,-4320,0,0,356,0,0,356,0,0,356,4320,4320,0,0,0,0,0,0,356,"<?xml version=""1.0"" encoding=""ISO-8859-1""?><IccData><IccRequest><AmountAuthorized>000000004320</AmountAuthorized><AmountOther>000000000000</AmountOther><ApplicationInterchangeProfile>1900</ApplicationInterchangeProfile><ApplicationTransactionCounter>01DF</ApplicationTransactionCounter><Cryptogram>2FD2BAED262898EA</Cryptogram><CryptogramInformationData>40</CryptogramInformationData><IssuerApplicationData>0FB50194000000201400000000000449600000000492800000</IssuerApplicationData><TerminalCapabilities>000808</TerminalCapabilities><TerminalCountryCode>356</TerminalCountryCode><TerminalVerificationResult>0000000000</TerminalVerificationResult><TransactionCurrencyCode>356</TransactionCurrencyCode><TransactionType>00</TransactionType><UnpredictableNumber>2E844D4B</UnpredictableNumber></IccRequest></IccData>","<?xml version=""1.0"" encoding=""ISO-8859-1""?><IccData><IccResponse/></IccData>",070,00,NULL,218Postilion:MetaData281213RGCS_FileName11113CRN111226Postilion:ActiveActiveData111216txnlocaldatetime111213RGCS_FileName221052AIRP7530006253600013CRN2191000000000004586375226Postilion:ActiveActiveData242223PostCard:PostedDateTime2131766826874000216txnlocaldatetime212251225074240,"218Postilion:MetaData3113213RGCS_FileName11113CRN111226Postilion:ValidationResult111226Postilion:ActiveActiveData111216txnlocaldatetime111213RGCS_FileName221052AIRP7530006253600013CRN2191000000000004586375226Postilion:ValidationResult3301<ValidationResult><Result validator=""PC_CVR"">PASS</Result><Result validator=""PC_ATC"">SKIP</Result><Result validator=""PC_TVR"">PASS</Result><Result validator=""PC_PIN_INTEGRITY"">SKIP</Result><Result validator=""PC_CARD_STATE"">PASS</Result><Result validator=""PC_CRYPTOGRAM"">FAIL</Result></ValidationResult>226Postilion:ActiveActiveData242223PostCard:PostedDateTime2131766826874000216txnlocaldatetime212251225074240",0,0,NULL,NULL,NULL,NULL,NULL,NULL,NULL,NULL,NULL,3,NULL,NULL,10010,NULL,0220:049424:1225074240:497781807,3,NULL,NULL,NULL,NULL,NULL,NULL,NULL,NULL,NULL,NULL,NULL,ACQAPIAIRTEL,0,818074******4977,000,NULL,NULL,5P951764,NULL,5PT000000731774,5PT000000731774,4111,Delhi Metro Rail Cor   New Delhi    DLIN,NULL,NULL,NULL,DebitGroup,DefaultCard,1,5,3,2,2,0,3,7,2,7,3,7,3,00,779400000,01G10AR2518173NRFM,029E6C89CE468B94F0D06EBE67D6D51B9B254BCF04,5P951764,NULL,NULL,NULL,NULL,NULL,NULL,NULL,NULL,NULL,NULL,NULL,NULL,NULL,NULL,NULL,,,,,,,,,,,,,,,,,,,,,,,,,,,,,,,,,
4963852028,2530640619,1898897,0,NULL,NULL,ISSAIRTEL,1,0220,00,2504922102,098640,00,00,NULL,NULL,0,0,NULL,720532,1006,NULL,004778098640,2025-12-27 14:44:34.000,2025-12-25 09:11:18.000,2025-12-27 14:44:34.247,2025-12-27 14:44:34.347,2025-03-22 00:00:00.000,2024-03-22 00:00:00.000,30,00,1284401222,NULL,2880,2880,-2880,0,0,356,0,0,356,0,0,356,2880,2880,0,0,0,0,0,0,356,"<?xml version=""1.0"" encoding=""ISO-8859-1""?><IccData><IccRequest><AmountAuthorized>000000002880</AmountAuthorized><AmountOther>000000000000</AmountOther><ApplicationInterchangeProfile>1900</ApplicationInterchangeProfile><ApplicationTransactionCounter>0238</ApplicationTransactionCounter><Cryptogram>922970E962DB8D93</Cryptogram><CryptogramInformationData>40</CryptogramInformationData><IssuerApplicationData>0FB50194000000201400000000000066300000000095100000</IssuerApplicationData><TerminalCapabilities>000808</TerminalCapabilities><TerminalCountryCode>356</TerminalCountryCode><TerminalVerificationResult>0000000000</TerminalVerificationResult><TransactionCurrencyCode>356</TransactionCurrencyCode><TransactionType>00</TransactionType><UnpredictableNumber>4321B03A</UnpredictableNumber></IccRequest></IccData>","<?xml version=""1.0"" encoding=""ISO-8859-1""?><IccData><IccResponse/></IccData>",070,00,NULL,218Postilion:MetaData281213RGCS_FileName11113CRN111226Postilion:ActiveActiveData111216txnlocaldatetime111213RGCS_FileName221052AIRP7530006253600013CRN2191000000000004855813226Postilion:ActiveActiveData242223PostCard:PostedDateTime2131766826874000216txnlocaldatetime212251225091118,"218Postilion:MetaData3113213RGCS_FileName11113CRN111226Postilion:ValidationResult111226Postilion:ActiveActiveData111216txnlocaldatetime111213RGCS_FileName221052AIRP7530006253600013CRN2191000000000004855813226Postilion:ValidationResult3301<ValidationResult><Result validator=""PC_CVR"">PASS</Result><Result validator=""PC_ATC"">SKIP</Result><Result validator=""PC_TVR"">PASS</Result><Result validator=""PC_PIN_INTEGRITY"">SKIP</Result><Result validator=""PC_CARD_STATE"">PASS</Result><Result validator=""PC_CRYPTOGRAM"">FAIL</Result></ValidationResult>226Postilion:ActiveActiveData242223PostCard:PostedDateTime2131766826874000216txnlocaldatetime212251225091118",0,0,NULL,NULL,NULL,NULL,NULL,NULL,NULL,NULL,NULL,3,NULL,NULL,10010,NULL,0220:098640:1225091118:931481807,3,NULL,NULL,NULL,NULL,NULL,NULL,NULL,NULL,NULL,NULL,NULL,ACQAPIAIRTEL,0,818074******9314,000,NULL,NULL,6P089519,NULL,5PT000000731774,5PT000000731774,4111,Delhi Metro Rail Cor   New Delhi    DLIN,NULL,NULL,NULL,DebitGroup,DefaultCard,1,5,3,2,2,0,3,7,2,7,3,7,3,00,413900000,01G1092EPSVCROU1BM,02DA98C76B375196BF8087C7935A502F579400225E,6P089519,NULL,NULL,NULL,NULL,NULL,NULL,NULL,NULL,NULL,NULL,NULL,NULL,NULL,NULL,NULL,,,,,,,,,,,,,,,,,,,,,,,,,,,,,,,,,
4963852029,2530640624,1880473,682,NULL,NULL,ISSWLAATM3,0,0200,01,2504922107,000698,NULL,55,NULL,NULL,1,1,NULL,NULL,NULL,WLA     ,002504922107,2025-12-27 09:14:34.000,2025-12-27 14:44:34.000,2025-12-27 14:44:34.333,2025-12-27 14:44:34.547,2025-12-27 00:00:00.000,2025-12-27 00:00:00.000,10,00,NULL,NULL,1000000,0,0,1000000,0,356,0,0,356,0,0,356,1000000,0,1000000,0,0,0,0,0,356,"<?xml version=""1.0"" encoding=""ISO-8859-1""?><IccData><IccRequest><AmountAuthorized>000001000000</AmountAuthorized><AmountOther>000000000000</AmountOther><ApplicationIdentifier>A0000005241010</ApplicationIdentifier><ApplicationInterchangeProfile>1900</ApplicationInterchangeProfile><ApplicationTransactionCounter>008D</ApplicationTransactionCounter><ChipConditionCode>0</ChipConditionCode><Cryptogram>259016C0534F8501</Cryptogram><CryptogramInformationData>80</CryptogramInformationData><CvmResults>420300</CvmResults><InterfaceDeviceSerialNumber>60812387</InterfaceDeviceSerialNumber><IssuerApplicationData>0FB511A000000000000000000000000000000000000000000000000000000000</IssuerApplicationData><TerminalCapabilities>604000</TerminalCapabilities><TerminalCountryCode>356</TerminalCountryCode><TerminalType>14</TerminalType><TerminalVerificationResult>8080048000</TerminalVerificationResult><TransactionCurrencyCode>356</TransactionCurrencyCode><TransactionDate>251227</TransactionDate><TransactionType>01</TransactionType><UnpredictableNumber>535BC220</UnpredictableNumber></IccRequest></IccData>","<?xml version=""1.0"" encoding=""ISO-8859-1""?><IccData><IccResponse><IssuerAuthenticationData>92EB332A800000000004</IssuerAuthenticationData></IccResponse></IccData>",051,00,NULL,211MediaTotals3123<MediaTotals><Totals><Amount>112700000</Amount><Currency>356</Currency><MediaClass>Cash</MediaClass></Totals></MediaTotals>218Postilion:MetaData3107211MediaTotals111212MediaBatchNr111223ICC_DEDICATED_FILE_NAME111217AdditionalEmvTags111214AdditionalInfo111212MediaBatchNr1842416863223ICC_DEDICATED_FILE_NAME214A0000005241010217AdditionalEmvTags3569<AdditionalEmvTags><EmvTag><TagId>50</TagId><TagValue>5275506179204465626974</TagValue></EmvTag><EmvTag><TagId>9F21</TagId><TagValue>144304</TagValue></EmvTag><EmvTag><TagId>9F12</TagId><TagValue>5275506179204465626974</TagValue></EmvTag><EmvTag><TagId>5F34</TagId><TagValue>01</TagValue></EmvTag><EmvTag><TagId>9F40</TagId><TagValue>EE00B053FF</TagValue></EmvTag><EmvTag><TagId>87</TagId><TagValue>01</TagValue></EmvTag><EmvTag><TagId>84</TagId><TagValue>A0000005241010</TagValue></EmvTag><EmvTag><TagId>9B</TagId><TagValue>6800</TagValue></EmvTag></AdditionalEmvTags>214AdditionalInfo3257<AdditionalInfo><Transaction><OpCode>A  B  DA</OpCode></Transaction><Download><ATMConfigID>0011</ATMConfigID><AtmAppConfigID>0011</AtmAppConfigID><LoadsetGroup>English\Hindi_NEW</LoadsetGroup><DownloadApp>AppWLA_EMV</DownloadApp></Download></AdditionalInfo>,218Postilion:MetaData21217NFS_RRN11117NFS_RRN212536114839683,0,0,NULL,NULL,NULL,NULL,1,0,NULL,NULL,NULL,3,70,NULL,NULL,1,MPB007830006985121444341227,3,01911251309   356,NULL,0,0,NULL,NULL,NULL,NULL,NULL,NULL,NULL,AAPWLA3,0,508552******1466,001,2602,620,MPB00783,HITACHI_WLA3,MPB00783       ,MPB00783       ,6011,NEAR BANK OF BARODA    BUDHANA      UPIN,NULL,NULL,NULL,NFSWLATG,NFSWLA,8,1,0,2,0,1,5,1,3,3,4,6,0,02,664100000,01G107TF6AVKS8J6K1,02CD687FE2375C1DB6162F30D325AFAF6A8EA06C53,MPB00783,NULL,NULL,NULL,NULL,NULL,NULL,NULL,NULL,NULL,NULL,NULL,NULL,NULL,NULL,NULL,,,,,,,,,,,,,,,,,,,,,,,,,,,,,,,,,
4963852030,2530640622,1870122,747,NULL,NULL,ISSWLAATM4,1,0200,01,2504922105,606457,NULL,00,NULL,110510,1,1,NULL,811464,1510,WLA     ,002504922105,2025-12-27 09:14:34.000,2025-12-27 14:44:34.000,2025-12-27 14:44:34.307,2025-12-27 14:44:34.800,2025-12-27 00:00:00.000,2025-12-27 00:00:00.000,10,00,110046522374,NULL,80000,80000,-80000,80000,80000,356,0,0,356,0,0,356,80000,80000,80000,80000,0,0,0,0,356,"<?xml version=""1.0"" encoding=""ISO-8859-1""?><IccData><IccRequest><AmountAuthorized>000000080000</AmountAuthorized><AmountOther>000000000000</AmountOther><ApplicationIdentifier>A0000005241010</ApplicationIdentifier><ApplicationInterchangeProfile>1900</ApplicationInterchangeProfile><ApplicationTransactionCounter>000E</ApplicationTransactionCounter><ChipConditionCode>0</ChipConditionCode><Cryptogram>AA51C6CE7DA8A8D2</Cryptogram><CryptogramInformationData>80</CryptogramInformationData><CvmResults>420300</CvmResults><InterfaceDeviceSerialNumber>ICT3    </InterfaceDeviceSerialNumber><IssuerApplicationData>0FB501A000000400000000000000000000000000000000000000000000000000</IssuerApplicationData><TerminalCapabilities>604000</TerminalCapabilities><TerminalCountryCode>356</TerminalCountryCode><TerminalType>14</TerminalType><TerminalVerificationResult>8080048000</TerminalVerificationResult><TransactionCurrencyCode>356</TransactionCurrencyCode><TransactionDate>251227</TransactionDate><TransactionType>01</TransactionType><UnpredictableNumber>3ECC9CB5</UnpredictableNumber></IccRequest></IccData>","<?xml version=""1.0"" encoding=""ISO-8859-1""?><IccData><IccResponse><IssuerAuthenticationData>AFBD36A080C400000000000000000000</IssuerAuthenticationData></IccResponse></IccData>",051,00,NULL,211MediaTotals3214<MediaTotals><Totals><Amount>-1249800000</Amount><Currency>356</Currency><MediaClass>Cash</MediaClass></Totals><Totals><Amount>0</Amount><Currency>000</Currency><MediaClass>Cards</MediaClass></Totals></MediaTotals>218Postilion:MetaData3107211MediaTotals111212MediaBatchNr111223ICC_DEDICATED_FILE_NAME111217AdditionalEmvTags111214AdditionalInfo111212MediaBatchNr110223ICC_DEDICATED_FILE_NAME214A0000005241010217AdditionalEmvTags3642<AdditionalEmvTags><EmvTag><TagId>50</TagId><TagValue>5275506179204465626974</TagValue></EmvTag><EmvTag><TagId>9F21</TagId><TagValue>144355</TagValue></EmvTag><EmvTag><TagId>9F1C</TagId><TagValue>4D43524D36313830</TagValue></EmvTag><EmvTag><TagId>9F12</TagId><TagValue>5275506179204465626974</TagValue></EmvTag><EmvTag><TagId>5F34</TagId><TagValue>01</TagValue></EmvTag><EmvTag><TagId>9F40</TagId><TagValue>8E80B053FF</TagValue></EmvTag><EmvTag><TagId>87</TagId><TagValue>01</TagValue></EmvTag><EmvTag><TagId>84</TagId><TagValue>A0000005241010</TagValue></EmvTag><EmvTag><TagId>9B</TagId><TagValue>6800</TagValue></EmvTag></AdditionalEmvTags>214AdditionalInfo3259<AdditionalInfo><Transaction><OpCode>A  B  CA</OpCode></Transaction><Download><ATMConfigID>0025</ATMConfigID><AtmAppConfigID>0025</AtmAppConfigID><LoadsetGroup>ICCW_ICD_3LG</LoadsetGroup><DownloadApp>AppWLA_CRM_VS_EMV</DownloadApp></Download></AdditionalInfo>,218Postilion:MetaData21217NFS_RRN11117NFS_RRN212536114606457,0,0,NULL,NULL,NULL,NULL,1,0,NULL,NULL,NULL,3,71,71,NULL,1,MCRM61800000425121444341227,3,01911524003   356,NULL,0,0,NULL,NULL,NULL,NULL,NULL,NULL,NULL,AAPWLA4,0,817509******1549,001,3011,620,MCRM6180,HITACHI_WLA4,MCRM6180       ,MCRM6180       ,6011,MUTHUKUR ROAD          NELLORE      APIN,NULL,NULL,NULL,NFSWLATG,NFSWLA,8,1,0,2,0,1,5,1,3,3,4,6,0,02,945100000,01G108E15JAIQF76HD,0235F8B0D2A3E84313321ECDB019F586C7331F29C5,MCRM6180,NULL,NULL,NULL,NULL,NULL,NULL,NULL,NULL,NULL,NULL,NULL,NULL,NULL,NULL,NULL,,,,,,,,,,,,,,,,,,,,,,,,,,,,,,,,,
4963852031,2530640625,1912622,579,NULL,NULL,ISSAIRTEL,0,0100,29,2504922108,373364,NULL,00,NULL,373364,1,1,NULL,720532,NULL,NULL,536114373364,2025-12-27 09:14:33.000,2025-12-27 14:44:33.000,2025-12-27 14:44:34.390,2025-12-27 14:44:34.423,2025-12-27 00:00:00.000,2025-12-27 00:00:00.000,00,30,NULL,1287376129,0,0,0,0,0,356,0,0,356,0,0,356,0,0,0,0,0,0,0,0,356,"<?xml version=""1.0"" encoding=""ISO-8859-1""?><IccData><IccRequest><AmountAuthorized>000000000000</AmountAuthorized><AmountOther>000000000000</AmountOther><ApplicationIdentifier>A0000005241010</ApplicationIdentifier><ApplicationInterchangeProfile>1900</ApplicationInterchangeProfile><ApplicationTransactionCounter>0002</ApplicationTransactionCounter><Cryptogram>E0F34E0CFC22562E</Cryptogram><CryptogramInformationData>80</CryptogramInformationData><CvmResults>1F0302</CvmResults><InterfaceDeviceSerialNumber>14943345</InterfaceDeviceSerialNumber><IssuerApplicationData>0FB501A4000000801400000000000000000000000000000000FF019100000000</IssuerApplicationData><TerminalApplicationVersionNumber>0002</TerminalApplicationVersionNumber><TerminalCapabilities>E068C8</TerminalCapabilities><TerminalCountryCode>356</TerminalCountryCode><TerminalType>92</TerminalType><TerminalVerificationResult>0000008000</TerminalVerificationResult><TransactionCurrencyCode>356</TransactionCurrencyCode><TransactionDate>251227</TransactionDate><TransactionSequenceCounter>00050854</TransactionSequenceCounter><TransactionType>29</TransactionType><UnpredictableNumber>E8C15A5E</UnpredictableNumber></IccRequest></IccData>","<?xml version=""1.0"" encoding=""ISO-8859-1""?><IccData><IccResponse><ApplicationTransactionCounter>0002</ApplicationTransactionCounter><IssuerAuthenticationData>4722E7EE80C44000FFFE000000005000</IssuerAuthenticationData><PostilionPrivateIccResponseData><ResponseCode>00</ResponseCode></PostilionPrivateIccResponseData></IccResponse></IccData>",071,00,NULL,215DF16_SERVICE_ID14FF01218Postilion:MetaData3267215DF16_SERVICE_ID111217Bck37|22|13|12|13111211service_bal111221IssuerProprietaryData111212BalUpdateRRN111214Bck37|22|13|12111217BalUpdateDateTime111220UpdateOfflineBalance111228DF15_SERVICE_MANAGEMENT_INFO111215OfflineAmountCr111210global_bal11113RFU11118Auto_Bal111217Bck37|22|13|12|132168180745051839699211service_bal212000000000000221IssuerProprietaryData216FFFE000000005000212BalUpdateRRN212536114225001214Bck37|22|13|12252536114373364|071|1227|144433|144433|8180745051839699217BalUpdateDateTime2101227144428220UpdateOfflineBalance111228DF15_SERVICE_MANAGEMENT_INFO149100215OfflineAmountCr12CR210global_bal21200000000000013RFU14000018Auto_Bal145000,215DF16_SERVICE_ID14FF01218Postilion:MetaData3275215DF16_SERVICE_ID111217Bck37|22|13|12|13111211service_bal111221IssuerProprietaryData111212BalUpdateRRN111214Bck37|22|13|12111217BalUpdateDateTime111220UpdateOfflineBalance111228DF15_SERVICE_MANAGEMENT_INFO111215OfflineAmountCr11113CRN111210global_bal11113RFU11118Auto_Bal111217Bck37|22|13|12|132168180745051839699211service_bal212000000000000221IssuerProprietaryData216FFFE000000005000212BalUpdateRRN212536114225001214Bck37|22|13|12252536114373364|071|1227|144433|144433|8180745051839699217BalUpdateDateTime2101227144428220UpdateOfflineBalance111228DF15_SERVICE_MANAGEMENT_INFO149100215OfflineAmountCr12CR13CRN2191000000000006137711210global_bal21200000000000013RFU14000018Auto_Bal145000,0,0,NULL,NULL,NULL,NULL,NULL,NULL,NULL,NULL,X,3,NULL,NULL,NULL,NULL,13733641227144433,3,00356         356,NULL,1,0,NULL,NULL,NULL,NULL,NULL,NULL,NULL,ACQPOSAIRTEL,0,818074******9699,000,3011,620,6P455542,NULL,5PT000001069854,5PT000001069854,4814,Airtel Payments Bank LiGurgaon      HRIN,NULL,NULL,NULL,AIRTEL_TG,AIRTEL CARDS,8,1,0,1,0,1,7,0,1,3,4,3,0,01,996900000,01G1079MKPDSSHU8QA,029C54E137A0380A104120E750EBEB56391F321ED6,6P455542,NULL,NULL,NULL,NULL,NULL,NULL,NULL,NULL,NULL,NULL,NULL,NULL,NULL,NULL,NULL,,,,,,,,,,,,,,,,,,,,,,,,,,,,,,,,,
4963852032,2530640623,1898897,0,NULL,NULL,ISSAIRTEL,1,0220,00,2504922106,049424,00,00,NULL,NULL,0,0,NULL,720532,1006,NULL,004778049424,2025-12-27 14:44:34.000,2025-12-25 07:42:40.000,2025-12-27 14:44:34.347,2025-12-27 14:44:34.460,2025-03-22 00:00:00.000,2024-03-22 00:00:00.000,30,00,1283600304,NULL,4320,4320,-4320,0,0,356,0,0,356,0,0,356,4320,4320,0,0,0,0,0,0,356,"<?xml version=""1.0"" encoding=""ISO-8859-1""?><IccData><IccRequest><AmountAuthorized>000000004320</AmountAuthorized><AmountOther>000000000000</AmountOther><ApplicationInterchangeProfile>1900</ApplicationInterchangeProfile><ApplicationTransactionCounter>01DF</ApplicationTransactionCounter><Cryptogram>2FD2BAED262898EA</Cryptogram><CryptogramInformationData>40</CryptogramInformationData><IssuerApplicationData>0FB50194000000201400000000000449600000000492800000</IssuerApplicationData><TerminalCapabilities>000808</TerminalCapabilities><TerminalCountryCode>356</TerminalCountryCode><TerminalVerificationResult>0000000000</TerminalVerificationResult><TransactionCurrencyCode>356</TransactionCurrencyCode><TransactionType>00</TransactionType><UnpredictableNumber>2E844D4B</UnpredictableNumber></IccRequest></IccData>","<?xml version=""1.0"" encoding=""ISO-8859-1""?><IccData><IccResponse/></IccData>",070,00,NULL,218Postilion:MetaData281213RGCS_FileName11113CRN111226Postilion:ActiveActiveData111216txnlocaldatetime111213RGCS_FileName221052AIRP7530006253600013CRN2191000000000004586375226Postilion:ActiveActiveData242223PostCard:PostedDateTime2131766826874000216txnlocaldatetime212251225074240,"218Postilion:MetaData3113213RGCS_FileName11113CRN111226Postilion:ValidationResult111226Postilion:ActiveActiveData111216txnlocaldatetime111213RGCS_FileName221052AIRP7530006253600013CRN2191000000000004586375226Postilion:ValidationResult3301<ValidationResult><Result validator=""PC_CVR"">PASS</Result><Result validator=""PC_ATC"">SKIP</Result><Result validator=""PC_TVR"">PASS</Result><Result validator=""PC_PIN_INTEGRITY"">SKIP</Result><Result validator=""PC_CARD_STATE"">PASS</Result><Result validator=""PC_CRYPTOGRAM"">FAIL</Result></ValidationResult>226Postilion:ActiveActiveData242223PostCard:PostedDateTime2131766826874000216txnlocaldatetime212251225074240",0,0,NULL,NULL,NULL,NULL,NULL,NULL,NULL,NULL,NULL,3,NULL,NULL,10010,NULL,0220:049424:1225074240:497781807,3,NULL,NULL,NULL,NULL,NULL,NULL,NULL,NULL,NULL,NULL,NULL,ACQAPIAIRTEL,0,818074******4977,000,NULL,NULL,5P951764,NULL,5PT000000731774,5PT000000731774,4111,Delhi Metro Rail Cor   New Delhi    DLIN,NULL,NULL,NULL,DebitGroup,DefaultCard,1,5,3,2,2,0,3,7,2,7,3,7,3,00,779400000,01G10AR2518173NRFM,029E6C89CE468B94F0D06EBE67D6D51B9B254BCF04,5P951764,NULL,NULL,NULL,NULL,NULL,NULL,NULL,NULL,NULL,NULL,NULL,NULL,NULL,NULL,NULL,,,,,,,,,,,,,,,,,,,,,,,,,,,,,,,,,
4963852033,2530640625,1898897,0,NULL,NULL,ISSAIRTEL,1,0100,29,2504922108,373364,NULL,00,NULL,373364,1,1,NULL,720532,1510,NULL,536114373364,2025-12-27 09:14:33.000,2025-12-27 14:44:33.000,2025-12-27 14:44:34.407,2025-12-27 14:44:34.417,2025-03-22 00:00:00.000,2024-03-22 00:00:00.000,00,30,NULL,1287376129,0,0,0,0,0,356,0,0,356,0,0,356,0,0,0,0,0,0,0,0,356,"<?xml version=""1.0"" encoding=""ISO-8859-1""?><IccData><IccRequest><AmountAuthorized>000000000000</AmountAuthorized><AmountOther>000000000000</AmountOther><ApplicationIdentifier>A0000005241010</ApplicationIdentifier><ApplicationInterchangeProfile>1900</ApplicationInterchangeProfile><ApplicationTransactionCounter>0002</ApplicationTransactionCounter><Cryptogram>E0F34E0CFC22562E</Cryptogram><CryptogramInformationData>80</CryptogramInformationData><CvmResults>1F0302</CvmResults><InterfaceDeviceSerialNumber>14943345</InterfaceDeviceSerialNumber><IssuerApplicationData>0FB501A4000000801400000000000000000000000000000000FF019100000000</IssuerApplicationData><TerminalApplicationVersionNumber>0002</TerminalApplicationVersionNumber><TerminalCapabilities>E068C8</TerminalCapabilities><TerminalCountryCode>356</TerminalCountryCode><TerminalType>92</TerminalType><TerminalVerificationResult>0000008000</TerminalVerificationResult><TransactionCurrencyCode>356</TransactionCurrencyCode><TransactionDate>251227</TransactionDate><TransactionSequenceCounter>00050854</TransactionSequenceCounter><TransactionType>29</TransactionType><UnpredictableNumber>E8C15A5E</UnpredictableNumber></IccRequest></IccData>","<?xml version=""1.0"" encoding=""ISO-8859-1""?><IccData><IccResponse><ApplicationTransactionCounter>0002</ApplicationTransactionCounter><IssuerAuthenticationData>4722E7EE80C44000FFFE000000005000</IssuerAuthenticationData><PostilionPrivateIccResponseData><ResponseCode>00</ResponseCode></PostilionPrivateIccResponseData></IccResponse></IccData>",071,00,NULL,215DF16_SERVICE_ID14FF01218Postilion:MetaData3267215DF16_SERVICE_ID111217Bck37|22|13|12|13111211service_bal111221IssuerProprietaryData111212BalUpdateRRN111214Bck37|22|13|12111217BalUpdateDateTime111220UpdateOfflineBalance111228DF15_SERVICE_MANAGEMENT_INFO111215OfflineAmountCr111210global_bal11113RFU11118Auto_Bal111217Bck37|22|13|12|132168180745051839699211service_bal212000000000000221IssuerProprietaryData216FFFE000000005000212BalUpdateRRN212536114225001214Bck37|22|13|12252536114373364|071|1227|144433|144433|8180745051839699217BalUpdateDateTime2101227144428220UpdateOfflineBalance111228DF15_SERVICE_MANAGEMENT_INFO149100215OfflineAmountCr12CR210global_bal21200000000000013RFU14000018Auto_Bal145000,215DF16_SERVICE_ID14FF01218Postilion:MetaData3275215DF16_SERVICE_ID111217Bck37|22|13|12|13111211service_bal111221IssuerProprietaryData111212BalUpdateRRN111214Bck37|22|13|12111217BalUpdateDateTime111220UpdateOfflineBalance111228DF15_SERVICE_MANAGEMENT_INFO111215OfflineAmountCr11113CRN111210global_bal11113RFU11118Auto_Bal111217Bck37|22|13|12|132168180745051839699211service_bal212000000000000221IssuerProprietaryData216FFFE000000005000212BalUpdateRRN212536114225001214Bck37|22|13|12252536114373364|071|1227|144433|144433|8180745051839699217BalUpdateDateTime2101227144428220UpdateOfflineBalance111228DF15_SERVICE_MANAGEMENT_INFO149100215OfflineAmountCr12CR13CRN2191000000000006137711210global_bal21200000000000013RFU14000018Auto_Bal145000,0,0,NULL,NULL,NULL,NULL,NULL,NULL,NULL,NULL,X,3,NULL,NULL,NULL,NULL,13733641227144433,3,00356         356,NULL,1,0,NULL,NULL,NULL,NULL,NULL,NULL,NULL,ACQPOSAIRTEL,0,818074******9699,000,3011,620,6P455542,NULL,5PT000001069854,5PT000001069854,4814,Airtel Payments Bank LiGurgaon      HRIN,NULL,NULL,NULL,AIRTEL_TG,AIRTEL CARDS,8,1,0,1,0,1,7,0,1,3,4,3,0,01,996900000,01G1079MKPDSSHU8QA,029C54E137A0380A104120E750EBEB56391F321ED6,6P455542,NULL,NULL,NULL,NULL,NULL,NULL,NULL,NULL,NULL,NULL,NULL,NULL,NULL,NULL,NULL,,,,,,,,,,,,,,,,,,,,,,,,,,,,,,,,,
4963852034,2530640626,1898855,0,NULL,NULL,ISSAIRTEL,0,0220,00,2504922109,107407,00,00,NULL,NULL,0,0,NULL,720532,1006,NULL,004778107407,2025-12-27 14:44:34.000,2025-12-25 09:26:31.000,2025-12-27 14:44:34.413,2025-12-27 14:44:34.527,2025-03-22 00:00:00.000,2024-03-22 00:00:00.000,30,00,1285033986,NULL,3870,3870,-3870,0,0,356,0,0,356,0,0,356,3870,3870,0,0,0,0,0,0,356,"<?xml version=""1.0"" encoding=""ISO-8859-1""?><IccData><IccRequest><AmountAuthorized>000000003870</AmountAuthorized><AmountOther>000000000000</AmountOther><ApplicationInterchangeProfile>1900</ApplicationInterchangeProfile><ApplicationTransactionCounter>01C8</ApplicationTransactionCounter><Cryptogram>130367639DB7A54D</Cryptogram><CryptogramInformationData>40</CryptogramInformationData><IssuerApplicationData>0FB50194000000201400000000000176730000000215430000</IssuerApplicationData><TerminalCapabilities>000808</TerminalCapabilities><TerminalCountryCode>356</TerminalCountryCode><TerminalVerificationResult>0000000000</TerminalVerificationResult><TransactionCurrencyCode>356</TransactionCurrencyCode><TransactionType>00</TransactionType><UnpredictableNumber>686F06AE</UnpredictableNumber></IccRequest></IccData>","<?xml version=""1.0"" encoding=""ISO-8859-1""?><IccData><IccResponse/></IccData>",070,00,NULL,218Postilion:MetaData281213RGCS_FileName11113CRN111226Postilion:ActiveActiveData111216txnlocaldatetime111213RGCS_FileName221052AIRP7530006253600013CRN2191000000000005058667226Postilion:ActiveActiveData242223PostCard:PostedDateTime2131766826874000216txnlocaldatetime212251225092631,"218Postilion:MetaData3113213RGCS_FileName11113CRN111226Postilion:ValidationResult111226Postilion:ActiveActiveData111216txnlocaldatetime111213RGCS_FileName221052AIRP7530006253600013CRN2191000000000005058667226Postilion:ValidationResult3301<ValidationResult><Result validator=""PC_CVR"">PASS</Result><Result validator=""PC_ATC"">SKIP</Result><Result validator=""PC_TVR"">PASS</Result><Result validator=""PC_PIN_INTEGRITY"">SKIP</Result><Result validator=""PC_CARD_STATE"">PASS</Result><Result validator=""PC_CRYPTOGRAM"">FAIL</Result></ValidationResult>226Postilion:ActiveActiveData242223PostCard:PostedDateTime2131766826874000216txnlocaldatetime212251225092631",0,0,NULL,NULL,NULL,NULL,NULL,NULL,NULL,NULL,NULL,3,NULL,NULL,10010,NULL,0220:107407:1225092631:134781807,3,NULL,NULL,NULL,NULL,NULL,NULL,NULL,NULL,NULL,NULL,NULL,ACQAPIAIRTEL,0,818074******1347,000,NULL,NULL,5P951011,NULL,5PT000000731774,5PT000000731774,4111,Delhi Metro Rail Cor   New Delhi    DLIN,NULL,NULL,NULL,DebitGroup,DefaultCard,1,5,3,2,2,0,3,7,2,7,3,7,3,00,743100000,01G106IVA4CI584LNF,02DF18469E51BA5A23D6BC10F1908BDB04BEE08A39,5P951011,NULL,NULL,NULL,NULL,NULL,NULL,NULL,NULL,NULL,NULL,NULL,NULL,NULL,NULL,NULL,,,,,,,,,,,,,,,,,,,,,,,,,,,,,,,,,
4963852035,2530640624,1869428,750,NULL,NULL,ISSWLAATM3,1,0200,01,2504922107,839683,NULL,55,NULL,NULL,1,1,NULL,811464,1510,WLA     ,002504922107,2025-12-27 09:14:34.000,2025-12-27 14:44:34.000,2025-12-27 14:44:34.340,2025-12-27 14:44:34.547,2025-12-27 00:00:00.000,2025-12-27 00:00:00.000,10,00,NULL,NULL,1000000,0,0,1000000,0,356,0,0,356,0,0,356,1000000,0,1000000,0,0,0,0,0,356,"<?xml version=""1.0"" encoding=""ISO-8859-1""?><IccData><IccRequest><AmountAuthorized>000001000000</AmountAuthorized><AmountOther>000000000000</AmountOther><ApplicationIdentifier>A0000005241010</ApplicationIdentifier><ApplicationInterchangeProfile>1900</ApplicationInterchangeProfile><ApplicationTransactionCounter>008D</ApplicationTransactionCounter><ChipConditionCode>0</ChipConditionCode><Cryptogram>259016C0534F8501</Cryptogram><CryptogramInformationData>80</CryptogramInformationData><CvmResults>420300</CvmResults><InterfaceDeviceSerialNumber>60812387</InterfaceDeviceSerialNumber><IssuerApplicationData>0FB511A000000000000000000000000000000000000000000000000000000000</IssuerApplicationData><TerminalCapabilities>604000</TerminalCapabilities><TerminalCountryCode>356</TerminalCountryCode><TerminalType>14</TerminalType><TerminalVerificationResult>8080048000</TerminalVerificationResult><TransactionCurrencyCode>356</TransactionCurrencyCode><TransactionDate>251227</TransactionDate><TransactionType>01</TransactionType><UnpredictableNumber>535BC220</UnpredictableNumber></IccRequest></IccData>","<?xml version=""1.0"" encoding=""ISO-8859-1""?><IccData><IccResponse><IssuerAuthenticationData>92EB332A800000000004</IssuerAuthenticationData></IccResponse></IccData>",051,00,NULL,211MediaTotals3123<MediaTotals><Totals><Amount>112700000</Amount><Currency>356</Currency><MediaClass>Cash</MediaClass></Totals></MediaTotals>218Postilion:MetaData3107211MediaTotals111212MediaBatchNr111223ICC_DEDICATED_FILE_NAME111217AdditionalEmvTags111214AdditionalInfo111212MediaBatchNr1842416863223ICC_DEDICATED_FILE_NAME214A0000005241010217AdditionalEmvTags3569<AdditionalEmvTags><EmvTag><TagId>50</TagId><TagValue>5275506179204465626974</TagValue></EmvTag><EmvTag><TagId>9F21</TagId><TagValue>144304</TagValue></EmvTag><EmvTag><TagId>9F12</TagId><TagValue>5275506179204465626974</TagValue></EmvTag><EmvTag><TagId>5F34</TagId><TagValue>01</TagValue></EmvTag><EmvTag><TagId>9F40</TagId><TagValue>EE00B053FF</TagValue></EmvTag><EmvTag><TagId>87</TagId><TagValue>01</TagValue></EmvTag><EmvTag><TagId>84</TagId><TagValue>A0000005241010</TagValue></EmvTag><EmvTag><TagId>9B</TagId><TagValue>6800</TagValue></EmvTag></AdditionalEmvTags>214AdditionalInfo3257<AdditionalInfo><Transaction><OpCode>A  B  DA</OpCode></Transaction><Download><ATMConfigID>0011</ATMConfigID><AtmAppConfigID>0011</AtmAppConfigID><LoadsetGroup>English\Hindi_NEW</LoadsetGroup><DownloadApp>AppWLA_EMV</DownloadApp></Download></AdditionalInfo>,218Postilion:MetaData21217NFS_RRN11117NFS_RRN212536114839683,0,0,NULL,NULL,NULL,NULL,1,0,NULL,NULL,NULL,3,70,70,NULL,1,MPB007830006985121444341227,3,01911251309   356,NULL,0,0,NULL,NULL,NULL,NULL,NULL,NULL,NULL,AAPWLA3,0,508552******1466,001,2602,620,MPB00783,HITACHI_WLA3,MPB00783       ,MPB00783       ,6011,NEAR BANK OF BARODA    BUDHANA      UPIN,NULL,NULL,NULL,NFSWLATG,NFSWLA,8,1,0,2,0,1,5,1,3,3,4,6,0,02,664100000,01G107TF6AVKS8J6K1,02CD687FE2375C1DB6162F30D325AFAF6A8EA06C53,MPB00783,NULL,NULL,NULL,NULL,NULL,NULL,NULL,NULL,NULL,NULL,NULL,NULL,NULL,NULL,NULL,,,,,,,,,,,,,,,,,,,,,,,,,,,,,,,,,
4963852036,2530640627,1898855,0,NULL,NULL,ISSAIRTEL,0,0220,00,2504922110,034382,00,00,NULL,NULL,0,0,NULL,720532,1006,NULL,004778034382,2025-12-27 14:44:34.000,2025-12-25 06:34:15.000,2025-12-27 14:44:34.613,2025-12-27 14:44:34.760,2025-03-22 00:00:00.000,2024-03-22 00:00:00.000,30,00,1115015560,NULL,3440,3440,-3440,0,0,356,0,0,356,0,0,356,3440,3440,0,0,0,0,0,0,356,"<?xml version=""1.0"" encoding=""ISO-8859-1""?><IccData><IccRequest><AmountAuthorized>000000003440</AmountAuthorized><AmountOther>000000000000</AmountOther><ApplicationInterchangeProfile>1900</ApplicationInterchangeProfile><ApplicationTransactionCounter>038C</ApplicationTransactionCounter><Cryptogram>7BBA7E3D627AD56F</Cryptogram><CryptogramInformationData>40</CryptogramInformationData><IssuerApplicationData>0FB50194000000201400000000000176900000000211300000</IssuerApplicationData><TerminalCapabilities>000808</TerminalCapabilities><TerminalCountryCode>356</TerminalCountryCode><TerminalVerificationResult>0000000000</TerminalVerificationResult><TransactionCurrencyCode>356</TransactionCurrencyCode><TransactionType>00</TransactionType><UnpredictableNumber>64ED76E5</UnpredictableNumber></IccRequest></IccData>","<?xml version=""1.0"" encoding=""ISO-8859-1""?><IccData><IccResponse/></IccData>",070,00,NULL,218Postilion:MetaData281213RGCS_FileName11113CRN111226Postilion:ActiveActiveData111216txnlocaldatetime111213RGCS_FileName221052AIRP7530006253600013CRN2191000000000003246682226Postilion:ActiveActiveData242223PostCard:PostedDateTime2131766826874000216txnlocaldatetime212251225063415,"218Postilion:MetaData3113213RGCS_FileName11113CRN111226Postilion:ValidationResult111226Postilion:ActiveActiveData111216txnlocaldatetime111213RGCS_FileName221052AIRP7530006253600013CRN2191000000000003246682226Postilion:ValidationResult3301<ValidationResult><Result validator=""PC_CVR"">PASS</Result><Result validator=""PC_ATC"">SKIP</Result><Result validator=""PC_TVR"">PASS</Result><Result validator=""PC_PIN_INTEGRITY"">SKIP</Result><Result validator=""PC_CARD_STATE"">PASS</Result><Result validator=""PC_CRYPTOGRAM"">FAIL</Result></ValidationResult>226Postilion:ActiveActiveData242223PostCard:PostedDateTime2131766826874000216txnlocaldatetime212251225063415",0,0,NULL,NULL,NULL,NULL,NULL,NULL,NULL,NULL,NULL,3,NULL,NULL,10010,NULL,0220:034382:1225063415:060181807,3,NULL,NULL,NULL,NULL,NULL,NULL,NULL,NULL,NULL,NULL,NULL,ACQAPIAIRTEL,0,818074******0601,000,NULL,NULL,5P950612,NULL,5PT000000731774,5PT000000731774,4111,Delhi Metro Rail Cor   New Delhi    DLIN,NULL,NULL,NULL,DebitGroup,DefaultCard,1,5,3,2,2,0,3,7,2,7,3,7,3,00,106000000,01G101I8NFC7SARKT6,027D24002A632C2FE316A61286AAB7FF2B8E47FD58,5P950612,NULL,NULL,NULL,NULL,NULL,NULL,NULL,NULL,NULL,NULL,NULL,NULL,NULL,NULL,NULL,,,,,,,,,,,,,,,,,,,,,,,,,,,,,,,,,
4963852037,2530640628,1981977,404,NULL,NULL,ISSAIRTEL,0,0100,21,2504922111,373381,NULL,00,NULL,606299,1,1,NULL,720532,NULL,NULL,536114373381,2025-12-27 09:14:32.000,2025-12-27 14:44:32.000,2025-12-27 14:44:34.770,2025-12-27 14:44:35.220,2025-12-27 00:00:00.000,2025-12-27 00:00:00.000,00,30,NULL,1109460831,20000,20000,0,0,0,356,0,0,356,0,0,356,20000,20000,0,0,0,0,0,0,356,"<?xml version=""1.0"" encoding=""ISO-8859-1""?><IccData><IccRequest><AmountAuthorized>000000020000</AmountAuthorized><AmountOther>000000000000</AmountOther><ApplicationIdentifier>A0000005241010</ApplicationIdentifier><ApplicationInterchangeProfile>1900</ApplicationInterchangeProfile><ApplicationTransactionCounter>0049</ApplicationTransactionCounter><Cryptogram>DC4FB71CE1678707</Cryptogram><CryptogramInformationData>80</CryptogramInformationData><CvmResults>1F0302</CvmResults><IssuerApplicationData>0FB501A4000000001400000000000022200000000022200000FF019100000000</IssuerApplicationData><TerminalApplicationVersionNumber>0002</TerminalApplicationVersionNumber><TerminalCapabilities>E06848</TerminalCapabilities><TerminalCountryCode>356</TerminalCountryCode><TerminalType>97</TerminalType><TerminalVerificationResult>0000008000</TerminalVerificationResult><TransactionCurrencyCode>356</TransactionCurrencyCode><TransactionDate>251227</TransactionDate><TransactionType>28</TransactionType><UnpredictableNumber>0CD4B18B</UnpredictableNumber></IccRequest></IccData>","<?xml version=""1.0"" encoding=""ISO-8859-1""?><IccData><IccResponse><ApplicationTransactionCounter>0049</ApplicationTransactionCounter><IssuerAuthenticationData>F7FF606880C44000FFFE000000020000</IssuerAuthenticationData><PostilionPrivateIccResponseData><ResponseCode>00</ResponseCode></PostilionPrivateIccResponseData></IccResponse></IccData>",072,02,NULL,215DF16_SERVICE_ID14FF01218Postilion:MetaData3238215DF16_SERVICE_ID111211service_bal111221IssuerProprietaryData111214Bck37|22|13|12111228DF15_SERVICE_MANAGEMENT_INFO111220UpdateOfflineBalance111215OfflineAmountCr111214Source_of_fund111210global_bal11113RFU111222Transaction_Identifier111211service_bal212000000002220221IssuerProprietaryData216FFFE000000020000214Bck37|22|13|12245536114373381|072|1227|144432|8180745000056585228DF15_SERVICE_MANAGEMENT_INFO149100220UpdateOfflineBalance111215OfflineAmountCr12CR214Source_of_fund1202210global_bal21200000000222013RFU140000222Transaction_Identifier14FF01,215DF16_SERVICE_ID14FF01218Postilion:MetaData3246215DF16_SERVICE_ID111211service_bal111221IssuerProprietaryData111214Bck37|22|13|12111228DF15_SERVICE_MANAGEMENT_INFO111220UpdateOfflineBalance111215OfflineAmountCr111214Source_of_fund11113CRN111210global_bal11113RFU111222Transaction_Identifier111211service_bal212000000002220221IssuerProprietaryData216FFFE000000020000214Bck37|22|13|12245536114373381|072|1227|144432|8180745000056585228DF15_SERVICE_MANAGEMENT_INFO149100220UpdateOfflineBalance111215OfflineAmountCr12CR214Source_of_fund120213CRN2191000000000000142600210global_bal21200000000222013RFU140000222Transaction_Identifier14FF01,0,0,NULL,NULL,NULL,NULL,NULL,NULL,NULL,NULL,X,3,NULL,NULL,NULL,NULL,13733811227144432,3,00356         356,NULL,1,0,NULL,NULL,NULL,NULL,NULL,NULL,NULL,ACQPOSAIRTEL,0,818074******6585,000,2905,620,5P951313,NULL,5PT000000731774,5PT000000731774,4111,Delhi Metro Rail CorporNew Delhi    DLIN,NULL,NULL,NULL,AIRTEL_TG,AIRTEL CARDS,8,1,0,1,0,1,7,0,1,3,4,3,0,01,585600000,01G10FL12KHT39GULM,02F88537B66999B62093B52BC344DFC734AB0F99A0,5P951313,NULL,NULL,NULL,NULL,NULL,NULL,NULL,NULL,NULL,NULL,NULL,NULL,NULL,NULL,NULL,,,,,,,,,,,,,,,,,,,,,,,,,,,,,,,,,
